
CH32H417_Logic_Analyzer_V3F.elf:     file format elf32-littleriscv
CH32H417_Logic_Analyzer_V3F.elf
architecture: riscv:rv32, flags 0x00000112:
EXEC_P, HAS_SYMS, D_PAGED
start address 0x00006000

Program Header:
0x70000003 off    0x00017dd7 vaddr 0x00000000 paddr 0x00000000 align 2**0
         filesz 0x00000056 memsz 0x00000000 flags r--
    LOAD off    0x00001000 vaddr 0x00006000 paddr 0x00006000 align 2**12
         filesz 0x00002938 memsz 0x00002938 flags r-x
    LOAD off    0x00004200 vaddr 0x200c0200 paddr 0x00008938 align 2**12
         filesz 0x0000010c memsz 0x00000138 flags rw-
    LOAD off    0x00000600 vaddr 0x200c0600 paddr 0x200c0600 align 2**12
         filesz 0x00000000 memsz 0x00000400 flags rw-

Sections:
Idx Name          Size      VMA       LMA       File off  Algn
  0 .init         00000008  00006000  00006000  00001000  2**2
                  CONTENTS, ALLOC, LOAD, READONLY, CODE
  1 .loadcodelalign 00000000  00006008  00006008  0000430c  2**0
                  CONTENTS
  2 .loadcode     000000e8  00006008  00006008  00001008  2**1
                  CONTENTS, ALLOC, LOAD, READONLY, CODE
  3 .highcodelalign 00000000  000060f0  000060f0  0000430c  2**0
                  CONTENTS
  4 .highcode     000027c8  000060f0  000060f0  000010f0  2**2
                  CONTENTS, ALLOC, LOAD, READONLY, CODE
  5 .text         00000080  000088b8  000088b8  000038b8  2**1
                  CONTENTS, ALLOC, LOAD, READONLY, CODE
  6 .highcodelalign1 00000000  00008938  00008938  0000430c  2**0
                  CONTENTS
  7 .fini         00000000  00008938  00008938  0000430c  2**0
                  CONTENTS, ALLOC, LOAD, CODE
  8 .dtors        00000000  00008938  00008938  0000430c  2**0
                  CONTENTS
  9 .dalign       00000000  200c0200  200c0200  0000430c  2**0
                  CONTENTS
 10 .dlalign      00000000  00008938  00008938  0000430c  2**0
                  CONTENTS
 11 .data         0000010c  200c0200  00008938  00004200  2**2
                  CONTENTS, ALLOC, LOAD, DATA
 12 .bss          0000002c  200c030c  00008a44  0000430c  2**2
                  ALLOC
 13 .stack        00000400  200c0600  200c0600  00004600  2**0
                  ALLOC
 14 .debug_info   00005ff5  00000000  00000000  0000430c  2**0
                  CONTENTS, READONLY, DEBUGGING, OCTETS
 15 .debug_abbrev 0000180c  00000000  00000000  0000a301  2**0
                  CONTENTS, READONLY, DEBUGGING, OCTETS
 16 .debug_aranges 00000798  00000000  00000000  0000bb10  2**3
                  CONTENTS, READONLY, DEBUGGING, OCTETS
 17 .debug_rnglists 0000085d  00000000  00000000  0000c2a8  2**0
                  CONTENTS, READONLY, DEBUGGING, OCTETS
 18 .debug_line   00008741  00000000  00000000  0000cb05  2**0
                  CONTENTS, READONLY, DEBUGGING, OCTETS
 19 .debug_str    000020e2  00000000  00000000  00015246  2**0
                  CONTENTS, READONLY, DEBUGGING, OCTETS
 20 .debug_line_str 00000a7e  00000000  00000000  00017328  2**0
                  CONTENTS, READONLY, DEBUGGING, OCTETS
 21 .comment      00000031  00000000  00000000  00017da6  2**0
                  CONTENTS, READONLY
 22 .riscv.attributes 00000056  00000000  00000000  00017dd7  2**0
                  CONTENTS, READONLY
 23 .debug_frame  00000f5c  00000000  00000000  00017e30  2**2
                  CONTENTS, READONLY, DEBUGGING, OCTETS
 24 .debug_loclists 00002869  00000000  00000000  00018d8c  2**0
                  CONTENTS, READONLY, DEBUGGING, OCTETS
SYMBOL TABLE:
00006000 l    d  .init	00000000 .init
00006008 l    d  .loadcodelalign	00000000 .loadcodelalign
00006008 l    d  .loadcode	00000000 .loadcode
000060f0 l    d  .highcodelalign	00000000 .highcodelalign
000060f0 l    d  .highcode	00000000 .highcode
000088b8 l    d  .text	00000000 .text
00008938 l    d  .highcodelalign1	00000000 .highcodelalign1
00008938 l    d  .fini	00000000 .fini
00008938 l    d  .dtors	00000000 .dtors
200c0200 l    d  .dalign	00000000 .dalign
00008938 l    d  .dlalign	00000000 .dlalign
200c0200 l    d  .data	00000000 .data
200c030c l    d  .bss	00000000 .bss
200c0600 l    d  .stack	00000000 .stack
00000000 l    d  .debug_info	00000000 .debug_info
00000000 l    d  .debug_abbrev	00000000 .debug_abbrev
00000000 l    d  .debug_aranges	00000000 .debug_aranges
00000000 l    d  .debug_rnglists	00000000 .debug_rnglists
00000000 l    d  .debug_line	00000000 .debug_line
00000000 l    d  .debug_str	00000000 .debug_str
00000000 l    d  .debug_line_str	00000000 .debug_line_str
00000000 l    d  .comment	00000000 .comment
00000000 l    d  .riscv.attributes	00000000 .riscv.attributes
00000000 l    d  .debug_frame	00000000 .debug_frame
00000000 l    d  .debug_loclists	00000000 .debug_loclists
00000000 l    df *ABS*	00000000 startup_ch32h417_v3f.o
000060f0 l       .highcode	00000000 _vector_base
00006008 l       .loadcode	00000000 _load_base
00008926 l       .text	00000000 BP
00000000 l    df *ABS*	00000000 save-restore.o
00000000 l    df *ABS*	00000000 lib_a-memset.o
00000000 l    df *ABS*	00000000 ch32h417_it.c
00000000 l    df *ABS*	00000000 main.c
00000000 l    df *ABS*	00000000 system_ch32h417.c
200c0220 l     O .data	00000020 PLLMULTB
200c0210 l     O .data	00000010 HBPrescTB
200c02e0 l     O .data	00000004 FPRETB
200c0200 l     O .data	00000010 SERDESPLLMULTB
00000000 l    df *ABS*	00000000 ch32h417_flash.c
00000000 l    df *ABS*	00000000 ch32h417_gpio.c
00000000 l    df *ABS*	00000000 ch32h417_pwr.c
00000000 l    df *ABS*	00000000 ch32h417_rcc.c
200c0260 l     O .data	00000020 PLLMULTable
200c0250 l     O .data	00000010 HBPrescTable
200c02f8 l     O .data	00000004 FPRETable
200c0240 l     O .data	00000010 SERDESPLLMULTable
200c02f0 l     O .data	00000008 PPRE2Table
200c02ec l     O .data	00000004 ADCPRETable
00000000 l    df *ABS*	00000000 ch32h417_usart.c
00000000 l    df *ABS*	00000000 debug.c
200c031c l     O .bss	00000002 p_us
200c0318 l     O .bss	00000004 p_ms
200c02fc l     O .data	00000004 curbrk.0
00000000 l    df *ABS*	00000000 _udivdi3.o
00000000 l    df *ABS*	00000000 lib_a-printf.o
00000000 l    df *ABS*	00000000 lib_a-puts.o
00000000 l    df *ABS*	00000000 lib_a-wbuf.o
00000000 l    df *ABS*	00000000 lib_a-wsetup.o
00000000 l    df *ABS*	00000000 lib_a-fflush.o
00000000 l    df *ABS*	00000000 lib_a-findfp.o
000078a6 l     F .highcode	00000066 std
00000000 l    df *ABS*	00000000 lib_a-fwalk.o
00000000 l    df *ABS*	00000000 lib_a-lock.o
00000000 l    df *ABS*	00000000 lib_a-makebuf.o
00000000 l    df *ABS*	00000000 lib_a-nano-freer.o
00000000 l    df *ABS*	00000000 lib_a-nano-mallocr.o
00007c78 l     F .highcode	00000054 sbrk_aligned
00000000 l    df *ABS*	00000000 lib_a-nano-vfprintf.o
00007dce l     F .highcode	00000028 __sfputc_r
00000000 l    df *ABS*	00000000 lib_a-sbrkr.o
00000000 l    df *ABS*	00000000 lib_a-stdio.o
00000000 l    df *ABS*	00000000 lib_a-writer.o
00000000 l    df *ABS*	00000000 lib_a-closer.o
00000000 l    df *ABS*	00000000 lib_a-fstatr.o
00000000 l    df *ABS*	00000000 lib_a-isattyr.o
00000000 l    df *ABS*	00000000 lib_a-lseekr.o
00000000 l    df *ABS*	00000000 lib_a-memchr.o
00000000 l    df *ABS*	00000000 lib_a-mlock.o
00000000 l    df *ABS*	00000000 lib_a-nano-vfprintf_i.o
00000000 l    df *ABS*	00000000 lib_a-readr.o
00000000 l    df *ABS*	00000000 close.o
00000000 l    df *ABS*	00000000 fstat.o
00000000 l    df *ABS*	00000000 isatty.o
00000000 l    df *ABS*	00000000 lseek.o
00000000 l    df *ABS*	00000000 read.o
00000000 l    df *ABS*	00000000 lib_a-impure.o
200c0280 l     O .data	00000060 impure_data
00000000 l    df *ABS*	00000000 ch32h417_exti.c
00000000 l    df *ABS*	00000000 core_riscv.c
0000674a  w      .highcode	00000000 TIM8_TRG_COM_IRQHandler
0000674a  w      .highcode	00000000 TIM8_CC_IRQHandler
0000674a  w      .highcode	00000000 USART_WKUP_IRQHandler
0000822c g     F .highcode	00000026 _isatty_r
00007438 g     F .highcode	00000104 _puts_r
00008252 g     F .highcode	0000002a _lseek_r
0000686c g     F .highcode	000001e8 GPIO_PinAFConfig
0000674a  w      .highcode	00000000 SPI4_IRQHandler
0000674a  w      .highcode	00000000 DFSDM0_IRQHandler
000073fe g     F .highcode	0000003a printf
200c0ae0 g       .data	00000000 __global_pointer$
0000634c g     F .highcode	00000028 .hidden __riscv_save_8
0000674a  w      .highcode	00000000 TIM1_CC_IRQHandler
0000817e g     F .highcode	0000002e __sseek
00007974 g     F .highcode	00000068 __sinit
00007544 g     F .highcode	000000bc __swbuf_r
000063b6 g     F .highcode	00000010 HardFault_Handler
0000674a  w      .highcode	00000000 TIM10_IRQHandler
00007916 g     F .highcode	00000046 __sfmoreglue
0000829c g     F .highcode	00000008 __malloc_unlock
0000674a  w      .highcode	00000000 IPC_CH2_Handler
0000674a  w      .highcode	00000000 USBPD_IRQHandler
00006398 g     F .highcode	0000000c .hidden __riscv_restore_3
0000674a  w      .highcode	00000000 TIM6_IRQHandler
0000674a  w      .highcode	00000000 I3C_ER_IRQHandler
0000674a  w      .highcode	00000000 SDIO_IRQHandler
00006384 g     F .highcode	00000020 .hidden __riscv_restore_10
0000674a  w      .highcode	00000000 DMA2_Channel8_IRQHandler
000063b4 g     F .highcode	00000002 NMI_Handler
0000674a  w      .highcode	00000000 HSEM_Handler
0000634c g     F .highcode	00000028 .hidden __riscv_save_11
0000674a  w      .highcode	00000000 USBHS_IRQHandler
0000674a  w      .highcode	00000000 LPTIM2_IRQHandler
00006f7c g     F .highcode	0000000a USART_GetFlagStatus
00008204 g     F .highcode	00000028 _fstat_r
200c0334 g     O .bss	00000004 errno
200c030c g       .bss	00000000 _sbss
00000400 g       *ABS*	00000000 __stack_size
00006fa8 g     F .highcode	00000060 USART_Printf_Init
0000674a  w      .highcode	00000000 USBFSWakeup_IRQHandler
0000674a  w      .highcode	00000000 I2C3_ER_IRQHandler
0000674a  w      .highcode	00000000 USBFS_IRQHandler
00006398 g     F .highcode	0000000c .hidden __riscv_restore_2
0000674a  w      .highcode	00000000 USART8_IRQHandler
0000790c g     F .highcode	0000000a _cleanup_r
0000674a  w      .highcode	00000000 I2C2_EV_IRQHandler
0000753c g     F .highcode	00000008 puts
0000674a  w      .highcode	00000000 CAN1_RX0_IRQHandler
0000674c g     F .highcode	00000036 FLASH_BOOT_GetMode
200c02e4 g     O .data	00000004 SystemCoreClock
0000674a  w      .highcode	00000000 CAN3_SCE_IRQHandler
0000865c g     F .highcode	0000000c _fstat
00006008 g       .init	00000000 _einit
00006344 g     F .highcode	00000030 .hidden __riscv_save_12
0000674a  w      .highcode	00000000 CAN2_SCE_IRQHandler
0000674a  w      .highcode	00000000 ADC1_2_IRQHandler
0000678c g     F .highcode	000000e0 GPIO_Init
0000674a  w      .highcode	00000000 Break_Point_Handler
0000674a  w      .highcode	00000000 IPC_CH0_Handler
00006384 g     F .highcode	00000020 .hidden __riscv_restore_11
0000674a  w      .highcode	00000000 SPI1_IRQHandler
0000674a  w      .highcode	00000000 USART5_IRQHandler
00006f60 g     F .highcode	00000014 USART_Cmd
000080e6 g     F .highcode	00000028 _sbrk_r
00006374 g     F .highcode	0000000c .hidden __riscv_save_1
200c0310 g     O .bss	00000004 WFE_WkupSource
00006782 g     F .highcode	0000000a FLASH_GetUserOptionByte
00006398 g     F .highcode	0000000c .hidden __riscv_restore_0
0000674a  w      .highcode	00000000 SysTick0_Handler
0000674a  w      .highcode	00000000 EXTI7_0_IRQHandler
00008626 g     F .highcode	0000002a _read_r
0000635a g     F .highcode	0000001a .hidden __riscv_save_7
0000674a  w      .highcode	00000000 CAN2_RX0_IRQHandler
200c0314 g     O .bss	00000004 WFE_MASK
0000674a  w      .highcode	00000000 TIM8_UP_IRQHandler
0000674a  w      .highcode	00000000 Ecall_M_Mode_Handler
0000674a  w      .highcode	00000000 ECDC_IRQHandler
0000674a  w      .highcode	00000000 SDMMC_IRQHandler
200c0600 g       .stack	00000000 _heap_end
00008668 g     F .highcode	0000000c _isatty
200c0328 g     O .bss	00000001 __lock___sinit_recursive_mutex
200c0308 g     O .data	00000004 _global_impure_ptr
0000638e g     F .highcode	00000016 .hidden __riscv_restore_5
0000674a  w      .highcode	00000000 USART7_IRQHandler
0000674a  w      .highcode	00000000 DMA2_Channel2_IRQHandler
00007064 g     F .highcode	0000039a .hidden __udivdi3
0000674a  w      .highcode	00000000 DMA1_Channel4_IRQHandler
00007042 g     F .highcode	00000022 _sbrk
0000674a  w      .highcode	00000000 USART6_IRQHandler
0000674a  w      .highcode	00000000 CAN3_RX0_IRQHandler
00006e9a g     F .highcode	0000001c RCC_HB2PeriphClockCmd
0000674a  w      .highcode	00000000 HSADC_IRQHandler
0000638e g     F .highcode	00000016 .hidden __riscv_restore_6
0000674a  w      .highcode	00000000 USART3_IRQHandler
0000674a  w      .highcode	00000000 RTC_IRQHandler
200c0338 g       .bss	00000000 _ebss
0000674a  w      .highcode	00000000 DMA1_Channel7_IRQHandler
00006f86 g     F .highcode	00000022 Delay_Init
0000674a  w      .highcode	00000000 DVP_IRQHandler
200c0320 g     O .bss	00000001 __lock___malloc_recursive_mutex
0000674a  w      .highcode	00000000 USBSS_IRQHandler
00006a54 g     F .highcode	000001f8 GPIO_IPD_Unused
0000674a  w      .highcode	00000000 SWPMI_IRQHandler
0000674a  w      .highcode	00000000 USBPDWakeUp_IRQHandler
0000674a  w      .highcode	00000000 EXTI15_8_IRQHandler
0000674a  w      .highcode	00000000 TIM4_IRQHandler
0000634c g     F .highcode	00000028 .hidden __riscv_save_9
0000674a  w      .highcode	00000000 DMA2_Channel1_IRQHandler
0000674a  w      .highcode	00000000 SWPMI_WKUP_IRQHandler
000087c4 g     O .highcode	00000020 __sf_fake_stderr
0000635a g     F .highcode	0000001a .hidden __riscv_save_4
0000674a  w      .highcode	00000000 I2C1_EV_IRQHandler
00007aee g     F .highcode	00000002 __retarget_lock_release_recursive
0000674a  w      .highcode	00000000 USBSSWakeup_IRQHandler
0000674a  w      .highcode	00000000 USART4_IRQHandler
00006cf8 g     F .highcode	000001a2 RCC_GetClocksFreq
0000674a  w      .highcode	00000000 DMA1_Channel6_IRQHandler
00007df6 g     F .highcode	00000040 __sfputs_r
0000674a  w      .highcode	00000000 DMA2_Channel4_IRQHandler
0000795c g     F .highcode	00000006 __sfp_lock_acquire
0000827c g     F .highcode	00000018 memchr
00006ed2 g     F .highcode	0000008e USART_Init
00007bda g     F .highcode	0000009e _free_r
0000674a  w      .highcode	00000000 TIM3_IRQHandler
0000674a  w      .highcode	00000000 RCC_IRQHandler
00006374 g     F .highcode	0000000c .hidden __riscv_save_3
0000674a  w      .highcode	00000000 TIM1_TRG_COM_IRQHandler
0000674a  w      .highcode	00000000 DMA1_Channel1_IRQHandler
00006000 g       .init	00000000 _start
0000674a  w      .highcode	00000000 DMA2_Channel7_IRQHandler
00008674 g     F .highcode	0000000c _lseek
00008938 g       .dtors	00000000 _highcode_vma_end1
0000674a  w      .highcode	00000000 QSPI1_IRQHandler
000060f0 g       .highcode	00000000 _highcode_vma_start
0000674a  w      .highcode	00000000 DMA1_Channel8_IRQHandler
0000674a  w      .highcode	00000000 IPC_CH3_Handler
0000674a  w      .highcode	00000000 I3C_EV_IRQHandler
0000674a  w      .highcode	00000000 I3C_WKUP_IRQHandler
0000674a  w      .highcode	00000000 TIM12_IRQHandler
0000674a  w      .highcode	00000000 TIM7_IRQHandler
000081de g     F .highcode	00000026 _close_r
0000674a  w      .highcode	00000000 CAN2_TX_IRQHandler
200c0200 g       .dalign	00000000 _data_vma
0000674a  w      .highcode	00000000 TIM5_IRQHandler
00006eb6 g     F .highcode	0000001c RCC_HB1PeriphClockCmd
0000674a  w      .highcode	00000000 I2C3_EV_IRQHandler
00007600 g     F .highcode	000000ee __swsetup_r
0000674a  w      .highcode	00000000 PIOC_IRQHandler
000079dc g     F .highcode	000000a6 __sfp
0000674a  w      .highcode	00000000 TIM9_IRQHandler
0000796e g     F .highcode	00000006 __sinit_lock_release
0000674a  w      .highcode	00000000 LTDC_IRQHandler
0000674a  w      .highcode	00000000 SAI_IRQHandler
0000634c g     F .highcode	00000028 .hidden __riscv_save_10
0000810e g     F .highcode	0000002a __sread
0000674a  w      .highcode	00000000 ETH_WKUP_IRQHandler
00008294 g     F .highcode	00000008 __malloc_lock
0000638e g     F .highcode	00000016 .hidden __riscv_restore_4
00006384 g     F .highcode	00000020 .hidden __riscv_restore_8
00007820 g     F .highcode	00000086 _fflush_r
0000635a g     F .highcode	0000001a .hidden __riscv_save_6
0000674a  w      .highcode	00000000 SPI2_IRQHandler
00008804 g     O .highcode	00000020 __sf_fake_stdin
200c030c g     O .bss	00000004 HCLKClock
00006c4c g     F .highcode	000000ac PWR_EnterSTOPMode
00007aec g     F .highcode	00000002 __retarget_lock_acquire_recursive
0000674a  w      .highcode	00000000 IPC_CH1_Handler
00008938 g       .highcodelalign1	00000000 _highcode_lma1
000063a4 g     F .highcode	00000010 memset
00006384 g     F .highcode	00000020 .hidden __riscv_restore_9
0000638e g     F .highcode	00000016 .hidden __riscv_restore_7
000063c6 g     F .highcode	00000064 main
0000674a  w      .highcode	00000000 LPTIM1_WKUP_IRQHandler
00007aea g     F .highcode	00000002 __retarget_lock_init_recursive
00008938 g       .fini	00000000 _highcode_vma_start1
0000674a  w      .highcode	00000000 CAN1_TX_IRQHandler
000081ac g     F .highcode	00000006 __sclose
0000674a  w      .highcode	00000000 DMA2_Channel5_IRQHandler
00007ccc g     F .highcode	00000102 _malloc_r
0000674a  w      .highcode	00000000 DMA1_Channel5_IRQHandler
000060f0 g       .loadcode	00000000 _loadcode_vma_end
0000674a  w      .highcode	00000000 QSPI2_IRQHandler
000060f0 g       .highcodelalign	00000000 _highcode_lma
0000642a g     F .highcode	000001b2 SystemInit
0000674a  w      .highcode	00000000 RNG_IRQHandler
000073fe g     F .highcode	0000003a iprintf
000086c4 g     O .highcode	00000100 .hidden __clz_tab
00006000 g       .init	00000000 _sinit
000081b2 g     F .highcode	0000002c _write_r
0000674a  w      .highcode	00000000 DMA1_Channel3_IRQHandler
0000674a  w      .highcode	00000000 ETH_IRQHandler
000082a4 g     F .highcode	0000010a _printf_common
200c0300 g     O .data	00000004 _impure_ptr
0000674a  w      .highcode	00000000 TIM1_UP_IRQHandler
000076ee g     F .highcode	00000132 __sflush_r
0000674a  w      .highcode	00000000 WWDG_IRQHandler
0000674a  w      .highcode	00000000 USBHSWakeup_IRQHandler
0000674a  w      .highcode	00000000 Ecall_U_Mode_Handler
0000674a  w      .highcode	00000000 I2C4_EV_IRQHandler
0000674a  w      .highcode	00000000 CAN3_TX_IRQHandler
0000674a  w      .highcode	00000000 DMA2_Channel6_IRQHandler
0000674a  w      .highcode	00000000 TIM2_IRQHandler
200c0a00 g       .stack	00000000 _eusrstack
00006374 g     F .highcode	0000000c .hidden __riscv_save_2
0000674a  w      .highcode	00000000 SW_Handler
200c02e8 g     O .data	00000004 SystemClock
0000674a  w      .highcode	00000000 TIM1_BRK_IRQHandler
00007af0 g     F .highcode	00000058 __swhatbuf_r
0000674a  w      .highcode	00000000 GPHA_IRQHandler
00006f74 g     F .highcode	00000008 USART_SendData
0000635a g     F .highcode	0000001a .hidden __riscv_save_5
00007008 g     F .highcode	0000003a _write
200c030c g       .data	00000000 _edata
00006008 g       .loadcode	00000000 _loadcode_vma_start
200c0338 g       .bss	00000000 _end
0000674a  w      .highcode	00000000 LPTIM2_WKUP_IRQHandler
000088b8 g       .highcode	00000000 _highcode_vma_end
0000674a  w      .highcode	00000000 RTCAlarm_IRQHandler
0000674a  w      .highcode	00000000 TIM11_IRQHandler
00008938 g       .dlalign	00000000 _data_lma
0000674a  w      .highcode	00000000 USART2_IRQHandler
00008138 g     F .highcode	00000046 __swrite
00006008 g       .loadcodelalign	00000000 _loadcode_lma
0000674a  w      .highcode	00000000 UHSIF_IRQHandler
00007e36 g     F .highcode	000002b0 _vfiprintf_r
00007a82 g     F .highcode	00000068 _fwalk_reent
000065dc g     F .highcode	0000016e SystemAndCoreClockUpdate
0000674a  w      .highcode	00000000 I2C2_ER_IRQHandler
0000674a  w      .highcode	00000000 DMA1_Channel2_IRQHandler
00007962 g     F .highcode	00000006 __sfp_lock_release
000087e4 g     O .highcode	00000020 __sf_fake_stdout
00006380 g     F .highcode	00000024 .hidden __riscv_restore_12
0000674a  w      .highcode	00000000 TIM8_BRK_IRQHandler
00008680 g     F .highcode	0000000c _read
000088b8  w      .text	00000000 handle_reset
0000674a  w      .highcode	00000000 CAN1_SCE_IRQHandler
0000674a  w      .highcode	00000000 FLASH_IRQHandler
00006374 g     F .highcode	0000000c .hidden __riscv_save_0
0000674a  w      .highcode	00000000 USART1_IRQHandler
00007b48 g     F .highcode	00000092 __smakebuf_r
000083ae g     F .highcode	00000278 _printf_i
0000674a  w      .highcode	00000000 SPI3_IRQHandler
200c032c g     O .bss	00000004 __malloc_sbrk_start
0000674a  w      .highcode	00000000 I2C1_ER_IRQHandler
0000674a  w      .highcode	00000000 FMC_IRQHandler
0000674a  w      .highcode	00000000 SysTick1_Handler
200c0330 g     O .bss	00000004 __malloc_free_list
00006398 g     F .highcode	0000000c .hidden __riscv_restore_1
0000674a  w      .highcode	00000000 LPTIM1_IRQHandler
0000674a  w      .highcode	00000000 DFSDM1_IRQHandler
00007e36 g     F .highcode	000002b0 _vfprintf_r
0000674a  w      .highcode	00000000 I2C4_ER_IRQHandler
0000674a  w      .highcode	00000000 SERDES_IRQHandler
0000674a  w      .highcode	00000000 USBSS_LINK_IRQHandler
200c0324 g     O .bss	00000001 __lock___sfp_recursive_mutex
00008650 g     F .highcode	0000000c _close
00007968 g     F .highcode	00000006 __sinit_lock_acquire
0000674a  w      .highcode	00000000 DMA2_Channel3_IRQHandler



Disassembly of section .init:

00006000 <_sinit>:
    6000:	0b90206f          	j	88b8 <_highcode_vma_end>
    6004:	0000                	unimp
	...

Disassembly of section .loadcode:

00006008 <_loadcode_vma_start>:
    6008:	400214b7          	lui	s1,0x40021
    600c:	40e00593          	li	a1,1038
    6010:	c48c                	sw	a1,8(s1)
    6012:	0004a283          	lw	t0,0(s1) # 40021000 <__global_pointer$+0x1ff60520>
    6016:	01000337          	lui	t1,0x1000
    601a:	0062e2b3          	or	t0,t0,t1
    601e:	0054a023          	sw	t0,0(s1)
    6022:	0004a383          	lw	t2,0(s1)
    6026:	02000e37          	lui	t3,0x2000
    602a:	01c3f3b3          	and	t2,t2,t3
    602e:	fe038ae3          	beqz	t2,6022 <_loadcode_vma_start+0x1a>
    6032:	0084ae83          	lw	t4,8(s1)
    6036:	80000f37          	lui	t5,0x80000
    603a:	01eeeeb3          	or	t4,t4,t5
    603e:	01d4a423          	sw	t4,8(s1)
    6042:	4f89                	li	t6,2
    6044:	01f4a223          	sw	t6,4(s1)
    6048:	0044a903          	lw	s2,4(s1)
    604c:	49a1                	li	s3,8
    604e:	01397933          	and	s2,s2,s3
    6052:	fe090be3          	beqz	s2,6048 <_loadcode_vma_start+0x40>
    6056:	00000517          	auipc	a0,0x0
    605a:	09a50513          	addi	a0,a0,154 # 60f0 <_loadcode_vma_end>
    605e:	00000597          	auipc	a1,0x0
    6062:	09258593          	addi	a1,a1,146 # 60f0 <_loadcode_vma_end>
    6066:	00003617          	auipc	a2,0x3
    606a:	85260613          	addi	a2,a2,-1966 # 88b8 <_highcode_vma_end>
    606e:	00c5fa63          	bgeu	a1,a2,6082 <_loadcode_vma_start+0x7a>
    6072:	00052283          	lw	t0,0(a0)
    6076:	0055a023          	sw	t0,0(a1)
    607a:	0511                	addi	a0,a0,4
    607c:	0591                	addi	a1,a1,4
    607e:	fec5eae3          	bltu	a1,a2,6072 <_loadcode_vma_start+0x6a>
    6082:	00003517          	auipc	a0,0x3
    6086:	8b650513          	addi	a0,a0,-1866 # 8938 <_data_lma>
    608a:	00003597          	auipc	a1,0x3
    608e:	8ae58593          	addi	a1,a1,-1874 # 8938 <_data_lma>
    6092:	00003617          	auipc	a2,0x3
    6096:	8a660613          	addi	a2,a2,-1882 # 8938 <_data_lma>
    609a:	00c5fa63          	bgeu	a1,a2,60ae <_loadcode_vma_start+0xa6>
    609e:	00052283          	lw	t0,0(a0)
    60a2:	0055a023          	sw	t0,0(a1)
    60a6:	0511                	addi	a0,a0,4
    60a8:	0591                	addi	a1,a1,4
    60aa:	fec5eae3          	bltu	a1,a2,609e <_loadcode_vma_start+0x96>
    60ae:	00003517          	auipc	a0,0x3
    60b2:	88a50513          	addi	a0,a0,-1910 # 8938 <_data_lma>
    60b6:	200ba597          	auipc	a1,0x200ba
    60ba:	14a58593          	addi	a1,a1,330 # 200c0200 <SERDESPLLMULTB>
    60be:	82c18613          	addi	a2,gp,-2004 # 200c030c <HCLKClock>
    60c2:	00c5fa63          	bgeu	a1,a2,60d6 <_loadcode_vma_start+0xce>
    60c6:	00052283          	lw	t0,0(a0)
    60ca:	0055a023          	sw	t0,0(a1)
    60ce:	0511                	addi	a0,a0,4
    60d0:	0591                	addi	a1,a1,4
    60d2:	fec5eae3          	bltu	a1,a2,60c6 <_loadcode_vma_start+0xbe>
    60d6:	82c18513          	addi	a0,gp,-2004 # 200c030c <HCLKClock>
    60da:	85818593          	addi	a1,gp,-1960 # 200c0338 <_ebss>
    60de:	00b57763          	bgeu	a0,a1,60ec <_loadcode_vma_start+0xe4>
    60e2:	00052023          	sw	zero,0(a0)
    60e6:	0511                	addi	a0,a0,4
    60e8:	feb56de3          	bltu	a0,a1,60e2 <_loadcode_vma_start+0xda>
    60ec:	8082                	ret
	...

Disassembly of section .highcode:

000060f0 <_highcode_vma_start>:
    60f0:	00006000          	.word	0x00006000
    60f4:	00000000          	.word	0x00000000
    60f8:	000063b4          	.word	0x000063b4
    60fc:	000063b6          	.word	0x000063b6
    6100:	00000000          	.word	0x00000000
    6104:	0000674a          	.word	0x0000674a
	...
    6110:	0000674a          	.word	0x0000674a
    6114:	0000674a          	.word	0x0000674a
	...
    6120:	0000674a          	.word	0x0000674a
    6124:	0000674a          	.word	0x0000674a
    6128:	0000674a          	.word	0x0000674a
    612c:	00000000          	.word	0x00000000
    6130:	0000674a          	.word	0x0000674a
    6134:	0000674a          	.word	0x0000674a
    6138:	0000674a          	.word	0x0000674a
    613c:	0000674a          	.word	0x0000674a
	...
    6160:	0000674a          	.word	0x0000674a
	...
    6170:	0000674a          	.word	0x0000674a
    6174:	0000674a          	.word	0x0000674a
    6178:	0000674a          	.word	0x0000674a
    617c:	0000674a          	.word	0x0000674a
    6180:	0000674a          	.word	0x0000674a
    6184:	0000674a          	.word	0x0000674a
    6188:	0000674a          	.word	0x0000674a
    618c:	0000674a          	.word	0x0000674a
    6190:	0000674a          	.word	0x0000674a
    6194:	0000674a          	.word	0x0000674a
    6198:	0000674a          	.word	0x0000674a
    619c:	0000674a          	.word	0x0000674a
    61a0:	0000674a          	.word	0x0000674a
    61a4:	0000674a          	.word	0x0000674a
    61a8:	0000674a          	.word	0x0000674a
    61ac:	0000674a          	.word	0x0000674a
    61b0:	0000674a          	.word	0x0000674a
    61b4:	0000674a          	.word	0x0000674a
    61b8:	0000674a          	.word	0x0000674a
    61bc:	0000674a          	.word	0x0000674a
    61c0:	0000674a          	.word	0x0000674a
    61c4:	0000674a          	.word	0x0000674a
    61c8:	0000674a          	.word	0x0000674a
    61cc:	0000674a          	.word	0x0000674a
    61d0:	0000674a          	.word	0x0000674a
    61d4:	0000674a          	.word	0x0000674a
    61d8:	0000674a          	.word	0x0000674a
    61dc:	0000674a          	.word	0x0000674a
    61e0:	0000674a          	.word	0x0000674a
    61e4:	00000000          	.word	0x00000000
    61e8:	0000674a          	.word	0x0000674a
    61ec:	0000674a          	.word	0x0000674a
    61f0:	0000674a          	.word	0x0000674a
    61f4:	0000674a          	.word	0x0000674a
    61f8:	0000674a          	.word	0x0000674a
    61fc:	0000674a          	.word	0x0000674a
    6200:	0000674a          	.word	0x0000674a
    6204:	0000674a          	.word	0x0000674a
    6208:	0000674a          	.word	0x0000674a
    620c:	0000674a          	.word	0x0000674a
    6210:	0000674a          	.word	0x0000674a
    6214:	0000674a          	.word	0x0000674a
    6218:	0000674a          	.word	0x0000674a
    621c:	0000674a          	.word	0x0000674a
    6220:	0000674a          	.word	0x0000674a
    6224:	0000674a          	.word	0x0000674a
    6228:	0000674a          	.word	0x0000674a
    622c:	0000674a          	.word	0x0000674a
    6230:	0000674a          	.word	0x0000674a
    6234:	0000674a          	.word	0x0000674a
    6238:	0000674a          	.word	0x0000674a
    623c:	0000674a          	.word	0x0000674a
    6240:	0000674a          	.word	0x0000674a
    6244:	0000674a          	.word	0x0000674a
    6248:	0000674a          	.word	0x0000674a
    624c:	0000674a          	.word	0x0000674a
    6250:	0000674a          	.word	0x0000674a
    6254:	0000674a          	.word	0x0000674a
    6258:	0000674a          	.word	0x0000674a
    625c:	0000674a          	.word	0x0000674a
    6260:	0000674a          	.word	0x0000674a
    6264:	0000674a          	.word	0x0000674a
    6268:	0000674a          	.word	0x0000674a
    626c:	0000674a          	.word	0x0000674a
    6270:	0000674a          	.word	0x0000674a
    6274:	0000674a          	.word	0x0000674a
    6278:	0000674a          	.word	0x0000674a
    627c:	0000674a          	.word	0x0000674a
    6280:	0000674a          	.word	0x0000674a
    6284:	0000674a          	.word	0x0000674a
    6288:	0000674a          	.word	0x0000674a
    628c:	0000674a          	.word	0x0000674a
    6290:	0000674a          	.word	0x0000674a
    6294:	0000674a          	.word	0x0000674a
    6298:	0000674a          	.word	0x0000674a
    629c:	0000674a          	.word	0x0000674a
    62a0:	0000674a          	.word	0x0000674a
    62a4:	0000674a          	.word	0x0000674a
    62a8:	0000674a          	.word	0x0000674a
    62ac:	0000674a          	.word	0x0000674a
    62b0:	0000674a          	.word	0x0000674a
    62b4:	0000674a          	.word	0x0000674a
    62b8:	0000674a          	.word	0x0000674a
    62bc:	00000000          	.word	0x00000000
    62c0:	0000674a          	.word	0x0000674a
    62c4:	0000674a          	.word	0x0000674a
    62c8:	0000674a          	.word	0x0000674a
    62cc:	0000674a          	.word	0x0000674a
    62d0:	0000674a          	.word	0x0000674a
    62d4:	0000674a          	.word	0x0000674a
    62d8:	0000674a          	.word	0x0000674a
    62dc:	0000674a          	.word	0x0000674a
    62e0:	0000674a          	.word	0x0000674a
    62e4:	0000674a          	.word	0x0000674a
    62e8:	00000000          	.word	0x00000000
    62ec:	0000674a          	.word	0x0000674a
    62f0:	0000674a          	.word	0x0000674a
	...
    62fc:	0000674a          	.word	0x0000674a
	...
    6308:	0000674a          	.word	0x0000674a
    630c:	0000674a          	.word	0x0000674a
    6310:	0000674a          	.word	0x0000674a
    6314:	0000674a          	.word	0x0000674a
    6318:	0000674a          	.word	0x0000674a
    631c:	00000000          	.word	0x00000000
    6320:	0000674a          	.word	0x0000674a
    6324:	0000674a          	.word	0x0000674a
    6328:	0000674a          	.word	0x0000674a
    632c:	0000674a          	.word	0x0000674a
    6330:	0000674a          	.word	0x0000674a
    6334:	0000674a          	.word	0x0000674a
    6338:	0000674a          	.word	0x0000674a
    633c:	0000674a          	.word	0x0000674a
    6340:	0000674a          	.word	0x0000674a

00006344 <__riscv_save_12>:
    6344:	7139                	addi	sp,sp,-64
    6346:	4301                	li	t1,0
    6348:	c66e                	sw	s11,12(sp)
    634a:	a019                	j	6350 <__riscv_save_10+0x4>

0000634c <__riscv_save_10>:
    634c:	7139                	addi	sp,sp,-64
    634e:	5341                	li	t1,-16
    6350:	c86a                	sw	s10,16(sp)
    6352:	ca66                	sw	s9,20(sp)
    6354:	cc62                	sw	s8,24(sp)
    6356:	ce5e                	sw	s7,28(sp)
    6358:	a019                	j	635e <__riscv_save_4+0x4>

0000635a <__riscv_save_4>:
    635a:	7139                	addi	sp,sp,-64
    635c:	5301                	li	t1,-32
    635e:	d05a                	sw	s6,32(sp)
    6360:	d256                	sw	s5,36(sp)
    6362:	d452                	sw	s4,40(sp)
    6364:	d64e                	sw	s3,44(sp)
    6366:	d84a                	sw	s2,48(sp)
    6368:	da26                	sw	s1,52(sp)
    636a:	dc22                	sw	s0,56(sp)
    636c:	de06                	sw	ra,60(sp)
    636e:	40610133          	sub	sp,sp,t1
    6372:	8282                	jr	t0

00006374 <__riscv_save_0>:
    6374:	1141                	addi	sp,sp,-16
    6376:	c04a                	sw	s2,0(sp)
    6378:	c226                	sw	s1,4(sp)
    637a:	c422                	sw	s0,8(sp)
    637c:	c606                	sw	ra,12(sp)
    637e:	8282                	jr	t0

00006380 <__riscv_restore_12>:
    6380:	4db2                	lw	s11,12(sp)
    6382:	0141                	addi	sp,sp,16

00006384 <__riscv_restore_10>:
    6384:	4d02                	lw	s10,0(sp)
    6386:	4c92                	lw	s9,4(sp)
    6388:	4c22                	lw	s8,8(sp)
    638a:	4bb2                	lw	s7,12(sp)
    638c:	0141                	addi	sp,sp,16

0000638e <__riscv_restore_4>:
    638e:	4b02                	lw	s6,0(sp)
    6390:	4a92                	lw	s5,4(sp)
    6392:	4a22                	lw	s4,8(sp)
    6394:	49b2                	lw	s3,12(sp)
    6396:	0141                	addi	sp,sp,16

00006398 <__riscv_restore_0>:
    6398:	4902                	lw	s2,0(sp)
    639a:	4492                	lw	s1,4(sp)
    639c:	4422                	lw	s0,8(sp)
    639e:	40b2                	lw	ra,12(sp)
    63a0:	0141                	addi	sp,sp,16
    63a2:	8082                	ret

000063a4 <memset>:
    63a4:	832a                	mv	t1,a0
    63a6:	c611                	beqz	a2,63b2 <memset+0xe>
    63a8:	00b30023          	sb	a1,0(t1) # 1000000 <_data_lma+0xff76c8>
    63ac:	167d                	addi	a2,a2,-1
    63ae:	0305                	addi	t1,t1,1
    63b0:	fe65                	bnez	a2,63a8 <memset+0x4>
    63b2:	8082                	ret

000063b4 <NMI_Handler>:
    63b4:	a001                	j	63b4 <NMI_Handler>

000063b6 <HardFault_Handler>:
    63b6:	beef07b7          	lui	a5,0xbeef0
    63ba:	e000e737          	lui	a4,0xe000e
    63be:	08078793          	addi	a5,a5,128 # beef0080 <__global_pointer$+0x9ee2f5a0>
    63c2:	c73c                	sw	a5,72(a4)
    63c4:	a001                	j	63c4 <HardFault_Handler+0xe>

000063c6 <main>:
    63c6:	fafff2ef          	jal	t0,6374 <__riscv_save_0>
    63ca:	2085                	jal	642a <SystemInit>
    63cc:	2c01                	jal	65dc <SystemAndCoreClockUpdate>
    63ce:	3b9000ef          	jal	ra,6f86 <Delay_Init>
    63d2:	000e1537          	lui	a0,0xe1
    63d6:	3d3000ef          	jal	ra,6fa8 <USART_Printf_Init>
    63da:	8081a583          	lw	a1,-2040(gp) # 200c02e8 <SystemClock>
    63de:	6521                	lui	a0,0x8
    63e0:	68c50513          	addi	a0,a0,1676 # 868c <_read+0xc>
    63e4:	01a010ef          	jal	ra,73fe <iprintf>
    63e8:	200c07b7          	lui	a5,0x200c0
    63ec:	2e47a583          	lw	a1,740(a5) # 200c02e4 <SystemCoreClock>
    63f0:	6521                	lui	a0,0x8
    63f2:	69c50513          	addi	a0,a0,1692 # 869c <_read+0x1c>
    63f6:	008010ef          	jal	ra,73fe <iprintf>
    63fa:	e000e7b7          	lui	a5,0xe000e
    63fe:	00020737          	lui	a4,0x20
    6402:	72e7a223          	sw	a4,1828(a5) # e000e724 <__global_pointer$+0xbff4dc44>
    6406:	e000f737          	lui	a4,0xe000f
    640a:	d1072783          	lw	a5,-752(a4) # e000ed10 <__global_pointer$+0xbff4e230>
    640e:	4501                	li	a0,0
    6410:	4589                	li	a1,2
    6412:	0207e793          	ori	a5,a5,32
    6416:	d0f72823          	sw	a5,-752(a4)
    641a:	033000ef          	jal	ra,6c4c <PWR_EnterSTOPMode>
    641e:	6521                	lui	a0,0x8
    6420:	6b450513          	addi	a0,a0,1716 # 86b4 <_read+0x34>
    6424:	118010ef          	jal	ra,753c <puts>
    6428:	a001                	j	6428 <main+0x62>

0000642a <SystemInit>:
    642a:	f4bff2ef          	jal	t0,6374 <__riscv_save_0>
    642e:	400217b7          	lui	a5,0x40021
    6432:	4398                	lw	a4,0(a5)
    6434:	305c06b7          	lui	a3,0x305c0
    6438:	1141                	addi	sp,sp,-16
    643a:	00176713          	ori	a4,a4,1
    643e:	c398                	sw	a4,0(a5)
    6440:	43d8                	lw	a4,4(a5)
    6442:	40021437          	lui	s0,0x40021
    6446:	8f75                	and	a4,a4,a3
    6448:	c3d8                	sw	a4,4(a5)
    644a:	405c                	lw	a5,4(s0)
    644c:	8bb1                	andi	a5,a5,12
    644e:	fff5                	bnez	a5,644a <SystemInit+0x20>
    6450:	405c                	lw	a5,4(s0)
    6452:	6aa70737          	lui	a4,0x6aa70
    6456:	177d                	addi	a4,a4,-1 # 6aa6ffff <__global_pointer$+0x4a9af51f>
    6458:	49679793          	bclri	a5,a5,0x16
    645c:	c05c                	sw	a5,4(s0)
    645e:	441c                	lw	a5,8(s0)
    6460:	49f79793          	bclri	a5,a5,0x1f
    6464:	c41c                	sw	a5,8(s0)
    6466:	401c                	lw	a5,0(s0)
    6468:	8ff9                	and	a5,a5,a4
    646a:	c01c                	sw	a5,0(s0)
    646c:	401c                	lw	a5,0(s0)
    646e:	0fffc737          	lui	a4,0xfffc
    6472:	49279793          	bclri	a5,a5,0x12
    6476:	c01c                	sw	a5,0(s0)
    6478:	441c                	lw	a5,8(s0)
    647a:	8ff9                	and	a5,a5,a4
    647c:	c41c                	sw	a5,8(s0)
    647e:	441c                	lw	a5,8(s0)
    6480:	0c600737          	lui	a4,0xc600
    6484:	0047e793          	ori	a5,a5,4
    6488:	c41c                	sw	a5,8(s0)
    648a:	00ff07b7          	lui	a5,0xff0
    648e:	c45c                	sw	a5,12(s0)
    6490:	581c                	lw	a5,48(s0)
    6492:	8ff9                	and	a5,a5,a4
    6494:	d81c                	sw	a5,48(s0)
    6496:	585c                	lw	a5,52(s0)
    6498:	fff0e737          	lui	a4,0xfff0e
    649c:	08070713          	addi	a4,a4,128 # fff0e080 <__global_pointer$+0xdfe4d5a0>
    64a0:	8ff9                	and	a5,a5,a4
    64a2:	d85c                	sw	a5,52(s0)
    64a4:	585c                	lw	a5,52(s0)
    64a6:	00080737          	lui	a4,0x80
    64aa:	02070713          	addi	a4,a4,32 # 80020 <_data_lma+0x776e8>
    64ae:	8fd9                	or	a5,a5,a4
    64b0:	d85c                	sw	a5,52(s0)
    64b2:	234d                	jal	6a54 <GPIO_IPD_Unused>
    64b4:	c202                	sw	zero,4(sp)
    64b6:	c402                	sw	zero,8(sp)
    64b8:	c602                	sw	zero,12(sp)
    64ba:	401c                	lw	a5,0(s0)
    64bc:	400216b7          	lui	a3,0x40021
    64c0:	00020637          	lui	a2,0x20
    64c4:	29079793          	bseti	a5,a5,0x10
    64c8:	01000737          	lui	a4,0x1000
    64cc:	c01c                	sw	a5,0(s0)
    64ce:	429c                	lw	a5,0(a3)
    64d0:	8ff1                	and	a5,a5,a2
    64d2:	c43e                	sw	a5,8(sp)
    64d4:	4792                	lw	a5,4(sp)
    64d6:	0785                	addi	a5,a5,1 # ff0001 <_data_lma+0xfe76c9>
    64d8:	c23e                	sw	a5,4(sp)
    64da:	47a2                	lw	a5,8(sp)
    64dc:	e781                	bnez	a5,64e4 <SystemInit+0xba>
    64de:	4792                	lw	a5,4(sp)
    64e0:	fee797e3          	bne	a5,a4,64ce <SystemInit+0xa4>
    64e4:	400217b7          	lui	a5,0x40021
    64e8:	439c                	lw	a5,0(a5)
    64ea:	00020737          	lui	a4,0x20
    64ee:	8ff9                	and	a5,a5,a4
    64f0:	c7e5                	beqz	a5,65d8 <SystemInit+0x1ae>
    64f2:	4785                	li	a5,1
    64f4:	c43e                	sw	a5,8(sp)
    64f6:	4722                	lw	a4,8(sp)
    64f8:	4785                	li	a5,1
    64fa:	0cf71d63          	bne	a4,a5,65d4 <SystemInit+0x1aa>
    64fe:	400217b7          	lui	a5,0x40021
    6502:	4798                	lw	a4,8(a5)
    6504:	76f1                	lui	a3,0xffffc
    6506:	0ff68693          	addi	a3,a3,255 # ffffc0ff <__global_pointer$+0xdff3b61f>
    650a:	9b01                	andi	a4,a4,-32
    650c:	c798                	sw	a4,8(a5)
    650e:	4798                	lw	a4,8(a5)
    6510:	01076713          	ori	a4,a4,16
    6514:	c798                	sw	a4,8(a5)
    6516:	4798                	lw	a4,8(a5)
    6518:	8f75                	and	a4,a4,a3
    651a:	c798                	sw	a4,8(a5)
    651c:	4798                	lw	a4,8(a5)
    651e:	02000693          	li	a3,32
    6522:	c798                	sw	a4,8(a5)
    6524:	4798                	lw	a4,8(a5)
    6526:	f1f77713          	andi	a4,a4,-225
    652a:	c798                	sw	a4,8(a5)
    652c:	4798                	lw	a4,8(a5)
    652e:	02076713          	ori	a4,a4,32
    6532:	c798                	sw	a4,8(a5)
    6534:	4798                	lw	a4,8(a5)
    6536:	0e077713          	andi	a4,a4,224
    653a:	fed71de3          	bne	a4,a3,6534 <SystemInit+0x10a>
    653e:	4398                	lw	a4,0(a5)
    6540:	020006b7          	lui	a3,0x2000
    6544:	29871713          	bseti	a4,a4,0x18
    6548:	c398                	sw	a4,0(a5)
    654a:	400217b7          	lui	a5,0x40021
    654e:	4398                	lw	a4,0(a5)
    6550:	8f75                	and	a4,a4,a3
    6552:	df75                	beqz	a4,654e <SystemInit+0x124>
    6554:	4798                	lw	a4,8(a5)
    6556:	900006b7          	lui	a3,0x90000
    655a:	16fd                	addi	a3,a3,-1 # 8fffffff <__global_pointer$+0x6ff3f51f>
    655c:	49f71713          	bclri	a4,a4,0x1f
    6560:	c798                	sw	a4,8(a5)
    6562:	4798                	lw	a4,8(a5)
    6564:	8f75                	and	a4,a4,a3
    6566:	c798                	sw	a4,8(a5)
    6568:	700006b7          	lui	a3,0x70000
    656c:	400217b7          	lui	a5,0x40021
    6570:	4798                	lw	a4,8(a5)
    6572:	8f75                	and	a4,a4,a3
    6574:	ff75                	bnez	a4,6570 <SystemInit+0x146>
    6576:	43d8                	lw	a4,4(a5)
    6578:	fffd06b7          	lui	a3,0xfffd0
    657c:	16fd                	addi	a3,a3,-1 # fffcffff <__global_pointer$+0xdff0f51f>
    657e:	f0f77713          	andi	a4,a4,-241
    6582:	c3d8                	sw	a4,4(a5)
    6584:	43d8                	lw	a4,4(a5)
    6586:	c3d8                	sw	a4,4(a5)
    6588:	43d8                	lw	a4,4(a5)
    658a:	8f75                	and	a4,a4,a3
    658c:	c3d8                	sw	a4,4(a5)
    658e:	43d8                	lw	a4,4(a5)
    6590:	400226b7          	lui	a3,0x40022
    6594:	29171713          	bseti	a4,a4,0x11
    6598:	c3d8                	sw	a4,4(a5)
    659a:	4298                	lw	a4,0(a3)
    659c:	c63a                	sw	a4,12(sp)
    659e:	4732                	lw	a4,12(sp)
    65a0:	9b71                	andi	a4,a4,-4
    65a2:	c63a                	sw	a4,12(sp)
    65a4:	4732                	lw	a4,12(sp)
    65a6:	00176713          	ori	a4,a4,1
    65aa:	c63a                	sw	a4,12(sp)
    65ac:	4732                	lw	a4,12(sp)
    65ae:	c298                	sw	a4,0(a3)
    65b0:	4798                	lw	a4,8(a5)
    65b2:	400216b7          	lui	a3,0x40021
    65b6:	29f71713          	bseti	a4,a4,0x1f
    65ba:	c798                	sw	a4,8(a5)
    65bc:	43d8                	lw	a4,4(a5)
    65be:	9b71                	andi	a4,a4,-4
    65c0:	c3d8                	sw	a4,4(a5)
    65c2:	43d8                	lw	a4,4(a5)
    65c4:	00276713          	ori	a4,a4,2
    65c8:	c3d8                	sw	a4,4(a5)
    65ca:	4721                	li	a4,8
    65cc:	42dc                	lw	a5,4(a3)
    65ce:	8bb1                	andi	a5,a5,12
    65d0:	fee79ee3          	bne	a5,a4,65cc <SystemInit+0x1a2>
    65d4:	0141                	addi	sp,sp,16
    65d6:	b3c9                	j	6398 <__riscv_restore_0>
    65d8:	c402                	sw	zero,8(sp)
    65da:	bf31                	j	64f6 <SystemInit+0xcc>

000065dc <SystemAndCoreClockUpdate>:
    65dc:	400217b7          	lui	a5,0x40021
    65e0:	43d4                	lw	a3,4(a5)
    65e2:	4798                	lw	a4,8(a5)
    65e4:	4621                	li	a2,8
    65e6:	8ab1                	andi	a3,a3,12
    65e8:	02c69463          	bne	a3,a2,6610 <SystemAndCoreClockUpdate+0x34>
    65ec:	700006b7          	lui	a3,0x70000
    65f0:	8f75                	and	a4,a4,a3
    65f2:	50000637          	lui	a2,0x50000
    65f6:	14c70563          	beq	a4,a2,6740 <SystemAndCoreClockUpdate+0x164>
    65fa:	02e66063          	bltu	a2,a4,661a <SystemAndCoreClockUpdate+0x3e>
    65fe:	c71d                	beqz	a4,662c <SystemAndCoreClockUpdate+0x50>
    6600:	1c9c47b7          	lui	a5,0x1c9c4
    6604:	400006b7          	lui	a3,0x40000
    6608:	80078793          	addi	a5,a5,-2048 # 1c9c3800 <_data_lma+0x1c9baec8>
    660c:	06d70763          	beq	a4,a3,667a <SystemAndCoreClockUpdate+0x9e>
    6610:	017d87b7          	lui	a5,0x17d8
    6614:	84078793          	addi	a5,a5,-1984 # 17d7840 <_data_lma+0x17cef08>
    6618:	a08d                	j	667a <SystemAndCoreClockUpdate+0x9e>
    661a:	60000637          	lui	a2,0x60000
    661e:	10c70263          	beq	a4,a2,6722 <SystemAndCoreClockUpdate+0x146>
    6622:	077367b7          	lui	a5,0x7736
    6626:	94078793          	addi	a5,a5,-1728 # 7735940 <_data_lma+0x772d008>
    662a:	b7cd                	j	660c <SystemAndCoreClockUpdate+0x30>
    662c:	4790                	lw	a2,8(a5)
    662e:	4794                	lw	a3,8(a5)
    6630:	4798                	lw	a4,8(a5)
    6632:	0a000593          	li	a1,160
    6636:	0e06f693          	andi	a3,a3,224
    663a:	8321                	srli	a4,a4,0x8
    663c:	03f77713          	andi	a4,a4,63
    6640:	8a7d                	andi	a2,a2,31
    6642:	0705                	addi	a4,a4,1 # 20001 <_data_lma+0x176c9>
    6644:	08b69463          	bne	a3,a1,66cc <SystemAndCoreClockUpdate+0xf0>
    6648:	1dcd67b7          	lui	a5,0x1dcd6
    664c:	50078793          	addi	a5,a5,1280 # 1dcd6500 <_data_lma+0x1dccdbc8>
    6650:	02e7d733          	divu	a4,a5,a4
    6654:	200c07b7          	lui	a5,0x200c0
    6658:	22078793          	addi	a5,a5,544 # 200c0220 <PLLMULTB>
    665c:	97b2                	add	a5,a5,a2
    665e:	239c                	lbu	a5,0(a5)
    6660:	4691                	li	a3,4
    6662:	02e787b3          	mul	a5,a5,a4
    6666:	00d60963          	beq	a2,a3,6678 <SystemAndCoreClockUpdate+0x9c>
    666a:	6685                	lui	a3,0x1
    666c:	54068693          	addi	a3,a3,1344 # 1540 <__stack_size+0x1140>
    6670:	00c6d6b3          	srl	a3,a3,a2
    6674:	8a85                	andi	a3,a3,1
    6676:	c291                	beqz	a3,667a <SystemAndCoreClockUpdate+0x9e>
    6678:	8385                	srli	a5,a5,0x1
    667a:	80f1a423          	sw	a5,-2040(gp) # 200c02e8 <SystemClock>
    667e:	40021637          	lui	a2,0x40021
    6682:	4254                	lw	a3,4(a2)
    6684:	200c0737          	lui	a4,0x200c0
    6688:	21070713          	addi	a4,a4,528 # 200c0210 <HBPrescTB>
    668c:	8291                	srli	a3,a3,0x4
    668e:	8abd                	andi	a3,a3,15
    6690:	9736                	add	a4,a4,a3
    6692:	2318                	lbu	a4,0(a4)
    6694:	200c06b7          	lui	a3,0x200c0
    6698:	2e068693          	addi	a3,a3,736 # 200c02e0 <FPRETB>
    669c:	00e7d7b3          	srl	a5,a5,a4
    66a0:	4258                	lw	a4,4(a2)
    66a2:	6641                	lui	a2,0x10
    66a4:	8341                	srli	a4,a4,0x10
    66a6:	8b0d                	andi	a4,a4,3
    66a8:	9736                	add	a4,a4,a3
    66aa:	2318                	lbu	a4,0(a4)
    66ac:	00e7d733          	srl	a4,a5,a4
    66b0:	82e1a623          	sw	a4,-2004(gp) # 200c030c <HCLKClock>
    66b4:	e000f6b7          	lui	a3,0xe000f
    66b8:	d106a683          	lw	a3,-752(a3) # e000ed10 <__global_pointer$+0xbff4e230>
    66bc:	8ef1                	and	a3,a3,a2
    66be:	e291                	bnez	a3,66c2 <SystemAndCoreClockUpdate+0xe6>
    66c0:	87ba                	mv	a5,a4
    66c2:	200c0737          	lui	a4,0x200c0
    66c6:	2ef72223          	sw	a5,740(a4) # 200c02e4 <SystemCoreClock>
    66ca:	8082                	ret
    66cc:	0e000593          	li	a1,224
    66d0:	02b69263          	bne	a3,a1,66f4 <SystemAndCoreClockUpdate+0x118>
    66d4:	5bd4                	lw	a3,52(a5)
    66d6:	200c07b7          	lui	a5,0x200c0
    66da:	20078793          	addi	a5,a5,512 # 200c0200 <SERDESPLLMULTB>
    66de:	82c1                	srli	a3,a3,0x10
    66e0:	97b6                	add	a5,a5,a3
    66e2:	239c                	lbu	a5,0(a5)
    66e4:	017d86b7          	lui	a3,0x17d8
    66e8:	84068693          	addi	a3,a3,-1984 # 17d7840 <_data_lma+0x17cef08>
    66ec:	02d787b3          	mul	a5,a5,a3
    66f0:	8385                	srli	a5,a5,0x1
    66f2:	bfb9                	j	6650 <SystemAndCoreClockUpdate+0x74>
    66f4:	08000793          	li	a5,128
    66f8:	00f69763          	bne	a3,a5,6706 <SystemAndCoreClockUpdate+0x12a>
    66fc:	1c9c47b7          	lui	a5,0x1c9c4
    6700:	80078793          	addi	a5,a5,-2048 # 1c9c3800 <_data_lma+0x1c9baec8>
    6704:	b7b1                	j	6650 <SystemAndCoreClockUpdate+0x74>
    6706:	0c000793          	li	a5,192
    670a:	00f69763          	bne	a3,a5,6718 <SystemAndCoreClockUpdate+0x13c>
    670e:	077367b7          	lui	a5,0x7736
    6712:	94078793          	addi	a5,a5,-1728 # 7735940 <_data_lma+0x772d008>
    6716:	bf2d                	j	6650 <SystemAndCoreClockUpdate+0x74>
    6718:	017d87b7          	lui	a5,0x17d8
    671c:	84078793          	addi	a5,a5,-1984 # 17d7840 <_data_lma+0x17cef08>
    6720:	bf05                	j	6650 <SystemAndCoreClockUpdate+0x74>
    6722:	5bd8                	lw	a4,52(a5)
    6724:	200c07b7          	lui	a5,0x200c0
    6728:	20078793          	addi	a5,a5,512 # 200c0200 <SERDESPLLMULTB>
    672c:	8341                	srli	a4,a4,0x10
    672e:	97ba                	add	a5,a5,a4
    6730:	239c                	lbu	a5,0(a5)
    6732:	017d8737          	lui	a4,0x17d8
    6736:	84070713          	addi	a4,a4,-1984 # 17d7840 <_data_lma+0x17cef08>
    673a:	02e787b3          	mul	a5,a5,a4
    673e:	bf2d                	j	6678 <SystemAndCoreClockUpdate+0x9c>
    6740:	1dcd67b7          	lui	a5,0x1dcd6
    6744:	50078793          	addi	a5,a5,1280 # 1dcd6500 <_data_lma+0x1dccdbc8>
    6748:	bf0d                	j	667a <SystemAndCoreClockUpdate+0x9e>

0000674a <ADC1_2_IRQHandler>:
    674a:	a001                	j	674a <ADC1_2_IRQHandler>

0000674c <FLASH_BOOT_GetMode>:
    674c:	1101                	addi	sp,sp,-32
    674e:	ce06                	sw	ra,28(sp)
    6750:	cc22                	sw	s0,24(sp)
    6752:	1000                	addi	s0,sp,32
    6754:	080007b7          	lui	a5,0x8000
    6758:	439c                	lw	a5,0(a5)
    675a:	fef42623          	sw	a5,-20(s0) # 40020fec <__global_pointer$+0x1ff6050c>
    675e:	2015                	jal	6782 <FLASH_GetUserOptionByte>
    6760:	87aa                	mv	a5,a0
    6762:	fef42623          	sw	a5,-20(s0)
    6766:	fec42783          	lw	a5,-20(s0)
    676a:	f007f793          	andi	a5,a5,-256
    676e:	fef42623          	sw	a5,-20(s0)
    6772:	fec42783          	lw	a5,-20(s0)
    6776:	8399                	srli	a5,a5,0x6
    6778:	853e                	mv	a0,a5
    677a:	40f2                	lw	ra,28(sp)
    677c:	4462                	lw	s0,24(sp)
    677e:	6105                	addi	sp,sp,32
    6780:	8082                	ret

00006782 <FLASH_GetUserOptionByte>:
    6782:	400227b7          	lui	a5,0x40022
    6786:	4fc8                	lw	a0,28(a5)
    6788:	8109                	srli	a0,a0,0x2
    678a:	8082                	ret

0000678c <GPIO_Init>:
    678c:	459c                	lw	a5,8(a1)
    678e:	0005d803          	lhu	a6,0(a1)
    6792:	0107f713          	andi	a4,a5,16
    6796:	00f7f893          	andi	a7,a5,15
    679a:	cb1d                	beqz	a4,67d0 <GPIO_Init+0x44>
    679c:	4d58                	lw	a4,28(a0)
    679e:	0018e893          	ori	a7,a7,1
    67a2:	4681                	li	a3,0
    67a4:	4e8d                	li	t4,3
    67a6:	4e41                	li	t3,16
    67a8:	28d01633          	bset	a2,zero,a3
    67ac:	00c87333          	and	t1,a6,a2
    67b0:	00661c63          	bne	a2,t1,67c8 <GPIO_Init+0x3c>
    67b4:	00169313          	slli	t1,a3,0x1
    67b8:	006e9633          	sll	a2,t4,t1
    67bc:	40c77733          	andn	a4,a4,a2
    67c0:	41d0                	lw	a2,4(a1)
    67c2:	00661633          	sll	a2,a2,t1
    67c6:	8f51                	or	a4,a4,a2
    67c8:	0685                	addi	a3,a3,1
    67ca:	fdc69fe3          	bne	a3,t3,67a8 <GPIO_Init+0x1c>
    67ce:	cd58                	sw	a4,28(a0)
    67d0:	0ff87713          	zext.b	a4,a6
    67d4:	cf1d                	beqz	a4,6812 <GPIO_Init+0x86>
    67d6:	4118                	lw	a4,0(a0)
    67d8:	4681                	li	a3,0
    67da:	02800313          	li	t1,40
    67de:	4e3d                	li	t3,15
    67e0:	04800e93          	li	t4,72
    67e4:	45a1                	li	a1,8
    67e6:	28d01633          	bset	a2,zero,a3
    67ea:	00c87f33          	and	t5,a6,a2
    67ee:	01e61e63          	bne	a2,t5,680a <GPIO_Init+0x7e>
    67f2:	06679563          	bne	a5,t1,685c <GPIO_Init+0xd0>
    67f6:	c950                	sw	a2,20(a0)
    67f8:	00269613          	slli	a2,a3,0x2
    67fc:	00ce1f33          	sll	t5,t3,a2
    6800:	00c89633          	sll	a2,a7,a2
    6804:	41e77733          	andn	a4,a4,t5
    6808:	8f51                	or	a4,a4,a2
    680a:	0685                	addi	a3,a3,1
    680c:	fcb69de3          	bne	a3,a1,67e6 <GPIO_Init+0x5a>
    6810:	c118                	sw	a4,0(a0)
    6812:	0ff00713          	li	a4,255
    6816:	05077263          	bgeu	a4,a6,685a <GPIO_Init+0xce>
    681a:	4154                	lw	a3,4(a0)
    681c:	4601                	li	a2,0
    681e:	02800e13          	li	t3,40
    6822:	04800e93          	li	t4,72
    6826:	4321                	li	t1,8
    6828:	00860713          	addi	a4,a2,8 # 10008 <_data_lma+0x76d0>
    682c:	28e01733          	bset	a4,zero,a4
    6830:	00e875b3          	and	a1,a6,a4
    6834:	00b71f63          	bne	a4,a1,6852 <GPIO_Init+0xc6>
    6838:	03c79663          	bne	a5,t3,6864 <GPIO_Init+0xd8>
    683c:	c958                	sw	a4,20(a0)
    683e:	00261713          	slli	a4,a2,0x2
    6842:	45bd                	li	a1,15
    6844:	00e595b3          	sll	a1,a1,a4
    6848:	00e89733          	sll	a4,a7,a4
    684c:	40b6f6b3          	andn	a3,a3,a1
    6850:	8ed9                	or	a3,a3,a4
    6852:	0605                	addi	a2,a2,1
    6854:	fc661ae3          	bne	a2,t1,6828 <GPIO_Init+0x9c>
    6858:	c154                	sw	a3,4(a0)
    685a:	8082                	ret
    685c:	f9d79ee3          	bne	a5,t4,67f8 <GPIO_Init+0x6c>
    6860:	c910                	sw	a2,16(a0)
    6862:	bf59                	j	67f8 <GPIO_Init+0x6c>
    6864:	fdd79de3          	bne	a5,t4,683e <GPIO_Init+0xb2>
    6868:	c918                	sw	a4,16(a0)
    686a:	bfd1                	j	683e <GPIO_Init+0xb2>

0000686c <GPIO_PinAFConfig>:
    686c:	40011737          	lui	a4,0x40011
    6870:	479d                	li	a5,7
    6872:	80070693          	addi	a3,a4,-2048 # 40010800 <__global_pointer$+0x1ff4fd20>
    6876:	02b7f863          	bgeu	a5,a1,68a6 <GPIO_PinAFConfig+0x3a>
    687a:	ff858793          	addi	a5,a1,-8
    687e:	0ff7f793          	zext.b	a5,a5
    6882:	06d51a63          	bne	a0,a3,68f6 <GPIO_PinAFConfig+0x8a>
    6886:	400106b7          	lui	a3,0x40010
    688a:	468c                	lw	a1,8(a3)
    688c:	078a                	slli	a5,a5,0x2
    688e:	473d                	li	a4,15
    6890:	00f71733          	sll	a4,a4,a5
    6894:	40e5f733          	andn	a4,a1,a4
    6898:	c698                	sw	a4,8(a3)
    689a:	4698                	lw	a4,8(a3)
    689c:	00f617b3          	sll	a5,a2,a5
    68a0:	8fd9                	or	a5,a5,a4
    68a2:	c69c                	sw	a5,8(a3)
    68a4:	8082                	ret
    68a6:	02d50863          	beq	a0,a3,68d6 <GPIO_PinAFConfig+0x6a>
    68aa:	c0070793          	addi	a5,a4,-1024
    68ae:	08f50a63          	beq	a0,a5,6942 <GPIO_PinAFConfig+0xd6>
    68b2:	16e51c63          	bne	a0,a4,6a2a <GPIO_PinAFConfig+0x1be>
    68b6:	40010737          	lui	a4,0x40010
    68ba:	4b54                	lw	a3,20(a4)
    68bc:	058a                	slli	a1,a1,0x2
    68be:	47bd                	li	a5,15
    68c0:	00b797b3          	sll	a5,a5,a1
    68c4:	40f6f7b3          	andn	a5,a3,a5
    68c8:	cb5c                	sw	a5,20(a4)
    68ca:	4b5c                	lw	a5,20(a4)
    68cc:	00b615b3          	sll	a1,a2,a1
    68d0:	8ddd                	or	a1,a1,a5
    68d2:	cb4c                	sw	a1,20(a4)
    68d4:	8082                	ret
    68d6:	40010737          	lui	a4,0x40010
    68da:	4354                	lw	a3,4(a4)
    68dc:	058a                	slli	a1,a1,0x2
    68de:	47bd                	li	a5,15
    68e0:	00b797b3          	sll	a5,a5,a1
    68e4:	40f6f7b3          	andn	a5,a3,a5
    68e8:	c35c                	sw	a5,4(a4)
    68ea:	435c                	lw	a5,4(a4)
    68ec:	00b615b3          	sll	a1,a2,a1
    68f0:	8ddd                	or	a1,a1,a5
    68f2:	c34c                	sw	a1,4(a4)
    68f4:	8082                	ret
    68f6:	c0070693          	addi	a3,a4,-1024 # 4000fc00 <__global_pointer$+0x1ff4f120>
    68fa:	02d50463          	beq	a0,a3,6922 <GPIO_PinAFConfig+0xb6>
    68fe:	10e51263          	bne	a0,a4,6a02 <GPIO_PinAFConfig+0x196>
    6902:	400106b7          	lui	a3,0x40010
    6906:	4e8c                	lw	a1,24(a3)
    6908:	078a                	slli	a5,a5,0x2
    690a:	473d                	li	a4,15
    690c:	00f71733          	sll	a4,a4,a5
    6910:	40e5f733          	andn	a4,a1,a4
    6914:	ce98                	sw	a4,24(a3)
    6916:	4e98                	lw	a4,24(a3)
    6918:	00f617b3          	sll	a5,a2,a5
    691c:	8fd9                	or	a5,a5,a4
    691e:	ce9c                	sw	a5,24(a3)
    6920:	8082                	ret
    6922:	400106b7          	lui	a3,0x40010
    6926:	4a8c                	lw	a1,16(a3)
    6928:	078a                	slli	a5,a5,0x2
    692a:	473d                	li	a4,15
    692c:	00f71733          	sll	a4,a4,a5
    6930:	40e5f733          	andn	a4,a1,a4
    6934:	ca98                	sw	a4,16(a3)
    6936:	4a98                	lw	a4,16(a3)
    6938:	00f617b3          	sll	a5,a2,a5
    693c:	8fd9                	or	a5,a5,a4
    693e:	ca9c                	sw	a5,16(a3)
    6940:	8082                	ret
    6942:	40010737          	lui	a4,0x40010
    6946:	4754                	lw	a3,12(a4)
    6948:	058a                	slli	a1,a1,0x2
    694a:	47bd                	li	a5,15
    694c:	00b797b3          	sll	a5,a5,a1
    6950:	40f6f7b3          	andn	a5,a3,a5
    6954:	c75c                	sw	a5,12(a4)
    6956:	475c                	lw	a5,12(a4)
    6958:	00b615b3          	sll	a1,a2,a1
    695c:	8ddd                	or	a1,a1,a5
    695e:	c74c                	sw	a1,12(a4)
    6960:	8082                	ret
    6962:	40012737          	lui	a4,0x40012
    6966:	80070713          	addi	a4,a4,-2048 # 40011800 <__global_pointer$+0x1ff50d20>
    696a:	87ae                	mv	a5,a1
    696c:	04e51863          	bne	a0,a4,69bc <GPIO_PinAFConfig+0x150>
    6970:	40010737          	lui	a4,0x40010
    6974:	5354                	lw	a3,36(a4)
    6976:	058a                	slli	a1,a1,0x2
    6978:	47bd                	li	a5,15
    697a:	00b797b3          	sll	a5,a5,a1
    697e:	40f6f7b3          	andn	a5,a3,a5
    6982:	d35c                	sw	a5,36(a4)
    6984:	535c                	lw	a5,36(a4)
    6986:	00b615b3          	sll	a1,a2,a1
    698a:	8ddd                	or	a1,a1,a5
    698c:	d34c                	sw	a1,36(a4)
    698e:	8082                	ret
    6990:	40012737          	lui	a4,0x40012
    6994:	80070713          	addi	a4,a4,-2048 # 40011800 <__global_pointer$+0x1ff50d20>
    6998:	02e51263          	bne	a0,a4,69bc <GPIO_PinAFConfig+0x150>
    699c:	400106b7          	lui	a3,0x40010
    69a0:	568c                	lw	a1,40(a3)
    69a2:	078a                	slli	a5,a5,0x2
    69a4:	473d                	li	a4,15
    69a6:	00f71733          	sll	a4,a4,a5
    69aa:	40e5f733          	andn	a4,a1,a4
    69ae:	d698                	sw	a4,40(a3)
    69b0:	5698                	lw	a4,40(a3)
    69b2:	00f617b3          	sll	a5,a2,a5
    69b6:	8fd9                	or	a5,a5,a4
    69b8:	d69c                	sw	a5,40(a3)
    69ba:	8082                	ret
    69bc:	40012737          	lui	a4,0x40012
    69c0:	c0070713          	addi	a4,a4,-1024 # 40011c00 <__global_pointer$+0x1ff51120>
    69c4:	08e51763          	bne	a0,a4,6a52 <GPIO_PinAFConfig+0x1e6>
    69c8:	078a                	slli	a5,a5,0x2
    69ca:	473d                	li	a4,15
    69cc:	00f71733          	sll	a4,a4,a5
    69d0:	00f61633          	sll	a2,a2,a5
    69d4:	479d                	li	a5,7
    69d6:	fff74713          	not	a4,a4
    69da:	00b7fb63          	bgeu	a5,a1,69f0 <GPIO_PinAFConfig+0x184>
    69de:	400107b7          	lui	a5,0x40010
    69e2:	5b94                	lw	a3,48(a5)
    69e4:	8f75                	and	a4,a4,a3
    69e6:	db98                	sw	a4,48(a5)
    69e8:	5b98                	lw	a4,48(a5)
    69ea:	8f51                	or	a4,a4,a2
    69ec:	db98                	sw	a4,48(a5)
    69ee:	8082                	ret
    69f0:	400107b7          	lui	a5,0x40010
    69f4:	57d4                	lw	a3,44(a5)
    69f6:	8f75                	and	a4,a4,a3
    69f8:	d7d8                	sw	a4,44(a5)
    69fa:	57d8                	lw	a4,44(a5)
    69fc:	8f51                	or	a4,a4,a2
    69fe:	d7d8                	sw	a4,44(a5)
    6a00:	8082                	ret
    6a02:	40070713          	addi	a4,a4,1024
    6a06:	f8e515e3          	bne	a0,a4,6990 <GPIO_PinAFConfig+0x124>
    6a0a:	400106b7          	lui	a3,0x40010
    6a0e:	528c                	lw	a1,32(a3)
    6a10:	078a                	slli	a5,a5,0x2
    6a12:	473d                	li	a4,15
    6a14:	00f71733          	sll	a4,a4,a5
    6a18:	40e5f733          	andn	a4,a1,a4
    6a1c:	d298                	sw	a4,32(a3)
    6a1e:	5298                	lw	a4,32(a3)
    6a20:	00f617b3          	sll	a5,a2,a5
    6a24:	8fd9                	or	a5,a5,a4
    6a26:	d29c                	sw	a5,32(a3)
    6a28:	8082                	ret
    6a2a:	40070713          	addi	a4,a4,1024
    6a2e:	f2e51ae3          	bne	a0,a4,6962 <GPIO_PinAFConfig+0xf6>
    6a32:	40010737          	lui	a4,0x40010
    6a36:	4f54                	lw	a3,28(a4)
    6a38:	058a                	slli	a1,a1,0x2
    6a3a:	47bd                	li	a5,15
    6a3c:	00b797b3          	sll	a5,a5,a1
    6a40:	40f6f7b3          	andn	a5,a3,a5
    6a44:	cf5c                	sw	a5,28(a4)
    6a46:	4f5c                	lw	a5,28(a4)
    6a48:	00b615b3          	sll	a1,a2,a1
    6a4c:	8ddd                	or	a1,a1,a5
    6a4e:	cf4c                	sw	a1,28(a4)
    6a50:	8082                	ret
    6a52:	8082                	ret

00006a54 <GPIO_IPD_Unused>:
    6a54:	921ff2ef          	jal	t0,6374 <__riscv_save_0>
    6a58:	1141                	addi	sp,sp,-16
    6a5a:	4585                	li	a1,1
    6a5c:	0fc00513          	li	a0,252
    6a60:	c202                	sw	zero,4(sp)
    6a62:	c402                	sw	zero,8(sp)
    6a64:	c602                	sw	zero,12(sp)
    6a66:	2915                	jal	6e9a <RCC_HB2PeriphClockCmd>
    6a68:	31d5                	jal	674c <FLASH_BOOT_GetMode>
    6a6a:	1ffff7b7          	lui	a5,0x1ffff
    6a6e:	7047a783          	lw	a5,1796(a5) # 1ffff704 <_data_lma+0x1fff6dcc>
    6a72:	0f07f793          	andi	a5,a5,240
    6a76:	e38d                	bnez	a5,6a98 <GPIO_IPD_Unused+0x44>
    6a78:	4585                	li	a1,1
    6a7a:	80000537          	lui	a0,0x80000
    6a7e:	2925                	jal	6eb6 <RCC_HB1PeriphClockCmd>
    6a80:	400087b7          	lui	a5,0x40008
    6a84:	40078793          	addi	a5,a5,1024 # 40008400 <__global_pointer$+0x1ff47920>
    6a88:	53d8                	lw	a4,36(a5)
    6a8a:	4581                	li	a1,0
    6a8c:	80000537          	lui	a0,0x80000
    6a90:	00176713          	ori	a4,a4,1
    6a94:	d3d8                	sw	a4,36(a5)
    6a96:	2105                	jal	6eb6 <RCC_HB1PeriphClockCmd>
    6a98:	1ffff7b7          	lui	a5,0x1ffff
    6a9c:	7047a783          	lw	a5,1796(a5) # 1ffff704 <_data_lma+0x1fff6dcc>
    6aa0:	41710737          	lui	a4,0x41710
    6aa4:	50d70713          	addi	a4,a4,1293 # 4171050d <__global_pointer$+0x2164fa2d>
    6aa8:	f0f7f793          	andi	a5,a5,-241
    6aac:	06e78f63          	beq	a5,a4,6b2a <GPIO_IPD_Unused+0xd6>
    6ab0:	02f76063          	bltu	a4,a5,6ad0 <GPIO_IPD_Unused+0x7c>
    6ab4:	41500737          	lui	a4,0x41500
    6ab8:	50d70713          	addi	a4,a4,1293 # 4150050d <__global_pointer$+0x2143fa2d>
    6abc:	0ce78c63          	beq	a5,a4,6b94 <GPIO_IPD_Unused+0x140>
    6ac0:	41600737          	lui	a4,0x41600
    6ac4:	50d70713          	addi	a4,a4,1293 # 4160050d <__global_pointer$+0x2153fa2d>
    6ac8:	12e78463          	beq	a5,a4,6bf0 <GPIO_IPD_Unused+0x19c>
    6acc:	0141                	addi	sp,sp,16
    6ace:	b0e9                	j	6398 <__riscv_restore_0>
    6ad0:	41720737          	lui	a4,0x41720
    6ad4:	50d70713          	addi	a4,a4,1293 # 4172050d <__global_pointer$+0x2165fa2d>
    6ad8:	fee79ae3          	bne	a5,a4,6acc <GPIO_IPD_Unused+0x78>
    6adc:	6409                	lui	s0,0x2
    6ade:	fdf40793          	addi	a5,s0,-33 # 1fdf <__stack_size+0x1bdf>
    6ae2:	400114b7          	lui	s1,0x40011
    6ae6:	827c                	sh	a5,4(sp)
    6ae8:	004c                	addi	a1,sp,4
    6aea:	02800793          	li	a5,40
    6aee:	80048513          	addi	a0,s1,-2048 # 40010800 <__global_pointer$+0x1ff4fd20>
    6af2:	c63e                	sw	a5,12(sp)
    6af4:	3961                	jal	678c <GPIO_Init>
    6af6:	77e1                	lui	a5,0xffff8
    6af8:	0fc78793          	addi	a5,a5,252 # ffff80fc <__global_pointer$+0xdff3761c>
    6afc:	004c                	addi	a1,sp,4
    6afe:	c0048513          	addi	a0,s1,-1024
    6b02:	827c                	sh	a5,4(sp)
    6b04:	3161                	jal	678c <GPIO_Init>
    6b06:	77f9                	lui	a5,0xffffe
    6b08:	03078793          	addi	a5,a5,48 # ffffe030 <__global_pointer$+0xdff3d550>
    6b0c:	004c                	addi	a1,sp,4
    6b0e:	40011537          	lui	a0,0x40011
    6b12:	827c                	sh	a5,4(sp)
    6b14:	39a5                	jal	678c <GPIO_Init>
    6b16:	30000793          	li	a5,768
    6b1a:	004c                	addi	a1,sp,4
    6b1c:	40048513          	addi	a0,s1,1024
    6b20:	1471                	addi	s0,s0,-4
    6b22:	827c                	sh	a5,4(sp)
    6b24:	31a5                	jal	678c <GPIO_Init>
    6b26:	8260                	sh	s0,4(sp)
    6b28:	a0b9                	j	6b76 <GPIO_IPD_Unused+0x122>
    6b2a:	40011437          	lui	s0,0x40011
    6b2e:	1ce00793          	li	a5,462
    6b32:	827c                	sh	a5,4(sp)
    6b34:	004c                	addi	a1,sp,4
    6b36:	02800793          	li	a5,40
    6b3a:	80040513          	addi	a0,s0,-2048 # 40010800 <__global_pointer$+0x1ff4fd20>
    6b3e:	c63e                	sw	a5,12(sp)
    6b40:	31b1                	jal	678c <GPIO_Init>
    6b42:	77e1                	lui	a5,0xffff8
    6b44:	0e478793          	addi	a5,a5,228 # ffff80e4 <__global_pointer$+0xdff37604>
    6b48:	004c                	addi	a1,sp,4
    6b4a:	c0040513          	addi	a0,s0,-1024
    6b4e:	827c                	sh	a5,4(sp)
    6b50:	3935                	jal	678c <GPIO_Init>
    6b52:	77f9                	lui	a5,0xffffe
    6b54:	03078793          	addi	a5,a5,48 # ffffe030 <__global_pointer$+0xdff3d550>
    6b58:	004c                	addi	a1,sp,4
    6b5a:	40011537          	lui	a0,0x40011
    6b5e:	827c                	sh	a5,4(sp)
    6b60:	3135                	jal	678c <GPIO_Init>
    6b62:	30000793          	li	a5,768
    6b66:	004c                	addi	a1,sp,4
    6b68:	40040513          	addi	a0,s0,1024
    6b6c:	827c                	sh	a5,4(sp)
    6b6e:	3939                	jal	678c <GPIO_Init>
    6b70:	38400793          	li	a5,900
    6b74:	827c                	sh	a5,4(sp)
    6b76:	40012437          	lui	s0,0x40012
    6b7a:	004c                	addi	a1,sp,4
    6b7c:	80040513          	addi	a0,s0,-2048 # 40011800 <__global_pointer$+0x1ff50d20>
    6b80:	3131                	jal	678c <GPIO_Init>
    6b82:	6791                	lui	a5,0x4
    6b84:	fc078793          	addi	a5,a5,-64 # 3fc0 <__stack_size+0x3bc0>
    6b88:	004c                	addi	a1,sp,4
    6b8a:	c0040513          	addi	a0,s0,-1024
    6b8e:	827c                	sh	a5,4(sp)
    6b90:	3ef5                	jal	678c <GPIO_Init>
    6b92:	bf2d                	j	6acc <GPIO_IPD_Unused+0x78>
    6b94:	40011437          	lui	s0,0x40011
    6b98:	10000793          	li	a5,256
    6b9c:	80040513          	addi	a0,s0,-2048 # 40010800 <__global_pointer$+0x1ff4fd20>
    6ba0:	827c                	sh	a5,4(sp)
    6ba2:	004c                	addi	a1,sp,4
    6ba4:	02800793          	li	a5,40
    6ba8:	c63e                	sw	a5,12(sp)
    6baa:	36cd                	jal	678c <GPIO_Init>
    6bac:	02400793          	li	a5,36
    6bb0:	c0040513          	addi	a0,s0,-1024
    6bb4:	004c                	addi	a1,sp,4
    6bb6:	827c                	sh	a5,4(sp)
    6bb8:	3ed1                	jal	678c <GPIO_Init>
    6bba:	77f9                	lui	a5,0xffffe
    6bbc:	02078793          	addi	a5,a5,32 # ffffe020 <__global_pointer$+0xdff3d540>
    6bc0:	004c                	addi	a1,sp,4
    6bc2:	40011537          	lui	a0,0x40011
    6bc6:	827c                	sh	a5,4(sp)
    6bc8:	36d1                	jal	678c <GPIO_Init>
    6bca:	57dd                	li	a5,-9
    6bcc:	40040513          	addi	a0,s0,1024
    6bd0:	004c                	addi	a1,sp,4
    6bd2:	827c                	sh	a5,4(sp)
    6bd4:	40012437          	lui	s0,0x40012
    6bd8:	3e55                	jal	678c <GPIO_Init>
    6bda:	78700793          	li	a5,1927
    6bde:	004c                	addi	a1,sp,4
    6be0:	80040513          	addi	a0,s0,-2048 # 40011800 <__global_pointer$+0x1ff50d20>
    6be4:	827c                	sh	a5,4(sp)
    6be6:	365d                	jal	678c <GPIO_Init>
    6be8:	77e1                	lui	a5,0xffff8
    6bea:	fc77c793          	xori	a5,a5,-57
    6bee:	bf69                	j	6b88 <GPIO_IPD_Unused+0x134>
    6bf0:	40011437          	lui	s0,0x40011
    6bf4:	70000793          	li	a5,1792
    6bf8:	80040513          	addi	a0,s0,-2048 # 40010800 <__global_pointer$+0x1ff4fd20>
    6bfc:	827c                	sh	a5,4(sp)
    6bfe:	004c                	addi	a1,sp,4
    6c00:	02800793          	li	a5,40
    6c04:	c63e                	sw	a5,12(sp)
    6c06:	3659                	jal	678c <GPIO_Init>
    6c08:	c0400793          	li	a5,-1020
    6c0c:	c0040513          	addi	a0,s0,-1024
    6c10:	004c                	addi	a1,sp,4
    6c12:	827c                	sh	a5,4(sp)
    6c14:	3ea5                	jal	678c <GPIO_Init>
    6c16:	77f9                	lui	a5,0xffffe
    6c18:	004c                	addi	a1,sp,4
    6c1a:	40011537          	lui	a0,0x40011
    6c1e:	827c                	sh	a5,4(sp)
    6c20:	36b5                	jal	678c <GPIO_Init>
    6c22:	9f300793          	li	a5,-1549
    6c26:	40040513          	addi	a0,s0,1024
    6c2a:	004c                	addi	a1,sp,4
    6c2c:	827c                	sh	a5,4(sp)
    6c2e:	3eb9                	jal	678c <GPIO_Init>
    6c30:	77e1                	lui	a5,0xffff8
    6c32:	40012437          	lui	s0,0x40012
    6c36:	dff7c793          	xori	a5,a5,-513
    6c3a:	004c                	addi	a1,sp,4
    6c3c:	80040513          	addi	a0,s0,-2048 # 40011800 <__global_pointer$+0x1ff50d20>
    6c40:	827c                	sh	a5,4(sp)
    6c42:	36a9                	jal	678c <GPIO_Init>
    6c44:	6795                	lui	a5,0x5
    6c46:	83f78793          	addi	a5,a5,-1985 # 483f <__stack_size+0x443f>
    6c4a:	bf3d                	j	6b88 <GPIO_IPD_Unused+0x134>

00006c4c <PWR_EnterSTOPMode>:
    6c4c:	40007737          	lui	a4,0x40007
    6c50:	431c                	lw	a5,0(a4)
    6c52:	9bf9                	andi	a5,a5,-2
    6c54:	8fc9                	or	a5,a5,a0
    6c56:	c31c                	sw	a5,0(a4)
    6c58:	e000f737          	lui	a4,0xe000f
    6c5c:	d1072783          	lw	a5,-752(a4) # e000ed10 <__global_pointer$+0xbff4e230>
    6c60:	0047e793          	ori	a5,a5,4
    6c64:	d0f72823          	sw	a5,-752(a4)
    6c68:	4785                	li	a5,1
    6c6a:	02f59163          	bne	a1,a5,6c8c <PWR_EnterSTOPMode+0x40>
    6c6e:	d1072783          	lw	a5,-752(a4)
    6c72:	9bdd                	andi	a5,a5,-9
    6c74:	d0f72823          	sw	a5,-752(a4)
    6c78:	10500073          	wfi
    6c7c:	e000f737          	lui	a4,0xe000f
    6c80:	d1072783          	lw	a5,-752(a4) # e000ed10 <__global_pointer$+0xbff4e230>
    6c84:	9bed                	andi	a5,a5,-5
    6c86:	d0f72823          	sw	a5,-752(a4)
    6c8a:	8082                	ret
    6c8c:	400107b7          	lui	a5,0x40010
    6c90:	40078593          	addi	a1,a5,1024 # 40010400 <__global_pointer$+0x1ff4f920>
    6c94:	8341a603          	lw	a2,-1996(gp) # 200c0314 <WFE_MASK>
    6c98:	4188                	lw	a0,0(a1)
    6c9a:	8e49                	or	a2,a2,a0
    6c9c:	c190                	sw	a2,0(a1)
    6c9e:	8201a823          	sw	zero,-2000(gp) # 200c0310 <WFE_WkupSource>
    6ca2:	567d                	li	a2,-1
    6ca4:	c8c72223          	sw	a2,-892(a4)
    6ca8:	d1072603          	lw	a2,-752(a4)
    6cac:	00866613          	ori	a2,a2,8
    6cb0:	d0c72823          	sw	a2,-752(a4)
    6cb4:	10500073          	wfi
    6cb8:	41478793          	addi	a5,a5,1044
    6cbc:	4398                	lw	a4,0(a5)
    6cbe:	8341a603          	lw	a2,-1996(gp) # 200c0314 <WFE_MASK>
    6cc2:	8f71                	and	a4,a4,a2
    6cc4:	e719                	bnez	a4,6cd2 <PWR_EnterSTOPMode+0x86>
    6cc6:	8341a703          	lw	a4,-1996(gp) # 200c0314 <WFE_MASK>
    6cca:	c701                	beqz	a4,6cd2 <PWR_EnterSTOPMode+0x86>
    6ccc:	10500073          	wfi
    6cd0:	b7f5                	j	6cbc <PWR_EnterSTOPMode+0x70>
    6cd2:	4398                	lw	a4,0(a5)
    6cd4:	82e1a823          	sw	a4,-2000(gp) # 200c0310 <WFE_WkupSource>
    6cd8:	40010737          	lui	a4,0x40010
    6cdc:	40070713          	addi	a4,a4,1024 # 40010400 <__global_pointer$+0x1ff4f920>
    6ce0:	8341a603          	lw	a2,-1996(gp) # 200c0314 <WFE_MASK>
    6ce4:	430c                	lw	a1,0(a4)
    6ce6:	40c5f633          	andn	a2,a1,a2
    6cea:	c310                	sw	a2,0(a4)
    6cec:	8341a703          	lw	a4,-1996(gp) # 200c0314 <WFE_MASK>
    6cf0:	4394                	lw	a3,0(a5)
    6cf2:	8f55                	or	a4,a4,a3
    6cf4:	c398                	sw	a4,0(a5)
    6cf6:	b759                	j	6c7c <PWR_EnterSTOPMode+0x30>

00006cf8 <RCC_GetClocksFreq>:
    6cf8:	400217b7          	lui	a5,0x40021
    6cfc:	43d4                	lw	a3,4(a5)
    6cfe:	4798                	lw	a4,8(a5)
    6d00:	4621                	li	a2,8
    6d02:	8ab1                	andi	a3,a3,12
    6d04:	02c69463          	bne	a3,a2,6d2c <RCC_GetClocksFreq+0x34>
    6d08:	700006b7          	lui	a3,0x70000
    6d0c:	8f75                	and	a4,a4,a3
    6d0e:	50000637          	lui	a2,0x50000
    6d12:	14c70e63          	beq	a4,a2,6e6e <RCC_GetClocksFreq+0x176>
    6d16:	02e66063          	bltu	a2,a4,6d36 <RCC_GetClocksFreq+0x3e>
    6d1a:	c71d                	beqz	a4,6d48 <RCC_GetClocksFreq+0x50>
    6d1c:	1c9c47b7          	lui	a5,0x1c9c4
    6d20:	400006b7          	lui	a3,0x40000
    6d24:	80078793          	addi	a5,a5,-2048 # 1c9c3800 <_data_lma+0x1c9baec8>
    6d28:	06d70763          	beq	a4,a3,6d96 <RCC_GetClocksFreq+0x9e>
    6d2c:	017d87b7          	lui	a5,0x17d8
    6d30:	84078793          	addi	a5,a5,-1984 # 17d7840 <_data_lma+0x17cef08>
    6d34:	a08d                	j	6d96 <RCC_GetClocksFreq+0x9e>
    6d36:	60000637          	lui	a2,0x60000
    6d3a:	10c70b63          	beq	a4,a2,6e50 <RCC_GetClocksFreq+0x158>
    6d3e:	077367b7          	lui	a5,0x7736
    6d42:	94078793          	addi	a5,a5,-1728 # 7735940 <_data_lma+0x772d008>
    6d46:	b7cd                	j	6d28 <RCC_GetClocksFreq+0x30>
    6d48:	4790                	lw	a2,8(a5)
    6d4a:	4794                	lw	a3,8(a5)
    6d4c:	4798                	lw	a4,8(a5)
    6d4e:	0a000593          	li	a1,160
    6d52:	0e06f693          	andi	a3,a3,224
    6d56:	8321                	srli	a4,a4,0x8
    6d58:	03f77713          	andi	a4,a4,63
    6d5c:	8a7d                	andi	a2,a2,31
    6d5e:	0705                	addi	a4,a4,1
    6d60:	08b69d63          	bne	a3,a1,6dfa <RCC_GetClocksFreq+0x102>
    6d64:	1dcd67b7          	lui	a5,0x1dcd6
    6d68:	50078793          	addi	a5,a5,1280 # 1dcd6500 <_data_lma+0x1dccdbc8>
    6d6c:	02e7d733          	divu	a4,a5,a4
    6d70:	200c07b7          	lui	a5,0x200c0
    6d74:	26078793          	addi	a5,a5,608 # 200c0260 <PLLMULTable>
    6d78:	97b2                	add	a5,a5,a2
    6d7a:	239c                	lbu	a5,0(a5)
    6d7c:	4691                	li	a3,4
    6d7e:	02e787b3          	mul	a5,a5,a4
    6d82:	00d60963          	beq	a2,a3,6d94 <RCC_GetClocksFreq+0x9c>
    6d86:	6685                	lui	a3,0x1
    6d88:	54068693          	addi	a3,a3,1344 # 1540 <__stack_size+0x1140>
    6d8c:	00c6d6b3          	srl	a3,a3,a2
    6d90:	8a85                	andi	a3,a3,1
    6d92:	c291                	beqz	a3,6d96 <RCC_GetClocksFreq+0x9e>
    6d94:	8385                	srli	a5,a5,0x1
    6d96:	c11c                	sw	a5,0(a0)
    6d98:	40021637          	lui	a2,0x40021
    6d9c:	4254                	lw	a3,4(a2)
    6d9e:	200c0737          	lui	a4,0x200c0
    6da2:	25070713          	addi	a4,a4,592 # 200c0250 <HBPrescTable>
    6da6:	8291                	srli	a3,a3,0x4
    6da8:	8abd                	andi	a3,a3,15
    6daa:	9736                	add	a4,a4,a3
    6dac:	2318                	lbu	a4,0(a4)
    6dae:	81818693          	addi	a3,gp,-2024 # 200c02f8 <FPRETable>
    6db2:	00e7d7b3          	srl	a5,a5,a4
    6db6:	4258                	lw	a4,4(a2)
    6db8:	6641                	lui	a2,0x10
    6dba:	8341                	srli	a4,a4,0x10
    6dbc:	8b0d                	andi	a4,a4,3
    6dbe:	9736                	add	a4,a4,a3
    6dc0:	2318                	lbu	a4,0(a4)
    6dc2:	e000f6b7          	lui	a3,0xe000f
    6dc6:	00e7d733          	srl	a4,a5,a4
    6dca:	c158                	sw	a4,4(a0)
    6dcc:	d106a683          	lw	a3,-752(a3) # e000ed10 <__global_pointer$+0xbff4e230>
    6dd0:	8ef1                	and	a3,a3,a2
    6dd2:	e291                	bnez	a3,6dd6 <RCC_GetClocksFreq+0xde>
    6dd4:	87ba                	mv	a5,a4
    6dd6:	c51c                	sw	a5,8(a0)
    6dd8:	40021637          	lui	a2,0x40021
    6ddc:	425c                	lw	a5,4(a2)
    6dde:	0807dd63          	bgez	a5,6e78 <RCC_GetClocksFreq+0x180>
    6de2:	425c                	lw	a5,4(a2)
    6de4:	1c9c4737          	lui	a4,0x1c9c4
    6de8:	80070713          	addi	a4,a4,-2048 # 1c9c3800 <_data_lma+0x1c9baec8>
    6dec:	83ad                	srli	a5,a5,0xb
    6dee:	8bfd                	andi	a5,a5,31
    6df0:	0795                	addi	a5,a5,5
    6df2:	02f75733          	divu	a4,a4,a5
    6df6:	c558                	sw	a4,12(a0)
    6df8:	8082                	ret
    6dfa:	0e000593          	li	a1,224
    6dfe:	02b69263          	bne	a3,a1,6e22 <RCC_GetClocksFreq+0x12a>
    6e02:	5bd4                	lw	a3,52(a5)
    6e04:	200c07b7          	lui	a5,0x200c0
    6e08:	24078793          	addi	a5,a5,576 # 200c0240 <SERDESPLLMULTable>
    6e0c:	82c1                	srli	a3,a3,0x10
    6e0e:	97b6                	add	a5,a5,a3
    6e10:	239c                	lbu	a5,0(a5)
    6e12:	017d86b7          	lui	a3,0x17d8
    6e16:	84068693          	addi	a3,a3,-1984 # 17d7840 <_data_lma+0x17cef08>
    6e1a:	02d787b3          	mul	a5,a5,a3
    6e1e:	8385                	srli	a5,a5,0x1
    6e20:	b7b1                	j	6d6c <RCC_GetClocksFreq+0x74>
    6e22:	08000793          	li	a5,128
    6e26:	00f69763          	bne	a3,a5,6e34 <RCC_GetClocksFreq+0x13c>
    6e2a:	1c9c47b7          	lui	a5,0x1c9c4
    6e2e:	80078793          	addi	a5,a5,-2048 # 1c9c3800 <_data_lma+0x1c9baec8>
    6e32:	bf2d                	j	6d6c <RCC_GetClocksFreq+0x74>
    6e34:	0c000793          	li	a5,192
    6e38:	00f69763          	bne	a3,a5,6e46 <RCC_GetClocksFreq+0x14e>
    6e3c:	077367b7          	lui	a5,0x7736
    6e40:	94078793          	addi	a5,a5,-1728 # 7735940 <_data_lma+0x772d008>
    6e44:	b725                	j	6d6c <RCC_GetClocksFreq+0x74>
    6e46:	017d87b7          	lui	a5,0x17d8
    6e4a:	84078793          	addi	a5,a5,-1984 # 17d7840 <_data_lma+0x17cef08>
    6e4e:	bf39                	j	6d6c <RCC_GetClocksFreq+0x74>
    6e50:	5bd8                	lw	a4,52(a5)
    6e52:	200c07b7          	lui	a5,0x200c0
    6e56:	24078793          	addi	a5,a5,576 # 200c0240 <SERDESPLLMULTable>
    6e5a:	8341                	srli	a4,a4,0x10
    6e5c:	97ba                	add	a5,a5,a4
    6e5e:	239c                	lbu	a5,0(a5)
    6e60:	017d8737          	lui	a4,0x17d8
    6e64:	84070713          	addi	a4,a4,-1984 # 17d7840 <_data_lma+0x17cef08>
    6e68:	02e787b3          	mul	a5,a5,a4
    6e6c:	b725                	j	6d94 <RCC_GetClocksFreq+0x9c>
    6e6e:	1dcd67b7          	lui	a5,0x1dcd6
    6e72:	50078793          	addi	a5,a5,1280 # 1dcd6500 <_data_lma+0x1dccdbc8>
    6e76:	b705                	j	6d96 <RCC_GetClocksFreq+0x9e>
    6e78:	4254                	lw	a3,4(a2)
    6e7a:	81018793          	addi	a5,gp,-2032 # 200c02f0 <PPRE2Table>
    6e7e:	82ad                	srli	a3,a3,0xb
    6e80:	8a9d                	andi	a3,a3,7
    6e82:	97b6                	add	a5,a5,a3
    6e84:	238c                	lbu	a1,0(a5)
    6e86:	425c                	lw	a5,4(a2)
    6e88:	80c18693          	addi	a3,gp,-2036 # 200c02ec <ADCPRETable>
    6e8c:	83b9                	srli	a5,a5,0xe
    6e8e:	8b8d                	andi	a5,a5,3
    6e90:	97b6                	add	a5,a5,a3
    6e92:	239c                	lbu	a5,0(a5)
    6e94:	00b75733          	srl	a4,a4,a1
    6e98:	bfa9                	j	6df2 <RCC_GetClocksFreq+0xfa>

00006e9a <RCC_HB2PeriphClockCmd>:
    6e9a:	c599                	beqz	a1,6ea8 <RCC_HB2PeriphClockCmd+0xe>
    6e9c:	40021737          	lui	a4,0x40021
    6ea0:	4f5c                	lw	a5,28(a4)
    6ea2:	8fc9                	or	a5,a5,a0
    6ea4:	cf5c                	sw	a5,28(a4)
    6ea6:	8082                	ret
    6ea8:	400217b7          	lui	a5,0x40021
    6eac:	4fd8                	lw	a4,28(a5)
    6eae:	40a77533          	andn	a0,a4,a0
    6eb2:	cfc8                	sw	a0,28(a5)
    6eb4:	8082                	ret

00006eb6 <RCC_HB1PeriphClockCmd>:
    6eb6:	c599                	beqz	a1,6ec4 <RCC_HB1PeriphClockCmd+0xe>
    6eb8:	40021737          	lui	a4,0x40021
    6ebc:	531c                	lw	a5,32(a4)
    6ebe:	8fc9                	or	a5,a5,a0
    6ec0:	d31c                	sw	a5,32(a4)
    6ec2:	8082                	ret
    6ec4:	400217b7          	lui	a5,0x40021
    6ec8:	5398                	lw	a4,32(a5)
    6eca:	40a77533          	andn	a0,a4,a0
    6ece:	d388                	sw	a0,32(a5)
    6ed0:	8082                	ret

00006ed2 <USART_Init>:
    6ed2:	ca2ff2ef          	jal	t0,6374 <__riscv_save_0>
    6ed6:	291a                	lhu	a4,16(a0)
    6ed8:	77f5                	lui	a5,0xffffd
    6eda:	17fd                	addi	a5,a5,-1 # ffffcfff <__global_pointer$+0xdff3c51f>
    6edc:	8f7d                	and	a4,a4,a5
    6ede:	21fe                	lhu	a5,6(a1)
    6ee0:	2596                	lhu	a3,8(a1)
    6ee2:	1141                	addi	sp,sp,-16
    6ee4:	8fd9                	or	a5,a5,a4
    6ee6:	a91e                	sh	a5,16(a0)
    6ee8:	21de                	lhu	a5,4(a1)
    6eea:	255a                	lhu	a4,12(a0)
    6eec:	842a                	mv	s0,a0
    6eee:	8fd5                	or	a5,a5,a3
    6ef0:	25b6                	lhu	a3,10(a1)
    6ef2:	84ae                	mv	s1,a1
    6ef4:	8fd5                	or	a5,a5,a3
    6ef6:	668d                	lui	a3,0x3
    6ef8:	9f368693          	addi	a3,a3,-1549 # 29f3 <__stack_size+0x25f3>
    6efc:	8f75                	and	a4,a4,a3
    6efe:	8fd9                	or	a5,a5,a4
    6f00:	a55e                	sh	a5,12(a0)
    6f02:	295e                	lhu	a5,20(a0)
    6f04:	25da                	lhu	a4,12(a1)
    6f06:	0807c7b3          	zext.h	a5,a5
    6f0a:	cff7f793          	andi	a5,a5,-769
    6f0e:	8fd9                	or	a5,a5,a4
    6f10:	a95e                	sh	a5,20(a0)
    6f12:	850a                	mv	a0,sp
    6f14:	33d5                	jal	6cf8 <RCC_GetClocksFreq>
    6f16:	4792                	lw	a5,4(sp)
    6f18:	4565                	li	a0,25
    6f1a:	4090                	lw	a2,0(s1)
    6f1c:	02f535b3          	mulhu	a1,a0,a5
    6f20:	4681                	li	a3,0
    6f22:	060a                	slli	a2,a2,0x2
    6f24:	02f50533          	mul	a0,a0,a5
    6f28:	2a35                	jal	7064 <__udivdi3>
    6f2a:	06400693          	li	a3,100
    6f2e:	02d557b3          	divu	a5,a0,a3
    6f32:	63f00613          	li	a2,1599
    6f36:	00479713          	slli	a4,a5,0x4
    6f3a:	02d577b3          	remu	a5,a0,a3
    6f3e:	0792                	slli	a5,a5,0x4
    6f40:	03278793          	addi	a5,a5,50
    6f44:	00f67a63          	bgeu	a2,a5,6f58 <USART_Init+0x86>
    6f48:	01070793          	addi	a5,a4,16 # 40021010 <__global_pointer$+0x1ff60530>
    6f4c:	0807c7b3          	zext.h	a5,a5
    6f50:	a41e                	sh	a5,8(s0)
    6f52:	0141                	addi	sp,sp,16
    6f54:	c44ff06f          	j	6398 <__riscv_restore_0>
    6f58:	02d7d7b3          	divu	a5,a5,a3
    6f5c:	8fd9                	or	a5,a5,a4
    6f5e:	b7fd                	j	6f4c <USART_Init+0x7a>

00006f60 <USART_Cmd>:
    6f60:	255e                	lhu	a5,12(a0)
    6f62:	c589                	beqz	a1,6f6c <USART_Cmd+0xc>
    6f64:	28d79793          	bseti	a5,a5,0xd
    6f68:	a55e                	sh	a5,12(a0)
    6f6a:	8082                	ret
    6f6c:	7779                	lui	a4,0xffffe
    6f6e:	177d                	addi	a4,a4,-1 # ffffdfff <__global_pointer$+0xdff3d51f>
    6f70:	8ff9                	and	a5,a5,a4
    6f72:	bfdd                	j	6f68 <USART_Cmd+0x8>

00006f74 <USART_SendData>:
    6f74:	1ff5f593          	andi	a1,a1,511
    6f78:	a14e                	sh	a1,4(a0)
    6f7a:	8082                	ret

00006f7c <USART_GetFlagStatus>:
    6f7c:	210a                	lhu	a0,0(a0)
    6f7e:	8d6d                	and	a0,a0,a1
    6f80:	00a03533          	snez	a0,a0
    6f84:	8082                	ret

00006f86 <Delay_Init>:
    6f86:	82c1a783          	lw	a5,-2004(gp) # 200c030c <HCLKClock>
    6f8a:	000f4737          	lui	a4,0xf4
    6f8e:	24070713          	addi	a4,a4,576 # f4240 <_data_lma+0xeb908>
    6f92:	02e7d7b3          	divu	a5,a5,a4
    6f96:	82f19e23          	sh	a5,-1988(gp) # 200c031c <p_us>
    6f9a:	3e800713          	li	a4,1000
    6f9e:	02e787b3          	mul	a5,a5,a4
    6fa2:	82f1ac23          	sw	a5,-1992(gp) # 200c0318 <p_ms>
    6fa6:	8082                	ret

00006fa8 <USART_Printf_Init>:
    6fa8:	bccff2ef          	jal	t0,6374 <__riscv_save_0>
    6fac:	842a                	mv	s0,a0
    6fae:	6511                	lui	a0,0x4
    6fb0:	1101                	addi	sp,sp,-32
    6fb2:	4585                	li	a1,1
    6fb4:	0515                	addi	a0,a0,5 # 4005 <__stack_size+0x3c05>
    6fb6:	35d5                	jal	6e9a <RCC_HB2PeriphClockCmd>
    6fb8:	400114b7          	lui	s1,0x40011
    6fbc:	461d                	li	a2,7
    6fbe:	80048513          	addi	a0,s1,-2048 # 40010800 <__global_pointer$+0x1ff4fd20>
    6fc2:	45a5                	li	a1,9
    6fc4:	8a9ff0ef          	jal	ra,686c <GPIO_PinAFConfig>
    6fc8:	20000793          	li	a5,512
    6fcc:	827c                	sh	a5,4(sp)
    6fce:	478d                	li	a5,3
    6fd0:	c43e                	sw	a5,8(sp)
    6fd2:	004c                	addi	a1,sp,4
    6fd4:	47e1                	li	a5,24
    6fd6:	80048513          	addi	a0,s1,-2048
    6fda:	c63e                	sw	a5,12(sp)
    6fdc:	fb0ff0ef          	jal	ra,678c <GPIO_Init>
    6fe0:	c822                	sw	s0,16(sp)
    6fe2:	40014437          	lui	s0,0x40014
    6fe6:	000807b7          	lui	a5,0x80
    6fea:	080c                	addi	a1,sp,16
    6fec:	80040513          	addi	a0,s0,-2048 # 40013800 <__global_pointer$+0x1ff52d20>
    6ff0:	cc3e                	sw	a5,24(sp)
    6ff2:	ca02                	sw	zero,20(sp)
    6ff4:	00011e23          	sh	zero,28(sp)
    6ff8:	3de9                	jal	6ed2 <USART_Init>
    6ffa:	4585                	li	a1,1
    6ffc:	80040513          	addi	a0,s0,-2048
    7000:	3785                	jal	6f60 <USART_Cmd>
    7002:	6105                	addi	sp,sp,32
    7004:	b94ff06f          	j	6398 <__riscv_restore_0>

00007008 <_write>:
    7008:	b52ff2ef          	jal	t0,635a <__riscv_save_4>
    700c:	40014937          	lui	s2,0x40014
    7010:	89ae                	mv	s3,a1
    7012:	8432                	mv	s0,a2
    7014:	4481                	li	s1,0
    7016:	80090913          	addi	s2,s2,-2048 # 40013800 <__global_pointer$+0x1ff52d20>
    701a:	0084c563          	blt	s1,s0,7024 <_write+0x1c>
    701e:	8522                	mv	a0,s0
    7020:	b6eff06f          	j	638e <__riscv_restore_4>
    7024:	04000593          	li	a1,64
    7028:	854a                	mv	a0,s2
    702a:	3f89                	jal	6f7c <USART_GetFlagStatus>
    702c:	dd65                	beqz	a0,7024 <_write+0x1c>
    702e:	009987b3          	add	a5,s3,s1
    7032:	00078583          	lb	a1,0(a5) # 80000 <_data_lma+0x776c8>
    7036:	854a                	mv	a0,s2
    7038:	0485                	addi	s1,s1,1
    703a:	0805c5b3          	zext.h	a1,a1
    703e:	3f1d                	jal	6f74 <USART_SendData>
    7040:	bfe9                	j	701a <_write+0x12>

00007042 <_sbrk>:
    7042:	87aa                	mv	a5,a0
    7044:	81c1a503          	lw	a0,-2020(gp) # 200c02fc <curbrk.0>
    7048:	85818713          	addi	a4,gp,-1960 # 200c0338 <_ebss>
    704c:	97aa                	add	a5,a5,a0
    704e:	00e7e963          	bltu	a5,a4,7060 <_sbrk+0x1e>
    7052:	b2018713          	addi	a4,gp,-1248 # 200c0600 <_heap_end>
    7056:	00f76563          	bltu	a4,a5,7060 <_sbrk+0x1e>
    705a:	80f1ae23          	sw	a5,-2020(gp) # 200c02fc <curbrk.0>
    705e:	8082                	ret
    7060:	557d                	li	a0,-1
    7062:	8082                	ret

00007064 <__udivdi3>:
    7064:	8832                	mv	a6,a2
    7066:	88aa                	mv	a7,a0
    7068:	872e                	mv	a4,a1
    706a:	eacd                	bnez	a3,711c <__udivdi3+0xb8>
    706c:	0ec5ff63          	bgeu	a1,a2,716a <__udivdi3+0x106>
    7070:	67c1                	lui	a5,0x10
    7072:	18f66a63          	bltu	a2,a5,7206 <__udivdi3+0x1a2>
    7076:	010007b7          	lui	a5,0x1000
    707a:	00f637b3          	sltu	a5,a2,a5
    707e:	40f007b3          	neg	a5,a5
    7082:	9be1                	andi	a5,a5,-8
    7084:	07e1                	addi	a5,a5,24 # 1000018 <_data_lma+0xff76e0>
    7086:	00f65333          	srl	t1,a2,a5
    708a:	00001697          	auipc	a3,0x1
    708e:	63a68693          	addi	a3,a3,1594 # 86c4 <__clz_tab>
    7092:	969a                	add	a3,a3,t1
    7094:	2294                	lbu	a3,0(a3)
    7096:	02000313          	li	t1,32
    709a:	97b6                	add	a5,a5,a3
    709c:	40f306b3          	sub	a3,t1,a5
    70a0:	00f30b63          	beq	t1,a5,70b6 <__udivdi3+0x52>
    70a4:	00d59733          	sll	a4,a1,a3
    70a8:	00f557b3          	srl	a5,a0,a5
    70ac:	00d61833          	sll	a6,a2,a3
    70b0:	8f5d                	or	a4,a4,a5
    70b2:	00d518b3          	sll	a7,a0,a3
    70b6:	01085613          	srli	a2,a6,0x10
    70ba:	02c75533          	divu	a0,a4,a2
    70be:	080846b3          	zext.h	a3,a6
    70c2:	0108d793          	srli	a5,a7,0x10
    70c6:	02c77733          	remu	a4,a4,a2
    70ca:	02a685b3          	mul	a1,a3,a0
    70ce:	0742                	slli	a4,a4,0x10
    70d0:	8fd9                	or	a5,a5,a4
    70d2:	00b7fa63          	bgeu	a5,a1,70e6 <__udivdi3+0x82>
    70d6:	97c2                	add	a5,a5,a6
    70d8:	fff50713          	addi	a4,a0,-1
    70dc:	0107e463          	bltu	a5,a6,70e4 <__udivdi3+0x80>
    70e0:	30b7e863          	bltu	a5,a1,73f0 <__udivdi3+0x38c>
    70e4:	853a                	mv	a0,a4
    70e6:	8f8d                	sub	a5,a5,a1
    70e8:	02c7d733          	divu	a4,a5,a2
    70ec:	0808c8b3          	zext.h	a7,a7
    70f0:	02c7f7b3          	remu	a5,a5,a2
    70f4:	02e686b3          	mul	a3,a3,a4
    70f8:	07c2                	slli	a5,a5,0x10
    70fa:	00f8e8b3          	or	a7,a7,a5
    70fe:	00d8fb63          	bgeu	a7,a3,7114 <__udivdi3+0xb0>
    7102:	98c2                	add	a7,a7,a6
    7104:	fff70793          	addi	a5,a4,-1
    7108:	0108e563          	bltu	a7,a6,7112 <__udivdi3+0xae>
    710c:	1779                	addi	a4,a4,-2
    710e:	00d8e363          	bltu	a7,a3,7114 <__udivdi3+0xb0>
    7112:	873e                	mv	a4,a5
    7114:	0542                	slli	a0,a0,0x10
    7116:	8d59                	or	a0,a0,a4
    7118:	4581                	li	a1,0
    711a:	8082                	ret
    711c:	00d5f563          	bgeu	a1,a3,7126 <__udivdi3+0xc2>
    7120:	4581                	li	a1,0
    7122:	4501                	li	a0,0
    7124:	8082                	ret
    7126:	67c1                	lui	a5,0x10
    7128:	18f6e563          	bltu	a3,a5,72b2 <__udivdi3+0x24e>
    712c:	010007b7          	lui	a5,0x1000
    7130:	00f6b7b3          	sltu	a5,a3,a5
    7134:	40f007b3          	neg	a5,a5
    7138:	9be1                	andi	a5,a5,-8
    713a:	07e1                	addi	a5,a5,24 # 1000018 <_data_lma+0xff76e0>
    713c:	00f6d833          	srl	a6,a3,a5
    7140:	00001717          	auipc	a4,0x1
    7144:	58470713          	addi	a4,a4,1412 # 86c4 <__clz_tab>
    7148:	9742                	add	a4,a4,a6
    714a:	2318                	lbu	a4,0(a4)
    714c:	02000893          	li	a7,32
    7150:	973e                	add	a4,a4,a5
    7152:	40e88833          	sub	a6,a7,a4
    7156:	18e89263          	bne	a7,a4,72da <__udivdi3+0x276>
    715a:	26b6ed63          	bltu	a3,a1,73d4 <__udivdi3+0x370>
    715e:	00c53533          	sltu	a0,a0,a2
    7162:	00154513          	xori	a0,a0,1
    7166:	4581                	li	a1,0
    7168:	8082                	ret
    716a:	c645                	beqz	a2,7212 <__udivdi3+0x1ae>
    716c:	67c1                	lui	a5,0x10
    716e:	24f67b63          	bgeu	a2,a5,73c4 <__udivdi3+0x360>
    7172:	10063713          	sltiu	a4,a2,256
    7176:	00174713          	xori	a4,a4,1
    717a:	070e                	slli	a4,a4,0x3
    717c:	00e656b3          	srl	a3,a2,a4
    7180:	00001797          	auipc	a5,0x1
    7184:	54478793          	addi	a5,a5,1348 # 86c4 <__clz_tab>
    7188:	97b6                	add	a5,a5,a3
    718a:	239c                	lbu	a5,0(a5)
    718c:	02000693          	li	a3,32
    7190:	97ba                	add	a5,a5,a4
    7192:	40f68eb3          	sub	t4,a3,a5
    7196:	08f69d63          	bne	a3,a5,7230 <__udivdi3+0x1cc>
    719a:	40c587b3          	sub	a5,a1,a2
    719e:	4585                	li	a1,1
    71a0:	01065693          	srli	a3,a2,0x10
    71a4:	08064633          	zext.h	a2,a2
    71a8:	02d7d533          	divu	a0,a5,a3
    71ac:	0108d713          	srli	a4,a7,0x10
    71b0:	02d7f7b3          	remu	a5,a5,a3
    71b4:	02c50333          	mul	t1,a0,a2
    71b8:	07c2                	slli	a5,a5,0x10
    71ba:	8fd9                	or	a5,a5,a4
    71bc:	0067fa63          	bgeu	a5,t1,71d0 <__udivdi3+0x16c>
    71c0:	97c2                	add	a5,a5,a6
    71c2:	fff50713          	addi	a4,a0,-1
    71c6:	0107e463          	bltu	a5,a6,71ce <__udivdi3+0x16a>
    71ca:	2267e063          	bltu	a5,t1,73ea <__udivdi3+0x386>
    71ce:	853a                	mv	a0,a4
    71d0:	406787b3          	sub	a5,a5,t1
    71d4:	02d7d733          	divu	a4,a5,a3
    71d8:	0808c8b3          	zext.h	a7,a7
    71dc:	02d7f7b3          	remu	a5,a5,a3
    71e0:	02c70633          	mul	a2,a4,a2
    71e4:	07c2                	slli	a5,a5,0x10
    71e6:	00f8e8b3          	or	a7,a7,a5
    71ea:	00c8fb63          	bgeu	a7,a2,7200 <__udivdi3+0x19c>
    71ee:	98c2                	add	a7,a7,a6
    71f0:	fff70793          	addi	a5,a4,-1
    71f4:	0108e563          	bltu	a7,a6,71fe <__udivdi3+0x19a>
    71f8:	1779                	addi	a4,a4,-2
    71fa:	00c8e363          	bltu	a7,a2,7200 <__udivdi3+0x19c>
    71fe:	873e                	mv	a4,a5
    7200:	0542                	slli	a0,a0,0x10
    7202:	8d59                	or	a0,a0,a4
    7204:	8082                	ret
    7206:	10063793          	sltiu	a5,a2,256
    720a:	0017c793          	xori	a5,a5,1
    720e:	078e                	slli	a5,a5,0x3
    7210:	bd9d                	j	7086 <__udivdi3+0x22>
    7212:	4681                	li	a3,0
    7214:	00001797          	auipc	a5,0x1
    7218:	4b078793          	addi	a5,a5,1200 # 86c4 <__clz_tab>
    721c:	97b6                	add	a5,a5,a3
    721e:	239c                	lbu	a5,0(a5)
    7220:	4701                	li	a4,0
    7222:	02000693          	li	a3,32
    7226:	97ba                	add	a5,a5,a4
    7228:	40f68eb3          	sub	t4,a3,a5
    722c:	f6f687e3          	beq	a3,a5,719a <__udivdi3+0x136>
    7230:	01d61833          	sll	a6,a2,t4
    7234:	00f5d333          	srl	t1,a1,a5
    7238:	01085693          	srli	a3,a6,0x10
    723c:	02d35e33          	divu	t3,t1,a3
    7240:	01d595b3          	sll	a1,a1,t4
    7244:	00f557b3          	srl	a5,a0,a5
    7248:	8fcd                	or	a5,a5,a1
    724a:	08084633          	zext.h	a2,a6
    724e:	0107d713          	srli	a4,a5,0x10
    7252:	01d518b3          	sll	a7,a0,t4
    7256:	02d37333          	remu	t1,t1,a3
    725a:	03c605b3          	mul	a1,a2,t3
    725e:	0342                	slli	t1,t1,0x10
    7260:	00676733          	or	a4,a4,t1
    7264:	00b77b63          	bgeu	a4,a1,727a <__udivdi3+0x216>
    7268:	9742                	add	a4,a4,a6
    726a:	fffe0513          	addi	a0,t3,-1 # 1ffffff <_data_lma+0x1ff76c7>
    726e:	17076a63          	bltu	a4,a6,73e2 <__udivdi3+0x37e>
    7272:	16b77863          	bgeu	a4,a1,73e2 <__udivdi3+0x37e>
    7276:	1e79                	addi	t3,t3,-2
    7278:	9742                	add	a4,a4,a6
    727a:	8f0d                	sub	a4,a4,a1
    727c:	02d75533          	divu	a0,a4,a3
    7280:	0807c7b3          	zext.h	a5,a5
    7284:	02d77733          	remu	a4,a4,a3
    7288:	02a60333          	mul	t1,a2,a0
    728c:	0742                	slli	a4,a4,0x10
    728e:	8fd9                	or	a5,a5,a4
    7290:	0067fb63          	bgeu	a5,t1,72a6 <__udivdi3+0x242>
    7294:	97c2                	add	a5,a5,a6
    7296:	fff50713          	addi	a4,a0,-1
    729a:	1507e063          	bltu	a5,a6,73da <__udivdi3+0x376>
    729e:	1267fe63          	bgeu	a5,t1,73da <__udivdi3+0x376>
    72a2:	1579                	addi	a0,a0,-2
    72a4:	97c2                	add	a5,a5,a6
    72a6:	010e1593          	slli	a1,t3,0x10
    72aa:	406787b3          	sub	a5,a5,t1
    72ae:	8dc9                	or	a1,a1,a0
    72b0:	bde5                	j	71a8 <__udivdi3+0x144>
    72b2:	1006b793          	sltiu	a5,a3,256
    72b6:	0017c793          	xori	a5,a5,1
    72ba:	078e                	slli	a5,a5,0x3
    72bc:	00f6d833          	srl	a6,a3,a5
    72c0:	00001717          	auipc	a4,0x1
    72c4:	40470713          	addi	a4,a4,1028 # 86c4 <__clz_tab>
    72c8:	9742                	add	a4,a4,a6
    72ca:	2318                	lbu	a4,0(a4)
    72cc:	02000893          	li	a7,32
    72d0:	973e                	add	a4,a4,a5
    72d2:	40e88833          	sub	a6,a7,a4
    72d6:	e8e882e3          	beq	a7,a4,715a <__udivdi3+0xf6>
    72da:	00e65e33          	srl	t3,a2,a4
    72de:	010696b3          	sll	a3,a3,a6
    72e2:	00de6e33          	or	t3,t3,a3
    72e6:	00e5d8b3          	srl	a7,a1,a4
    72ea:	010e5e93          	srli	t4,t3,0x10
    72ee:	03d8d7b3          	divu	a5,a7,t4
    72f2:	010595b3          	sll	a1,a1,a6
    72f6:	00e55733          	srl	a4,a0,a4
    72fa:	8f4d                	or	a4,a4,a1
    72fc:	080e4333          	zext.h	t1,t3
    7300:	01075693          	srli	a3,a4,0x10
    7304:	01061633          	sll	a2,a2,a6
    7308:	03d8f8b3          	remu	a7,a7,t4
    730c:	02f305b3          	mul	a1,t1,a5
    7310:	08c2                	slli	a7,a7,0x10
    7312:	0116e6b3          	or	a3,a3,a7
    7316:	00b6fb63          	bgeu	a3,a1,732c <__udivdi3+0x2c8>
    731a:	96f2                	add	a3,a3,t3
    731c:	fff78893          	addi	a7,a5,-1
    7320:	0dc6e363          	bltu	a3,t3,73e6 <__udivdi3+0x382>
    7324:	0cb6f163          	bgeu	a3,a1,73e6 <__udivdi3+0x382>
    7328:	17f9                	addi	a5,a5,-2
    732a:	96f2                	add	a3,a3,t3
    732c:	8e8d                	sub	a3,a3,a1
    732e:	03d6d5b3          	divu	a1,a3,t4
    7332:	08074733          	zext.h	a4,a4
    7336:	03d6f6b3          	remu	a3,a3,t4
    733a:	02b308b3          	mul	a7,t1,a1
    733e:	06c2                	slli	a3,a3,0x10
    7340:	8f55                	or	a4,a4,a3
    7342:	01177b63          	bgeu	a4,a7,7358 <__udivdi3+0x2f4>
    7346:	9772                	add	a4,a4,t3
    7348:	fff58693          	addi	a3,a1,-1
    734c:	09c76963          	bltu	a4,t3,73de <__udivdi3+0x37a>
    7350:	09177763          	bgeu	a4,a7,73de <__udivdi3+0x37a>
    7354:	15f9                	addi	a1,a1,-2
    7356:	9772                	add	a4,a4,t3
    7358:	07c2                	slli	a5,a5,0x10
    735a:	6ec1                	lui	t4,0x10
    735c:	8fcd                	or	a5,a5,a1
    735e:	fffe8693          	addi	a3,t4,-1 # ffff <_data_lma+0x76c7>
    7362:	00d7f5b3          	and	a1,a5,a3
    7366:	0107d313          	srli	t1,a5,0x10
    736a:	8ef1                	and	a3,a3,a2
    736c:	8241                	srli	a2,a2,0x10
    736e:	02d58e33          	mul	t3,a1,a3
    7372:	41170733          	sub	a4,a4,a7
    7376:	02d306b3          	mul	a3,t1,a3
    737a:	010e5893          	srli	a7,t3,0x10
    737e:	02c585b3          	mul	a1,a1,a2
    7382:	95b6                	add	a1,a1,a3
    7384:	95c6                	add	a1,a1,a7
    7386:	02c30333          	mul	t1,t1,a2
    738a:	00d5f363          	bgeu	a1,a3,7390 <__udivdi3+0x32c>
    738e:	9376                	add	t1,t1,t4
    7390:	0105d693          	srli	a3,a1,0x10
    7394:	969a                	add	a3,a3,t1
    7396:	02d76363          	bltu	a4,a3,73bc <__udivdi3+0x358>
    739a:	00d70563          	beq	a4,a3,73a4 <__udivdi3+0x340>
    739e:	853e                	mv	a0,a5
    73a0:	4581                	li	a1,0
    73a2:	8082                	ret
    73a4:	66c1                	lui	a3,0x10
    73a6:	16fd                	addi	a3,a3,-1 # ffff <_data_lma+0x76c7>
    73a8:	00d5f733          	and	a4,a1,a3
    73ac:	0742                	slli	a4,a4,0x10
    73ae:	00de7e33          	and	t3,t3,a3
    73b2:	01051533          	sll	a0,a0,a6
    73b6:	9772                	add	a4,a4,t3
    73b8:	fee573e3          	bgeu	a0,a4,739e <__udivdi3+0x33a>
    73bc:	fff78513          	addi	a0,a5,-1
    73c0:	4581                	li	a1,0
    73c2:	8082                	ret
    73c4:	010007b7          	lui	a5,0x1000
    73c8:	02f67763          	bgeu	a2,a5,73f6 <__udivdi3+0x392>
    73cc:	01065693          	srli	a3,a2,0x10
    73d0:	4741                	li	a4,16
    73d2:	b37d                	j	7180 <__udivdi3+0x11c>
    73d4:	4581                	li	a1,0
    73d6:	4505                	li	a0,1
    73d8:	8082                	ret
    73da:	853a                	mv	a0,a4
    73dc:	b5e9                	j	72a6 <__udivdi3+0x242>
    73de:	85b6                	mv	a1,a3
    73e0:	bfa5                	j	7358 <__udivdi3+0x2f4>
    73e2:	8e2a                	mv	t3,a0
    73e4:	bd59                	j	727a <__udivdi3+0x216>
    73e6:	87c6                	mv	a5,a7
    73e8:	b791                	j	732c <__udivdi3+0x2c8>
    73ea:	1579                	addi	a0,a0,-2
    73ec:	97c2                	add	a5,a5,a6
    73ee:	b3cd                	j	71d0 <__udivdi3+0x16c>
    73f0:	1579                	addi	a0,a0,-2
    73f2:	97c2                	add	a5,a5,a6
    73f4:	b9cd                	j	70e6 <__udivdi3+0x82>
    73f6:	01865693          	srli	a3,a2,0x18
    73fa:	4761                	li	a4,24
    73fc:	b351                	j	7180 <__udivdi3+0x11c>

000073fe <iprintf>:
    73fe:	715d                	addi	sp,sp,-80
    7400:	d422                	sw	s0,40(sp)
    7402:	d606                	sw	ra,44(sp)
    7404:	842a                	mv	s0,a0
    7406:	da2e                	sw	a1,52(sp)
    7408:	dc32                	sw	a2,56(sp)
    740a:	de36                	sw	a3,60(sp)
    740c:	c0ba                	sw	a4,64(sp)
    740e:	c2be                	sw	a5,68(sp)
    7410:	c4c2                	sw	a6,72(sp)
    7412:	c6c6                	sw	a7,76(sp)
    7414:	8201a503          	lw	a0,-2016(gp) # 200c0300 <_impure_ptr>
    7418:	c511                	beqz	a0,7424 <iprintf+0x26>
    741a:	4d1c                	lw	a5,24(a0)
    741c:	e781                	bnez	a5,7424 <iprintf+0x26>
    741e:	c62a                	sw	a0,12(sp)
    7420:	2b91                	jal	7974 <__sinit>
    7422:	4532                	lw	a0,12(sp)
    7424:	450c                	lw	a1,8(a0)
    7426:	1854                	addi	a3,sp,52
    7428:	8622                	mv	a2,s0
    742a:	ce36                	sw	a3,28(sp)
    742c:	20b000ef          	jal	ra,7e36 <_vfiprintf_r>
    7430:	50b2                	lw	ra,44(sp)
    7432:	5422                	lw	s0,40(sp)
    7434:	6161                	addi	sp,sp,80
    7436:	8082                	ret

00007438 <_puts_r>:
    7438:	1101                	addi	sp,sp,-32
    743a:	ca26                	sw	s1,20(sp)
    743c:	ce06                	sw	ra,28(sp)
    743e:	cc22                	sw	s0,24(sp)
    7440:	c84a                	sw	s2,16(sp)
    7442:	c64e                	sw	s3,12(sp)
    7444:	c452                	sw	s4,8(sp)
    7446:	84aa                	mv	s1,a0
    7448:	e119                	bnez	a0,744e <_puts_r+0x16>
    744a:	451c                	lw	a5,8(a0)
    744c:	9002                	ebreak
    744e:	4d1c                	lw	a5,24(a0)
    7450:	892e                	mv	s2,a1
    7452:	e3ad                	bnez	a5,74b4 <_puts_r+0x7c>
    7454:	2305                	jal	7974 <__sinit>
    7456:	4c9c                	lw	a5,24(s1)
    7458:	4480                	lw	s0,8(s1)
    745a:	cfb9                	beqz	a5,74b8 <_puts_r+0x80>
    745c:	00001797          	auipc	a5,0x1
    7460:	3a878793          	addi	a5,a5,936 # 8804 <__sf_fake_stdin>
    7464:	04f41d63          	bne	s0,a5,74be <_puts_r+0x86>
    7468:	40c0                	lw	s0,4(s1)
    746a:	507c                	lw	a5,100(s0)
    746c:	8b85                	andi	a5,a5,1
    746e:	e799                	bnez	a5,747c <_puts_r+0x44>
    7470:	245e                	lhu	a5,12(s0)
    7472:	2007f793          	andi	a5,a5,512
    7476:	e399                	bnez	a5,747c <_puts_r+0x44>
    7478:	4c28                	lw	a0,88(s0)
    747a:	2d8d                	jal	7aec <__retarget_lock_acquire_recursive>
    747c:	245e                	lhu	a5,12(s0)
    747e:	8ba1                	andi	a5,a5,8
    7480:	c399                	beqz	a5,7486 <_puts_r+0x4e>
    7482:	481c                	lw	a5,16(s0)
    7484:	e3d5                	bnez	a5,7528 <_puts_r+0xf0>
    7486:	85a2                	mv	a1,s0
    7488:	8526                	mv	a0,s1
    748a:	2a9d                	jal	7600 <__swsetup_r>
    748c:	cd51                	beqz	a0,7528 <_puts_r+0xf0>
    748e:	54fd                	li	s1,-1
    7490:	507c                	lw	a5,100(s0)
    7492:	8b85                	andi	a5,a5,1
    7494:	e799                	bnez	a5,74a2 <_puts_r+0x6a>
    7496:	245e                	lhu	a5,12(s0)
    7498:	2007f793          	andi	a5,a5,512
    749c:	e399                	bnez	a5,74a2 <_puts_r+0x6a>
    749e:	4c28                	lw	a0,88(s0)
    74a0:	25b9                	jal	7aee <__retarget_lock_release_recursive>
    74a2:	40f2                	lw	ra,28(sp)
    74a4:	4462                	lw	s0,24(sp)
    74a6:	4942                	lw	s2,16(sp)
    74a8:	49b2                	lw	s3,12(sp)
    74aa:	4a22                	lw	s4,8(sp)
    74ac:	8526                	mv	a0,s1
    74ae:	44d2                	lw	s1,20(sp)
    74b0:	6105                	addi	sp,sp,32
    74b2:	8082                	ret
    74b4:	4500                	lw	s0,8(a0)
    74b6:	b75d                	j	745c <_puts_r+0x24>
    74b8:	8526                	mv	a0,s1
    74ba:	296d                	jal	7974 <__sinit>
    74bc:	b745                	j	745c <_puts_r+0x24>
    74be:	00001797          	auipc	a5,0x1
    74c2:	32678793          	addi	a5,a5,806 # 87e4 <__sf_fake_stdout>
    74c6:	00f41463          	bne	s0,a5,74ce <_puts_r+0x96>
    74ca:	4480                	lw	s0,8(s1)
    74cc:	bf79                	j	746a <_puts_r+0x32>
    74ce:	00001797          	auipc	a5,0x1
    74d2:	2f678793          	addi	a5,a5,758 # 87c4 <__sf_fake_stderr>
    74d6:	f8f41ae3          	bne	s0,a5,746a <_puts_r+0x32>
    74da:	44c0                	lw	s0,12(s1)
    74dc:	b779                	j	746a <_puts_r+0x32>
    74de:	c41c                	sw	a5,8(s0)
    74e0:	0905                	addi	s2,s2,1
    74e2:	0207c863          	bltz	a5,7512 <_puts_r+0xda>
    74e6:	401c                	lw	a5,0(s0)
    74e8:	00178713          	addi	a4,a5,1
    74ec:	c018                	sw	a4,0(s0)
    74ee:	a38c                	sb	a1,0(a5)
    74f0:	441c                	lw	a5,8(s0)
    74f2:	00094583          	lbu	a1,0(s2)
    74f6:	17fd                	addi	a5,a5,-1
    74f8:	f1fd                	bnez	a1,74de <_puts_r+0xa6>
    74fa:	c41c                	sw	a5,8(s0)
    74fc:	0207d963          	bgez	a5,752e <_puts_r+0xf6>
    7500:	8622                	mv	a2,s0
    7502:	45a9                	li	a1,10
    7504:	8526                	mv	a0,s1
    7506:	283d                	jal	7544 <__swbuf_r>
    7508:	57fd                	li	a5,-1
    750a:	f8f502e3          	beq	a0,a5,748e <_puts_r+0x56>
    750e:	44a9                	li	s1,10
    7510:	b741                	j	7490 <_puts_r+0x58>
    7512:	4c18                	lw	a4,24(s0)
    7514:	00e7c463          	blt	a5,a4,751c <_puts_r+0xe4>
    7518:	fd4597e3          	bne	a1,s4,74e6 <_puts_r+0xae>
    751c:	8622                	mv	a2,s0
    751e:	8526                	mv	a0,s1
    7520:	2015                	jal	7544 <__swbuf_r>
    7522:	fd3517e3          	bne	a0,s3,74f0 <_puts_r+0xb8>
    7526:	b7a5                	j	748e <_puts_r+0x56>
    7528:	59fd                	li	s3,-1
    752a:	4a29                	li	s4,10
    752c:	b7d1                	j	74f0 <_puts_r+0xb8>
    752e:	401c                	lw	a5,0(s0)
    7530:	00178713          	addi	a4,a5,1
    7534:	c018                	sw	a4,0(s0)
    7536:	4729                	li	a4,10
    7538:	a398                	sb	a4,0(a5)
    753a:	bfd1                	j	750e <_puts_r+0xd6>

0000753c <puts>:
    753c:	85aa                	mv	a1,a0
    753e:	8201a503          	lw	a0,-2016(gp) # 200c0300 <_impure_ptr>
    7542:	bddd                	j	7438 <_puts_r>

00007544 <__swbuf_r>:
    7544:	1101                	addi	sp,sp,-32
    7546:	cc22                	sw	s0,24(sp)
    7548:	ca26                	sw	s1,20(sp)
    754a:	c84a                	sw	s2,16(sp)
    754c:	ce06                	sw	ra,28(sp)
    754e:	c64e                	sw	s3,12(sp)
    7550:	84aa                	mv	s1,a0
    7552:	892e                	mv	s2,a1
    7554:	8432                	mv	s0,a2
    7556:	c501                	beqz	a0,755e <__swbuf_r+0x1a>
    7558:	4d1c                	lw	a5,24(a0)
    755a:	e391                	bnez	a5,755e <__swbuf_r+0x1a>
    755c:	2921                	jal	7974 <__sinit>
    755e:	00001797          	auipc	a5,0x1
    7562:	2a678793          	addi	a5,a5,678 # 8804 <__sf_fake_stdin>
    7566:	02f41763          	bne	s0,a5,7594 <__swbuf_r+0x50>
    756a:	40c0                	lw	s0,4(s1)
    756c:	4c1c                	lw	a5,24(s0)
    756e:	c41c                	sw	a5,8(s0)
    7570:	245e                	lhu	a5,12(s0)
    7572:	8ba1                	andi	a5,a5,8
    7574:	c399                	beqz	a5,757a <__swbuf_r+0x36>
    7576:	481c                	lw	a5,16(s0)
    7578:	ef95                	bnez	a5,75b4 <__swbuf_r+0x70>
    757a:	85a2                	mv	a1,s0
    757c:	8526                	mv	a0,s1
    757e:	2049                	jal	7600 <__swsetup_r>
    7580:	c915                	beqz	a0,75b4 <__swbuf_r+0x70>
    7582:	597d                	li	s2,-1
    7584:	40f2                	lw	ra,28(sp)
    7586:	4462                	lw	s0,24(sp)
    7588:	44d2                	lw	s1,20(sp)
    758a:	49b2                	lw	s3,12(sp)
    758c:	854a                	mv	a0,s2
    758e:	4942                	lw	s2,16(sp)
    7590:	6105                	addi	sp,sp,32
    7592:	8082                	ret
    7594:	00001797          	auipc	a5,0x1
    7598:	25078793          	addi	a5,a5,592 # 87e4 <__sf_fake_stdout>
    759c:	00f41463          	bne	s0,a5,75a4 <__swbuf_r+0x60>
    75a0:	4480                	lw	s0,8(s1)
    75a2:	b7e9                	j	756c <__swbuf_r+0x28>
    75a4:	00001797          	auipc	a5,0x1
    75a8:	22078793          	addi	a5,a5,544 # 87c4 <__sf_fake_stderr>
    75ac:	fcf410e3          	bne	s0,a5,756c <__swbuf_r+0x28>
    75b0:	44c0                	lw	s0,12(s1)
    75b2:	bf6d                	j	756c <__swbuf_r+0x28>
    75b4:	481c                	lw	a5,16(s0)
    75b6:	4008                	lw	a0,0(s0)
    75b8:	0ff97993          	zext.b	s3,s2
    75bc:	0ff97913          	zext.b	s2,s2
    75c0:	8d1d                	sub	a0,a0,a5
    75c2:	485c                	lw	a5,20(s0)
    75c4:	00f54663          	blt	a0,a5,75d0 <__swbuf_r+0x8c>
    75c8:	85a2                	mv	a1,s0
    75ca:	8526                	mv	a0,s1
    75cc:	2c91                	jal	7820 <_fflush_r>
    75ce:	f955                	bnez	a0,7582 <__swbuf_r+0x3e>
    75d0:	441c                	lw	a5,8(s0)
    75d2:	0505                	addi	a0,a0,1
    75d4:	17fd                	addi	a5,a5,-1
    75d6:	c41c                	sw	a5,8(s0)
    75d8:	401c                	lw	a5,0(s0)
    75da:	00178713          	addi	a4,a5,1
    75de:	c018                	sw	a4,0(s0)
    75e0:	01378023          	sb	s3,0(a5)
    75e4:	485c                	lw	a5,20(s0)
    75e6:	00a78863          	beq	a5,a0,75f6 <__swbuf_r+0xb2>
    75ea:	245e                	lhu	a5,12(s0)
    75ec:	8b85                	andi	a5,a5,1
    75ee:	dbd9                	beqz	a5,7584 <__swbuf_r+0x40>
    75f0:	47a9                	li	a5,10
    75f2:	f8f919e3          	bne	s2,a5,7584 <__swbuf_r+0x40>
    75f6:	85a2                	mv	a1,s0
    75f8:	8526                	mv	a0,s1
    75fa:	241d                	jal	7820 <_fflush_r>
    75fc:	d541                	beqz	a0,7584 <__swbuf_r+0x40>
    75fe:	b751                	j	7582 <__swbuf_r+0x3e>

00007600 <__swsetup_r>:
    7600:	1141                	addi	sp,sp,-16
    7602:	c422                	sw	s0,8(sp)
    7604:	c226                	sw	s1,4(sp)
    7606:	c04a                	sw	s2,0(sp)
    7608:	c606                	sw	ra,12(sp)
    760a:	8201a483          	lw	s1,-2016(gp) # 200c0300 <_impure_ptr>
    760e:	892a                	mv	s2,a0
    7610:	842e                	mv	s0,a1
    7612:	c489                	beqz	s1,761c <__swsetup_r+0x1c>
    7614:	4c9c                	lw	a5,24(s1)
    7616:	e399                	bnez	a5,761c <__swsetup_r+0x1c>
    7618:	8526                	mv	a0,s1
    761a:	2ea9                	jal	7974 <__sinit>
    761c:	00001797          	auipc	a5,0x1
    7620:	1e878793          	addi	a5,a5,488 # 8804 <__sf_fake_stdin>
    7624:	02f41363          	bne	s0,a5,764a <__swsetup_r+0x4a>
    7628:	40c0                	lw	s0,4(s1)
    762a:	00c41783          	lh	a5,12(s0)
    762e:	0087f713          	andi	a4,a5,8
    7632:	e725                	bnez	a4,769a <__swsetup_r+0x9a>
    7634:	0107f713          	andi	a4,a5,16
    7638:	eb0d                	bnez	a4,766a <__swsetup_r+0x6a>
    763a:	4725                	li	a4,9
    763c:	00e92023          	sw	a4,0(s2)
    7640:	0407e793          	ori	a5,a5,64
    7644:	a45e                	sh	a5,12(s0)
    7646:	557d                	li	a0,-1
    7648:	a071                	j	76d4 <__swsetup_r+0xd4>
    764a:	00001797          	auipc	a5,0x1
    764e:	19a78793          	addi	a5,a5,410 # 87e4 <__sf_fake_stdout>
    7652:	00f41463          	bne	s0,a5,765a <__swsetup_r+0x5a>
    7656:	4480                	lw	s0,8(s1)
    7658:	bfc9                	j	762a <__swsetup_r+0x2a>
    765a:	00001797          	auipc	a5,0x1
    765e:	16a78793          	addi	a5,a5,362 # 87c4 <__sf_fake_stderr>
    7662:	fcf414e3          	bne	s0,a5,762a <__swsetup_r+0x2a>
    7666:	44c0                	lw	s0,12(s1)
    7668:	b7c9                	j	762a <__swsetup_r+0x2a>
    766a:	8b91                	andi	a5,a5,4
    766c:	c39d                	beqz	a5,7692 <__swsetup_r+0x92>
    766e:	584c                	lw	a1,52(s0)
    7670:	c989                	beqz	a1,7682 <__swsetup_r+0x82>
    7672:	04440793          	addi	a5,s0,68
    7676:	00f58463          	beq	a1,a5,767e <__swsetup_r+0x7e>
    767a:	854a                	mv	a0,s2
    767c:	2bb9                	jal	7bda <_free_r>
    767e:	02042a23          	sw	zero,52(s0)
    7682:	245e                	lhu	a5,12(s0)
    7684:	00042223          	sw	zero,4(s0)
    7688:	fdb7f793          	andi	a5,a5,-37
    768c:	a45e                	sh	a5,12(s0)
    768e:	481c                	lw	a5,16(s0)
    7690:	c01c                	sw	a5,0(s0)
    7692:	245e                	lhu	a5,12(s0)
    7694:	0087e793          	ori	a5,a5,8
    7698:	a45e                	sh	a5,12(s0)
    769a:	481c                	lw	a5,16(s0)
    769c:	eb99                	bnez	a5,76b2 <__swsetup_r+0xb2>
    769e:	245e                	lhu	a5,12(s0)
    76a0:	20000713          	li	a4,512
    76a4:	2807f793          	andi	a5,a5,640
    76a8:	00e78563          	beq	a5,a4,76b2 <__swsetup_r+0xb2>
    76ac:	85a2                	mv	a1,s0
    76ae:	854a                	mv	a0,s2
    76b0:	2961                	jal	7b48 <__smakebuf_r>
    76b2:	00c41783          	lh	a5,12(s0)
    76b6:	0017f713          	andi	a4,a5,1
    76ba:	c31d                	beqz	a4,76e0 <__swsetup_r+0xe0>
    76bc:	4858                	lw	a4,20(s0)
    76be:	00042423          	sw	zero,8(s0)
    76c2:	40e00733          	neg	a4,a4
    76c6:	cc18                	sw	a4,24(s0)
    76c8:	4818                	lw	a4,16(s0)
    76ca:	4501                	li	a0,0
    76cc:	e701                	bnez	a4,76d4 <__swsetup_r+0xd4>
    76ce:	0807f713          	andi	a4,a5,128
    76d2:	f73d                	bnez	a4,7640 <__swsetup_r+0x40>
    76d4:	40b2                	lw	ra,12(sp)
    76d6:	4422                	lw	s0,8(sp)
    76d8:	4492                	lw	s1,4(sp)
    76da:	4902                	lw	s2,0(sp)
    76dc:	0141                	addi	sp,sp,16
    76de:	8082                	ret
    76e0:	0027f713          	andi	a4,a5,2
    76e4:	4681                	li	a3,0
    76e6:	e311                	bnez	a4,76ea <__swsetup_r+0xea>
    76e8:	4854                	lw	a3,20(s0)
    76ea:	c414                	sw	a3,8(s0)
    76ec:	bff1                	j	76c8 <__swsetup_r+0xc8>

000076ee <__sflush_r>:
    76ee:	00c59783          	lh	a5,12(a1)
    76f2:	1101                	addi	sp,sp,-32
    76f4:	cc22                	sw	s0,24(sp)
    76f6:	ca26                	sw	s1,20(sp)
    76f8:	ce06                	sw	ra,28(sp)
    76fa:	c84a                	sw	s2,16(sp)
    76fc:	c64e                	sw	s3,12(sp)
    76fe:	0087f713          	andi	a4,a5,8
    7702:	84aa                	mv	s1,a0
    7704:	842e                	mv	s0,a1
    7706:	e379                	bnez	a4,77cc <__sflush_r+0xde>
    7708:	41d8                	lw	a4,4(a1)
    770a:	00e04563          	bgtz	a4,7714 <__sflush_r+0x26>
    770e:	41b8                	lw	a4,64(a1)
    7710:	08e05663          	blez	a4,779c <__sflush_r+0xae>
    7714:	5458                	lw	a4,44(s0)
    7716:	c359                	beqz	a4,779c <__sflush_r+0xae>
    7718:	0004a903          	lw	s2,0(s1)
    771c:	0004a023          	sw	zero,0(s1)
    7720:	500c                	lw	a1,32(s0)
    7722:	48c7d793          	bexti	a5,a5,0xc
    7726:	cba9                	beqz	a5,7778 <__sflush_r+0x8a>
    7728:	4870                	lw	a2,84(s0)
    772a:	245e                	lhu	a5,12(s0)
    772c:	8b91                	andi	a5,a5,4
    772e:	c799                	beqz	a5,773c <__sflush_r+0x4e>
    7730:	405c                	lw	a5,4(s0)
    7732:	8e1d                	sub	a2,a2,a5
    7734:	585c                	lw	a5,52(s0)
    7736:	c399                	beqz	a5,773c <__sflush_r+0x4e>
    7738:	403c                	lw	a5,64(s0)
    773a:	8e1d                	sub	a2,a2,a5
    773c:	545c                	lw	a5,44(s0)
    773e:	500c                	lw	a1,32(s0)
    7740:	4681                	li	a3,0
    7742:	8526                	mv	a0,s1
    7744:	9782                	jalr	a5
    7746:	57fd                	li	a5,-1
    7748:	04f50c63          	beq	a0,a5,77a0 <__sflush_r+0xb2>
    774c:	481c                	lw	a5,16(s0)
    774e:	6705                	lui	a4,0x1
    7750:	00042223          	sw	zero,4(s0)
    7754:	c01c                	sw	a5,0(s0)
    7756:	245e                	lhu	a5,12(s0)
    7758:	8ff9                	and	a5,a5,a4
    775a:	c391                	beqz	a5,775e <__sflush_r+0x70>
    775c:	c868                	sw	a0,84(s0)
    775e:	584c                	lw	a1,52(s0)
    7760:	0124a023          	sw	s2,0(s1)
    7764:	cd85                	beqz	a1,779c <__sflush_r+0xae>
    7766:	04440793          	addi	a5,s0,68
    776a:	00f58463          	beq	a1,a5,7772 <__sflush_r+0x84>
    776e:	8526                	mv	a0,s1
    7770:	21ad                	jal	7bda <_free_r>
    7772:	02042a23          	sw	zero,52(s0)
    7776:	a01d                	j	779c <__sflush_r+0xae>
    7778:	4601                	li	a2,0
    777a:	4685                	li	a3,1
    777c:	8526                	mv	a0,s1
    777e:	9702                	jalr	a4
    7780:	57fd                	li	a5,-1
    7782:	862a                	mv	a2,a0
    7784:	faf513e3          	bne	a0,a5,772a <__sflush_r+0x3c>
    7788:	409c                	lw	a5,0(s1)
    778a:	d3c5                	beqz	a5,772a <__sflush_r+0x3c>
    778c:	4775                	li	a4,29
    778e:	00e78563          	beq	a5,a4,7798 <__sflush_r+0xaa>
    7792:	4759                	li	a4,22
    7794:	06e79563          	bne	a5,a4,77fe <__sflush_r+0x110>
    7798:	0124a023          	sw	s2,0(s1)
    779c:	4501                	li	a0,0
    779e:	a0b5                	j	780a <__sflush_r+0x11c>
    77a0:	4098                	lw	a4,0(s1)
    77a2:	00c41783          	lh	a5,12(s0)
    77a6:	cf01                	beqz	a4,77be <__sflush_r+0xd0>
    77a8:	46f5                	li	a3,29
    77aa:	00d70563          	beq	a4,a3,77b4 <__sflush_r+0xc6>
    77ae:	46d9                	li	a3,22
    77b0:	04d71963          	bne	a4,a3,7802 <__sflush_r+0x114>
    77b4:	481c                	lw	a5,16(s0)
    77b6:	00042223          	sw	zero,4(s0)
    77ba:	c01c                	sw	a5,0(s0)
    77bc:	b74d                	j	775e <__sflush_r+0x70>
    77be:	4818                	lw	a4,16(s0)
    77c0:	00042223          	sw	zero,4(s0)
    77c4:	48c7d793          	bexti	a5,a5,0xc
    77c8:	c018                	sw	a4,0(s0)
    77ca:	bf41                	j	775a <__sflush_r+0x6c>
    77cc:	0105a983          	lw	s3,16(a1)
    77d0:	fc0986e3          	beqz	s3,779c <__sflush_r+0xae>
    77d4:	0005a903          	lw	s2,0(a1)
    77d8:	8b8d                	andi	a5,a5,3
    77da:	0135a023          	sw	s3,0(a1)
    77de:	41390933          	sub	s2,s2,s3
    77e2:	4701                	li	a4,0
    77e4:	e391                	bnez	a5,77e8 <__sflush_r+0xfa>
    77e6:	49d8                	lw	a4,20(a1)
    77e8:	c418                	sw	a4,8(s0)
    77ea:	fb2059e3          	blez	s2,779c <__sflush_r+0xae>
    77ee:	541c                	lw	a5,40(s0)
    77f0:	500c                	lw	a1,32(s0)
    77f2:	86ca                	mv	a3,s2
    77f4:	864e                	mv	a2,s3
    77f6:	8526                	mv	a0,s1
    77f8:	9782                	jalr	a5
    77fa:	00a04f63          	bgtz	a0,7818 <__sflush_r+0x12a>
    77fe:	00c41783          	lh	a5,12(s0)
    7802:	0407e793          	ori	a5,a5,64
    7806:	a45e                	sh	a5,12(s0)
    7808:	557d                	li	a0,-1
    780a:	40f2                	lw	ra,28(sp)
    780c:	4462                	lw	s0,24(sp)
    780e:	44d2                	lw	s1,20(sp)
    7810:	4942                	lw	s2,16(sp)
    7812:	49b2                	lw	s3,12(sp)
    7814:	6105                	addi	sp,sp,32
    7816:	8082                	ret
    7818:	99aa                	add	s3,s3,a0
    781a:	40a90933          	sub	s2,s2,a0
    781e:	b7f1                	j	77ea <__sflush_r+0xfc>

00007820 <_fflush_r>:
    7820:	499c                	lw	a5,16(a1)
    7822:	1141                	addi	sp,sp,-16
    7824:	c606                	sw	ra,12(sp)
    7826:	c422                	sw	s0,8(sp)
    7828:	c226                	sw	s1,4(sp)
    782a:	eb81                	bnez	a5,783a <_fflush_r+0x1a>
    782c:	4481                	li	s1,0
    782e:	40b2                	lw	ra,12(sp)
    7830:	4422                	lw	s0,8(sp)
    7832:	8526                	mv	a0,s1
    7834:	4492                	lw	s1,4(sp)
    7836:	0141                	addi	sp,sp,16
    7838:	8082                	ret
    783a:	84aa                	mv	s1,a0
    783c:	842e                	mv	s0,a1
    783e:	c501                	beqz	a0,7846 <_fflush_r+0x26>
    7840:	4d1c                	lw	a5,24(a0)
    7842:	e391                	bnez	a5,7846 <_fflush_r+0x26>
    7844:	2a05                	jal	7974 <__sinit>
    7846:	00001797          	auipc	a5,0x1
    784a:	fbe78793          	addi	a5,a5,-66 # 8804 <__sf_fake_stdin>
    784e:	02f41c63          	bne	s0,a5,7886 <_fflush_r+0x66>
    7852:	40c0                	lw	s0,4(s1)
    7854:	00c41783          	lh	a5,12(s0)
    7858:	dbf1                	beqz	a5,782c <_fflush_r+0xc>
    785a:	5078                	lw	a4,100(s0)
    785c:	8b05                	andi	a4,a4,1
    785e:	e711                	bnez	a4,786a <_fflush_r+0x4a>
    7860:	2007f793          	andi	a5,a5,512
    7864:	e399                	bnez	a5,786a <_fflush_r+0x4a>
    7866:	4c28                	lw	a0,88(s0)
    7868:	2451                	jal	7aec <__retarget_lock_acquire_recursive>
    786a:	8526                	mv	a0,s1
    786c:	85a2                	mv	a1,s0
    786e:	3541                	jal	76ee <__sflush_r>
    7870:	507c                	lw	a5,100(s0)
    7872:	84aa                	mv	s1,a0
    7874:	8b85                	andi	a5,a5,1
    7876:	ffc5                	bnez	a5,782e <_fflush_r+0xe>
    7878:	245e                	lhu	a5,12(s0)
    787a:	2007f793          	andi	a5,a5,512
    787e:	fbc5                	bnez	a5,782e <_fflush_r+0xe>
    7880:	4c28                	lw	a0,88(s0)
    7882:	24b5                	jal	7aee <__retarget_lock_release_recursive>
    7884:	b76d                	j	782e <_fflush_r+0xe>
    7886:	00001797          	auipc	a5,0x1
    788a:	f5e78793          	addi	a5,a5,-162 # 87e4 <__sf_fake_stdout>
    788e:	00f41463          	bne	s0,a5,7896 <_fflush_r+0x76>
    7892:	4480                	lw	s0,8(s1)
    7894:	b7c1                	j	7854 <_fflush_r+0x34>
    7896:	00001797          	auipc	a5,0x1
    789a:	f2e78793          	addi	a5,a5,-210 # 87c4 <__sf_fake_stderr>
    789e:	faf41be3          	bne	s0,a5,7854 <_fflush_r+0x34>
    78a2:	44c0                	lw	s0,12(s1)
    78a4:	bf45                	j	7854 <_fflush_r+0x34>

000078a6 <std>:
    78a6:	1141                	addi	sp,sp,-16
    78a8:	c422                	sw	s0,8(sp)
    78aa:	c606                	sw	ra,12(sp)
    78ac:	842a                	mv	s0,a0
    78ae:	a54e                	sh	a1,12(a0)
    78b0:	a572                	sh	a2,14(a0)
    78b2:	00052023          	sw	zero,0(a0)
    78b6:	00052223          	sw	zero,4(a0)
    78ba:	00052423          	sw	zero,8(a0)
    78be:	06052223          	sw	zero,100(a0)
    78c2:	00052823          	sw	zero,16(a0)
    78c6:	00052a23          	sw	zero,20(a0)
    78ca:	00052c23          	sw	zero,24(a0)
    78ce:	4621                	li	a2,8
    78d0:	4581                	li	a1,0
    78d2:	05c50513          	addi	a0,a0,92
    78d6:	acffe0ef          	jal	ra,63a4 <memset>
    78da:	00001797          	auipc	a5,0x1
    78de:	83478793          	addi	a5,a5,-1996 # 810e <__sread>
    78e2:	d05c                	sw	a5,36(s0)
    78e4:	00001797          	auipc	a5,0x1
    78e8:	85478793          	addi	a5,a5,-1964 # 8138 <__swrite>
    78ec:	d41c                	sw	a5,40(s0)
    78ee:	00001797          	auipc	a5,0x1
    78f2:	89078793          	addi	a5,a5,-1904 # 817e <__sseek>
    78f6:	d45c                	sw	a5,44(s0)
    78f8:	00001797          	auipc	a5,0x1
    78fc:	8b478793          	addi	a5,a5,-1868 # 81ac <__sclose>
    7900:	40b2                	lw	ra,12(sp)
    7902:	d000                	sw	s0,32(s0)
    7904:	d81c                	sw	a5,48(s0)
    7906:	4422                	lw	s0,8(sp)
    7908:	0141                	addi	sp,sp,16
    790a:	8082                	ret

0000790c <_cleanup_r>:
    790c:	00000597          	auipc	a1,0x0
    7910:	f1458593          	addi	a1,a1,-236 # 7820 <_fflush_r>
    7914:	a2bd                	j	7a82 <_fwalk_reent>

00007916 <__sfmoreglue>:
    7916:	1141                	addi	sp,sp,-16
    7918:	c226                	sw	s1,4(sp)
    791a:	06800793          	li	a5,104
    791e:	fff58493          	addi	s1,a1,-1
    7922:	02f484b3          	mul	s1,s1,a5
    7926:	c04a                	sw	s2,0(sp)
    7928:	892e                	mv	s2,a1
    792a:	c422                	sw	s0,8(sp)
    792c:	c606                	sw	ra,12(sp)
    792e:	07448593          	addi	a1,s1,116
    7932:	2e69                	jal	7ccc <_malloc_r>
    7934:	842a                	mv	s0,a0
    7936:	cd01                	beqz	a0,794e <__sfmoreglue+0x38>
    7938:	00052023          	sw	zero,0(a0)
    793c:	01252223          	sw	s2,4(a0)
    7940:	0531                	addi	a0,a0,12
    7942:	c408                	sw	a0,8(s0)
    7944:	06848613          	addi	a2,s1,104
    7948:	4581                	li	a1,0
    794a:	a5bfe0ef          	jal	ra,63a4 <memset>
    794e:	40b2                	lw	ra,12(sp)
    7950:	8522                	mv	a0,s0
    7952:	4422                	lw	s0,8(sp)
    7954:	4492                	lw	s1,4(sp)
    7956:	4902                	lw	s2,0(sp)
    7958:	0141                	addi	sp,sp,16
    795a:	8082                	ret

0000795c <__sfp_lock_acquire>:
    795c:	84418513          	addi	a0,gp,-1980 # 200c0324 <__lock___sfp_recursive_mutex>
    7960:	a271                	j	7aec <__retarget_lock_acquire_recursive>

00007962 <__sfp_lock_release>:
    7962:	84418513          	addi	a0,gp,-1980 # 200c0324 <__lock___sfp_recursive_mutex>
    7966:	a261                	j	7aee <__retarget_lock_release_recursive>

00007968 <__sinit_lock_acquire>:
    7968:	84818513          	addi	a0,gp,-1976 # 200c0328 <__lock___sinit_recursive_mutex>
    796c:	a241                	j	7aec <__retarget_lock_acquire_recursive>

0000796e <__sinit_lock_release>:
    796e:	84818513          	addi	a0,gp,-1976 # 200c0328 <__lock___sinit_recursive_mutex>
    7972:	aab5                	j	7aee <__retarget_lock_release_recursive>

00007974 <__sinit>:
    7974:	1141                	addi	sp,sp,-16
    7976:	c422                	sw	s0,8(sp)
    7978:	c606                	sw	ra,12(sp)
    797a:	842a                	mv	s0,a0
    797c:	37f5                	jal	7968 <__sinit_lock_acquire>
    797e:	4c1c                	lw	a5,24(s0)
    7980:	c789                	beqz	a5,798a <__sinit+0x16>
    7982:	4422                	lw	s0,8(sp)
    7984:	40b2                	lw	ra,12(sp)
    7986:	0141                	addi	sp,sp,16
    7988:	b7dd                	j	796e <__sinit_lock_release>
    798a:	00000797          	auipc	a5,0x0
    798e:	f8278793          	addi	a5,a5,-126 # 790c <_cleanup_r>
    7992:	d41c                	sw	a5,40(s0)
    7994:	04042423          	sw	zero,72(s0)
    7998:	04042623          	sw	zero,76(s0)
    799c:	04042823          	sw	zero,80(s0)
    79a0:	8281a783          	lw	a5,-2008(gp) # 200c0308 <_global_impure_ptr>
    79a4:	00879463          	bne	a5,s0,79ac <__sinit+0x38>
    79a8:	4785                	li	a5,1
    79aa:	cc1c                	sw	a5,24(s0)
    79ac:	8522                	mv	a0,s0
    79ae:	203d                	jal	79dc <__sfp>
    79b0:	c048                	sw	a0,4(s0)
    79b2:	8522                	mv	a0,s0
    79b4:	2025                	jal	79dc <__sfp>
    79b6:	c408                	sw	a0,8(s0)
    79b8:	8522                	mv	a0,s0
    79ba:	200d                	jal	79dc <__sfp>
    79bc:	c448                	sw	a0,12(s0)
    79be:	4048                	lw	a0,4(s0)
    79c0:	4601                	li	a2,0
    79c2:	4591                	li	a1,4
    79c4:	35cd                	jal	78a6 <std>
    79c6:	4408                	lw	a0,8(s0)
    79c8:	4605                	li	a2,1
    79ca:	45a5                	li	a1,9
    79cc:	3de9                	jal	78a6 <std>
    79ce:	4448                	lw	a0,12(s0)
    79d0:	4609                	li	a2,2
    79d2:	45c9                	li	a1,18
    79d4:	3dc9                	jal	78a6 <std>
    79d6:	4785                	li	a5,1
    79d8:	cc1c                	sw	a5,24(s0)
    79da:	b765                	j	7982 <__sinit+0xe>

000079dc <__sfp>:
    79dc:	1141                	addi	sp,sp,-16
    79de:	c226                	sw	s1,4(sp)
    79e0:	c04a                	sw	s2,0(sp)
    79e2:	c606                	sw	ra,12(sp)
    79e4:	c422                	sw	s0,8(sp)
    79e6:	892a                	mv	s2,a0
    79e8:	3f95                	jal	795c <__sfp_lock_acquire>
    79ea:	8281a483          	lw	s1,-2008(gp) # 200c0308 <_global_impure_ptr>
    79ee:	4c9c                	lw	a5,24(s1)
    79f0:	e399                	bnez	a5,79f6 <__sfp+0x1a>
    79f2:	8526                	mv	a0,s1
    79f4:	3741                	jal	7974 <__sinit>
    79f6:	04848493          	addi	s1,s1,72
    79fa:	4480                	lw	s0,8(s1)
    79fc:	40dc                	lw	a5,4(s1)
    79fe:	17fd                	addi	a5,a5,-1
    7a00:	0007d663          	bgez	a5,7a0c <__sfp+0x30>
    7a04:	409c                	lw	a5,0(s1)
    7a06:	c3bd                	beqz	a5,7a6c <__sfp+0x90>
    7a08:	4084                	lw	s1,0(s1)
    7a0a:	bfc5                	j	79fa <__sfp+0x1e>
    7a0c:	00c41703          	lh	a4,12(s0)
    7a10:	eb39                	bnez	a4,7a66 <__sfp+0x8a>
    7a12:	77c1                	lui	a5,0xffff0
    7a14:	0785                	addi	a5,a5,1 # ffff0001 <__global_pointer$+0xdff2f521>
    7a16:	c45c                	sw	a5,12(s0)
    7a18:	05840513          	addi	a0,s0,88
    7a1c:	06042223          	sw	zero,100(s0)
    7a20:	20e9                	jal	7aea <__retarget_lock_init_recursive>
    7a22:	3781                	jal	7962 <__sfp_lock_release>
    7a24:	4621                	li	a2,8
    7a26:	00042023          	sw	zero,0(s0)
    7a2a:	00042423          	sw	zero,8(s0)
    7a2e:	00042223          	sw	zero,4(s0)
    7a32:	00042823          	sw	zero,16(s0)
    7a36:	00042a23          	sw	zero,20(s0)
    7a3a:	00042c23          	sw	zero,24(s0)
    7a3e:	4581                	li	a1,0
    7a40:	05c40513          	addi	a0,s0,92
    7a44:	961fe0ef          	jal	ra,63a4 <memset>
    7a48:	02042a23          	sw	zero,52(s0)
    7a4c:	02042c23          	sw	zero,56(s0)
    7a50:	04042423          	sw	zero,72(s0)
    7a54:	04042623          	sw	zero,76(s0)
    7a58:	40b2                	lw	ra,12(sp)
    7a5a:	8522                	mv	a0,s0
    7a5c:	4422                	lw	s0,8(sp)
    7a5e:	4492                	lw	s1,4(sp)
    7a60:	4902                	lw	s2,0(sp)
    7a62:	0141                	addi	sp,sp,16
    7a64:	8082                	ret
    7a66:	06840413          	addi	s0,s0,104
    7a6a:	bf51                	j	79fe <__sfp+0x22>
    7a6c:	4591                	li	a1,4
    7a6e:	854a                	mv	a0,s2
    7a70:	355d                	jal	7916 <__sfmoreglue>
    7a72:	c088                	sw	a0,0(s1)
    7a74:	842a                	mv	s0,a0
    7a76:	f949                	bnez	a0,7a08 <__sfp+0x2c>
    7a78:	35ed                	jal	7962 <__sfp_lock_release>
    7a7a:	47b1                	li	a5,12
    7a7c:	00f92023          	sw	a5,0(s2)
    7a80:	bfe1                	j	7a58 <__sfp+0x7c>

00007a82 <_fwalk_reent>:
    7a82:	7179                	addi	sp,sp,-48
    7a84:	d422                	sw	s0,40(sp)
    7a86:	d04a                	sw	s2,32(sp)
    7a88:	ce4e                	sw	s3,28(sp)
    7a8a:	cc52                	sw	s4,24(sp)
    7a8c:	c85a                	sw	s6,16(sp)
    7a8e:	c65e                	sw	s7,12(sp)
    7a90:	d606                	sw	ra,44(sp)
    7a92:	d226                	sw	s1,36(sp)
    7a94:	ca56                	sw	s5,20(sp)
    7a96:	892a                	mv	s2,a0
    7a98:	8a2e                	mv	s4,a1
    7a9a:	04850413          	addi	s0,a0,72
    7a9e:	4981                	li	s3,0
    7aa0:	4b05                	li	s6,1
    7aa2:	5bfd                	li	s7,-1
    7aa4:	4404                	lw	s1,8(s0)
    7aa6:	00442a83          	lw	s5,4(s0)
    7aaa:	1afd                	addi	s5,s5,-1
    7aac:	020ad063          	bgez	s5,7acc <_fwalk_reent+0x4a>
    7ab0:	4000                	lw	s0,0(s0)
    7ab2:	f86d                	bnez	s0,7aa4 <_fwalk_reent+0x22>
    7ab4:	50b2                	lw	ra,44(sp)
    7ab6:	5422                	lw	s0,40(sp)
    7ab8:	5492                	lw	s1,36(sp)
    7aba:	5902                	lw	s2,32(sp)
    7abc:	4a62                	lw	s4,24(sp)
    7abe:	4ad2                	lw	s5,20(sp)
    7ac0:	4b42                	lw	s6,16(sp)
    7ac2:	4bb2                	lw	s7,12(sp)
    7ac4:	854e                	mv	a0,s3
    7ac6:	49f2                	lw	s3,28(sp)
    7ac8:	6145                	addi	sp,sp,48
    7aca:	8082                	ret
    7acc:	24de                	lhu	a5,12(s1)
    7ace:	00fb7b63          	bgeu	s6,a5,7ae4 <_fwalk_reent+0x62>
    7ad2:	00e49783          	lh	a5,14(s1)
    7ad6:	01778763          	beq	a5,s7,7ae4 <_fwalk_reent+0x62>
    7ada:	85a6                	mv	a1,s1
    7adc:	854a                	mv	a0,s2
    7ade:	9a02                	jalr	s4
    7ae0:	00a9e9b3          	or	s3,s3,a0
    7ae4:	06848493          	addi	s1,s1,104
    7ae8:	b7c9                	j	7aaa <_fwalk_reent+0x28>

00007aea <__retarget_lock_init_recursive>:
    7aea:	8082                	ret

00007aec <__retarget_lock_acquire_recursive>:
    7aec:	8082                	ret

00007aee <__retarget_lock_release_recursive>:
    7aee:	8082                	ret

00007af0 <__swhatbuf_r>:
    7af0:	7159                	addi	sp,sp,-112
    7af2:	d4a2                	sw	s0,104(sp)
    7af4:	842e                	mv	s0,a1
    7af6:	00e59583          	lh	a1,14(a1)
    7afa:	d2a6                	sw	s1,100(sp)
    7afc:	d0ca                	sw	s2,96(sp)
    7afe:	d686                	sw	ra,108(sp)
    7b00:	84b2                	mv	s1,a2
    7b02:	8936                	mv	s2,a3
    7b04:	0205d263          	bgez	a1,7b28 <__swhatbuf_r+0x38>
    7b08:	245e                	lhu	a5,12(s0)
    7b0a:	0807f793          	andi	a5,a5,128
    7b0e:	eb8d                	bnez	a5,7b40 <__swhatbuf_r+0x50>
    7b10:	40000713          	li	a4,1024
    7b14:	50b6                	lw	ra,108(sp)
    7b16:	5426                	lw	s0,104(sp)
    7b18:	00f92023          	sw	a5,0(s2)
    7b1c:	c098                	sw	a4,0(s1)
    7b1e:	5906                	lw	s2,96(sp)
    7b20:	5496                	lw	s1,100(sp)
    7b22:	4501                	li	a0,0
    7b24:	6165                	addi	sp,sp,112
    7b26:	8082                	ret
    7b28:	0030                	addi	a2,sp,8
    7b2a:	2de9                	jal	8204 <_fstat_r>
    7b2c:	fc054ee3          	bltz	a0,7b08 <__swhatbuf_r+0x18>
    7b30:	4732                	lw	a4,12(sp)
    7b32:	67bd                	lui	a5,0xf
    7b34:	8ff9                	and	a5,a5,a4
    7b36:	7779                	lui	a4,0xffffe
    7b38:	97ba                	add	a5,a5,a4
    7b3a:	0017b793          	seqz	a5,a5
    7b3e:	bfc9                	j	7b10 <__swhatbuf_r+0x20>
    7b40:	4781                	li	a5,0
    7b42:	04000713          	li	a4,64
    7b46:	b7f9                	j	7b14 <__swhatbuf_r+0x24>

00007b48 <__smakebuf_r>:
    7b48:	25de                	lhu	a5,12(a1)
    7b4a:	7179                	addi	sp,sp,-48
    7b4c:	d422                	sw	s0,40(sp)
    7b4e:	d606                	sw	ra,44(sp)
    7b50:	d226                	sw	s1,36(sp)
    7b52:	d04a                	sw	s2,32(sp)
    7b54:	ce4e                	sw	s3,28(sp)
    7b56:	8b89                	andi	a5,a5,2
    7b58:	842e                	mv	s0,a1
    7b5a:	cf91                	beqz	a5,7b76 <__smakebuf_r+0x2e>
    7b5c:	04740793          	addi	a5,s0,71
    7b60:	c01c                	sw	a5,0(s0)
    7b62:	c81c                	sw	a5,16(s0)
    7b64:	4785                	li	a5,1
    7b66:	c85c                	sw	a5,20(s0)
    7b68:	50b2                	lw	ra,44(sp)
    7b6a:	5422                	lw	s0,40(sp)
    7b6c:	5492                	lw	s1,36(sp)
    7b6e:	5902                	lw	s2,32(sp)
    7b70:	49f2                	lw	s3,28(sp)
    7b72:	6145                	addi	sp,sp,48
    7b74:	8082                	ret
    7b76:	0074                	addi	a3,sp,12
    7b78:	0030                	addi	a2,sp,8
    7b7a:	84aa                	mv	s1,a0
    7b7c:	3f95                	jal	7af0 <__swhatbuf_r>
    7b7e:	49a2                	lw	s3,8(sp)
    7b80:	892a                	mv	s2,a0
    7b82:	8526                	mv	a0,s1
    7b84:	85ce                	mv	a1,s3
    7b86:	2299                	jal	7ccc <_malloc_r>
    7b88:	e919                	bnez	a0,7b9e <__smakebuf_r+0x56>
    7b8a:	00c41783          	lh	a5,12(s0)
    7b8e:	2007f713          	andi	a4,a5,512
    7b92:	fb79                	bnez	a4,7b68 <__smakebuf_r+0x20>
    7b94:	9bf1                	andi	a5,a5,-4
    7b96:	0027e793          	ori	a5,a5,2
    7b9a:	a45e                	sh	a5,12(s0)
    7b9c:	b7c1                	j	7b5c <__smakebuf_r+0x14>
    7b9e:	00000797          	auipc	a5,0x0
    7ba2:	d6e78793          	addi	a5,a5,-658 # 790c <_cleanup_r>
    7ba6:	d49c                	sw	a5,40(s1)
    7ba8:	245e                	lhu	a5,12(s0)
    7baa:	c008                	sw	a0,0(s0)
    7bac:	c808                	sw	a0,16(s0)
    7bae:	0807e793          	ori	a5,a5,128
    7bb2:	a45e                	sh	a5,12(s0)
    7bb4:	47b2                	lw	a5,12(sp)
    7bb6:	01342a23          	sw	s3,20(s0)
    7bba:	cb99                	beqz	a5,7bd0 <__smakebuf_r+0x88>
    7bbc:	00e41583          	lh	a1,14(s0)
    7bc0:	8526                	mv	a0,s1
    7bc2:	25ad                	jal	822c <_isatty_r>
    7bc4:	c511                	beqz	a0,7bd0 <__smakebuf_r+0x88>
    7bc6:	245e                	lhu	a5,12(s0)
    7bc8:	9bf1                	andi	a5,a5,-4
    7bca:	0017e793          	ori	a5,a5,1
    7bce:	a45e                	sh	a5,12(s0)
    7bd0:	245e                	lhu	a5,12(s0)
    7bd2:	0127e533          	or	a0,a5,s2
    7bd6:	a44a                	sh	a0,12(s0)
    7bd8:	bf41                	j	7b68 <__smakebuf_r+0x20>

00007bda <_free_r>:
    7bda:	cdd1                	beqz	a1,7c76 <_free_r+0x9c>
    7bdc:	ffc5a783          	lw	a5,-4(a1)
    7be0:	1101                	addi	sp,sp,-32
    7be2:	cc22                	sw	s0,24(sp)
    7be4:	ce06                	sw	ra,28(sp)
    7be6:	ffc58413          	addi	s0,a1,-4
    7bea:	0007d363          	bgez	a5,7bf0 <_free_r+0x16>
    7bee:	943e                	add	s0,s0,a5
    7bf0:	c62a                	sw	a0,12(sp)
    7bf2:	254d                	jal	8294 <__malloc_lock>
    7bf4:	85018713          	addi	a4,gp,-1968 # 200c0330 <__malloc_free_list>
    7bf8:	431c                	lw	a5,0(a4)
    7bfa:	4532                	lw	a0,12(sp)
    7bfc:	eb81                	bnez	a5,7c0c <_free_r+0x32>
    7bfe:	00042223          	sw	zero,4(s0)
    7c02:	c300                	sw	s0,0(a4)
    7c04:	4462                	lw	s0,24(sp)
    7c06:	40f2                	lw	ra,28(sp)
    7c08:	6105                	addi	sp,sp,32
    7c0a:	ad49                	j	829c <__malloc_unlock>
    7c0c:	00f47d63          	bgeu	s0,a5,7c26 <_free_r+0x4c>
    7c10:	4010                	lw	a2,0(s0)
    7c12:	00c406b3          	add	a3,s0,a2
    7c16:	00d79663          	bne	a5,a3,7c22 <_free_r+0x48>
    7c1a:	4394                	lw	a3,0(a5)
    7c1c:	43dc                	lw	a5,4(a5)
    7c1e:	96b2                	add	a3,a3,a2
    7c20:	c014                	sw	a3,0(s0)
    7c22:	c05c                	sw	a5,4(s0)
    7c24:	bff9                	j	7c02 <_free_r+0x28>
    7c26:	873e                	mv	a4,a5
    7c28:	43dc                	lw	a5,4(a5)
    7c2a:	c399                	beqz	a5,7c30 <_free_r+0x56>
    7c2c:	fef47de3          	bgeu	s0,a5,7c26 <_free_r+0x4c>
    7c30:	4314                	lw	a3,0(a4)
    7c32:	00d70633          	add	a2,a4,a3
    7c36:	00861f63          	bne	a2,s0,7c54 <_free_r+0x7a>
    7c3a:	4010                	lw	a2,0(s0)
    7c3c:	96b2                	add	a3,a3,a2
    7c3e:	c314                	sw	a3,0(a4)
    7c40:	00d70633          	add	a2,a4,a3
    7c44:	fcc790e3          	bne	a5,a2,7c04 <_free_r+0x2a>
    7c48:	4390                	lw	a2,0(a5)
    7c4a:	43dc                	lw	a5,4(a5)
    7c4c:	96b2                	add	a3,a3,a2
    7c4e:	c314                	sw	a3,0(a4)
    7c50:	c35c                	sw	a5,4(a4)
    7c52:	bf4d                	j	7c04 <_free_r+0x2a>
    7c54:	00c47563          	bgeu	s0,a2,7c5e <_free_r+0x84>
    7c58:	47b1                	li	a5,12
    7c5a:	c11c                	sw	a5,0(a0)
    7c5c:	b765                	j	7c04 <_free_r+0x2a>
    7c5e:	4010                	lw	a2,0(s0)
    7c60:	00c406b3          	add	a3,s0,a2
    7c64:	00d79663          	bne	a5,a3,7c70 <_free_r+0x96>
    7c68:	4394                	lw	a3,0(a5)
    7c6a:	43dc                	lw	a5,4(a5)
    7c6c:	96b2                	add	a3,a3,a2
    7c6e:	c014                	sw	a3,0(s0)
    7c70:	c05c                	sw	a5,4(s0)
    7c72:	c340                	sw	s0,4(a4)
    7c74:	bf41                	j	7c04 <_free_r+0x2a>
    7c76:	8082                	ret

00007c78 <sbrk_aligned>:
    7c78:	1141                	addi	sp,sp,-16
    7c7a:	c04a                	sw	s2,0(sp)
    7c7c:	84c18913          	addi	s2,gp,-1972 # 200c032c <__malloc_sbrk_start>
    7c80:	00092783          	lw	a5,0(s2)
    7c84:	c422                	sw	s0,8(sp)
    7c86:	c226                	sw	s1,4(sp)
    7c88:	c606                	sw	ra,12(sp)
    7c8a:	84aa                	mv	s1,a0
    7c8c:	842e                	mv	s0,a1
    7c8e:	e789                	bnez	a5,7c98 <sbrk_aligned+0x20>
    7c90:	4581                	li	a1,0
    7c92:	2991                	jal	80e6 <_sbrk_r>
    7c94:	00a92023          	sw	a0,0(s2)
    7c98:	85a2                	mv	a1,s0
    7c9a:	8526                	mv	a0,s1
    7c9c:	21a9                	jal	80e6 <_sbrk_r>
    7c9e:	597d                	li	s2,-1
    7ca0:	01251a63          	bne	a0,s2,7cb4 <sbrk_aligned+0x3c>
    7ca4:	547d                	li	s0,-1
    7ca6:	40b2                	lw	ra,12(sp)
    7ca8:	8522                	mv	a0,s0
    7caa:	4422                	lw	s0,8(sp)
    7cac:	4492                	lw	s1,4(sp)
    7cae:	4902                	lw	s2,0(sp)
    7cb0:	0141                	addi	sp,sp,16
    7cb2:	8082                	ret
    7cb4:	00350413          	addi	s0,a0,3
    7cb8:	9871                	andi	s0,s0,-4
    7cba:	fe8506e3          	beq	a0,s0,7ca6 <sbrk_aligned+0x2e>
    7cbe:	40a405b3          	sub	a1,s0,a0
    7cc2:	8526                	mv	a0,s1
    7cc4:	210d                	jal	80e6 <_sbrk_r>
    7cc6:	ff2510e3          	bne	a0,s2,7ca6 <sbrk_aligned+0x2e>
    7cca:	bfe9                	j	7ca4 <sbrk_aligned+0x2c>

00007ccc <_malloc_r>:
    7ccc:	1101                	addi	sp,sp,-32
    7cce:	ca26                	sw	s1,20(sp)
    7cd0:	00358493          	addi	s1,a1,3
    7cd4:	98f1                	andi	s1,s1,-4
    7cd6:	c84a                	sw	s2,16(sp)
    7cd8:	04a1                	addi	s1,s1,8
    7cda:	47b1                	li	a5,12
    7cdc:	ce06                	sw	ra,28(sp)
    7cde:	cc22                	sw	s0,24(sp)
    7ce0:	c64e                	sw	s3,12(sp)
    7ce2:	892a                	mv	s2,a0
    7ce4:	0af4f4b3          	maxu	s1,s1,a5
    7ce8:	0004c463          	bltz	s1,7cf0 <_malloc_r+0x24>
    7cec:	00b4fd63          	bgeu	s1,a1,7d06 <_malloc_r+0x3a>
    7cf0:	47b1                	li	a5,12
    7cf2:	00f92023          	sw	a5,0(s2)
    7cf6:	4501                	li	a0,0
    7cf8:	40f2                	lw	ra,28(sp)
    7cfa:	4462                	lw	s0,24(sp)
    7cfc:	44d2                	lw	s1,20(sp)
    7cfe:	4942                	lw	s2,16(sp)
    7d00:	49b2                	lw	s3,12(sp)
    7d02:	6105                	addi	sp,sp,32
    7d04:	8082                	ret
    7d06:	2379                	jal	8294 <__malloc_lock>
    7d08:	85018993          	addi	s3,gp,-1968 # 200c0330 <__malloc_free_list>
    7d0c:	0009a783          	lw	a5,0(s3)
    7d10:	843e                	mv	s0,a5
    7d12:	e431                	bnez	s0,7d5e <_malloc_r+0x92>
    7d14:	85a6                	mv	a1,s1
    7d16:	854a                	mv	a0,s2
    7d18:	3785                	jal	7c78 <sbrk_aligned>
    7d1a:	57fd                	li	a5,-1
    7d1c:	842a                	mv	s0,a0
    7d1e:	0af51663          	bne	a0,a5,7dca <_malloc_r+0xfe>
    7d22:	0009a403          	lw	s0,0(s3)
    7d26:	87a2                	mv	a5,s0
    7d28:	ebc1                	bnez	a5,7db8 <_malloc_r+0xec>
    7d2a:	00042983          	lw	s3,0(s0)
    7d2e:	4581                	li	a1,0
    7d30:	854a                	mv	a0,s2
    7d32:	99a2                	add	s3,s3,s0
    7d34:	2e4d                	jal	80e6 <_sbrk_r>
    7d36:	08a99463          	bne	s3,a0,7dbe <_malloc_r+0xf2>
    7d3a:	401c                	lw	a5,0(s0)
    7d3c:	048d                	addi	s1,s1,3
    7d3e:	854a                	mv	a0,s2
    7d40:	8c9d                	sub	s1,s1,a5
    7d42:	98f1                	andi	s1,s1,-4
    7d44:	47b1                	li	a5,12
    7d46:	04a1                	addi	s1,s1,8
    7d48:	0af4f4b3          	maxu	s1,s1,a5
    7d4c:	85a6                	mv	a1,s1
    7d4e:	372d                	jal	7c78 <sbrk_aligned>
    7d50:	57fd                	li	a5,-1
    7d52:	06f50663          	beq	a0,a5,7dbe <_malloc_r+0xf2>
    7d56:	401c                	lw	a5,0(s0)
    7d58:	97a6                	add	a5,a5,s1
    7d5a:	c01c                	sw	a5,0(s0)
    7d5c:	a015                	j	7d80 <_malloc_r+0xb4>
    7d5e:	4014                	lw	a3,0(s0)
    7d60:	8e85                	sub	a3,a3,s1
    7d62:	0406c863          	bltz	a3,7db2 <_malloc_r+0xe6>
    7d66:	472d                	li	a4,11
    7d68:	02d77d63          	bgeu	a4,a3,7da2 <_malloc_r+0xd6>
    7d6c:	c004                	sw	s1,0(s0)
    7d6e:	00940733          	add	a4,s0,s1
    7d72:	02879663          	bne	a5,s0,7d9e <_malloc_r+0xd2>
    7d76:	00e9a023          	sw	a4,0(s3)
    7d7a:	405c                	lw	a5,4(s0)
    7d7c:	c314                	sw	a3,0(a4)
    7d7e:	c35c                	sw	a5,4(a4)
    7d80:	854a                	mv	a0,s2
    7d82:	2b29                	jal	829c <__malloc_unlock>
    7d84:	00b40513          	addi	a0,s0,11
    7d88:	00440793          	addi	a5,s0,4
    7d8c:	9961                	andi	a0,a0,-8
    7d8e:	40f50733          	sub	a4,a0,a5
    7d92:	f6f503e3          	beq	a0,a5,7cf8 <_malloc_r+0x2c>
    7d96:	943a                	add	s0,s0,a4
    7d98:	8f89                	sub	a5,a5,a0
    7d9a:	c01c                	sw	a5,0(s0)
    7d9c:	bfb1                	j	7cf8 <_malloc_r+0x2c>
    7d9e:	c3d8                	sw	a4,4(a5)
    7da0:	bfe9                	j	7d7a <_malloc_r+0xae>
    7da2:	4058                	lw	a4,4(s0)
    7da4:	00879563          	bne	a5,s0,7dae <_malloc_r+0xe2>
    7da8:	00e9a023          	sw	a4,0(s3)
    7dac:	bfd1                	j	7d80 <_malloc_r+0xb4>
    7dae:	c3d8                	sw	a4,4(a5)
    7db0:	bfc1                	j	7d80 <_malloc_r+0xb4>
    7db2:	87a2                	mv	a5,s0
    7db4:	4040                	lw	s0,4(s0)
    7db6:	bfb1                	j	7d12 <_malloc_r+0x46>
    7db8:	843e                	mv	s0,a5
    7dba:	43dc                	lw	a5,4(a5)
    7dbc:	b7b5                	j	7d28 <_malloc_r+0x5c>
    7dbe:	47b1                	li	a5,12
    7dc0:	00f92023          	sw	a5,0(s2)
    7dc4:	854a                	mv	a0,s2
    7dc6:	29d9                	jal	829c <__malloc_unlock>
    7dc8:	b73d                	j	7cf6 <_malloc_r+0x2a>
    7dca:	c104                	sw	s1,0(a0)
    7dcc:	bf55                	j	7d80 <_malloc_r+0xb4>

00007dce <__sfputc_r>:
    7dce:	461c                	lw	a5,8(a2)
    7dd0:	17fd                	addi	a5,a5,-1
    7dd2:	c61c                	sw	a5,8(a2)
    7dd4:	0007da63          	bgez	a5,7de8 <__sfputc_r+0x1a>
    7dd8:	4e18                	lw	a4,24(a2)
    7dda:	00e7c563          	blt	a5,a4,7de4 <__sfputc_r+0x16>
    7dde:	47a9                	li	a5,10
    7de0:	00f59463          	bne	a1,a5,7de8 <__sfputc_r+0x1a>
    7de4:	f60ff06f          	j	7544 <__swbuf_r>
    7de8:	421c                	lw	a5,0(a2)
    7dea:	852e                	mv	a0,a1
    7dec:	00178713          	addi	a4,a5,1
    7df0:	c218                	sw	a4,0(a2)
    7df2:	a38c                	sb	a1,0(a5)
    7df4:	8082                	ret

00007df6 <__sfputs_r>:
    7df6:	1101                	addi	sp,sp,-32
    7df8:	cc22                	sw	s0,24(sp)
    7dfa:	ca26                	sw	s1,20(sp)
    7dfc:	c84a                	sw	s2,16(sp)
    7dfe:	c64e                	sw	s3,12(sp)
    7e00:	c452                	sw	s4,8(sp)
    7e02:	ce06                	sw	ra,28(sp)
    7e04:	892a                	mv	s2,a0
    7e06:	89ae                	mv	s3,a1
    7e08:	8432                	mv	s0,a2
    7e0a:	00d604b3          	add	s1,a2,a3
    7e0e:	5a7d                	li	s4,-1
    7e10:	00941463          	bne	s0,s1,7e18 <__sfputs_r+0x22>
    7e14:	4501                	li	a0,0
    7e16:	a801                	j	7e26 <__sfputs_r+0x30>
    7e18:	200c                	lbu	a1,0(s0)
    7e1a:	864e                	mv	a2,s3
    7e1c:	854a                	mv	a0,s2
    7e1e:	3f45                	jal	7dce <__sfputc_r>
    7e20:	0405                	addi	s0,s0,1
    7e22:	ff4517e3          	bne	a0,s4,7e10 <__sfputs_r+0x1a>
    7e26:	40f2                	lw	ra,28(sp)
    7e28:	4462                	lw	s0,24(sp)
    7e2a:	44d2                	lw	s1,20(sp)
    7e2c:	4942                	lw	s2,16(sp)
    7e2e:	49b2                	lw	s3,12(sp)
    7e30:	4a22                	lw	s4,8(sp)
    7e32:	6105                	addi	sp,sp,32
    7e34:	8082                	ret

00007e36 <_vfiprintf_r>:
    7e36:	7135                	addi	sp,sp,-160
    7e38:	cd22                	sw	s0,152(sp)
    7e3a:	cb26                	sw	s1,148(sp)
    7e3c:	c94a                	sw	s2,144(sp)
    7e3e:	c74e                	sw	s3,140(sp)
    7e40:	cf06                	sw	ra,156(sp)
    7e42:	c552                	sw	s4,136(sp)
    7e44:	c356                	sw	s5,132(sp)
    7e46:	c15a                	sw	s6,128(sp)
    7e48:	dede                	sw	s7,124(sp)
    7e4a:	dce2                	sw	s8,120(sp)
    7e4c:	89aa                	mv	s3,a0
    7e4e:	842e                	mv	s0,a1
    7e50:	8932                	mv	s2,a2
    7e52:	84b6                	mv	s1,a3
    7e54:	c501                	beqz	a0,7e5c <_vfiprintf_r+0x26>
    7e56:	4d1c                	lw	a5,24(a0)
    7e58:	e391                	bnez	a5,7e5c <_vfiprintf_r+0x26>
    7e5a:	3e29                	jal	7974 <__sinit>
    7e5c:	00001797          	auipc	a5,0x1
    7e60:	9a878793          	addi	a5,a5,-1624 # 8804 <__sf_fake_stdin>
    7e64:	04f41763          	bne	s0,a5,7eb2 <_vfiprintf_r+0x7c>
    7e68:	0049a403          	lw	s0,4(s3)
    7e6c:	507c                	lw	a5,100(s0)
    7e6e:	8b85                	andi	a5,a5,1
    7e70:	e799                	bnez	a5,7e7e <_vfiprintf_r+0x48>
    7e72:	245e                	lhu	a5,12(s0)
    7e74:	2007f793          	andi	a5,a5,512
    7e78:	e399                	bnez	a5,7e7e <_vfiprintf_r+0x48>
    7e7a:	4c28                	lw	a0,88(s0)
    7e7c:	3985                	jal	7aec <__retarget_lock_acquire_recursive>
    7e7e:	245e                	lhu	a5,12(s0)
    7e80:	8ba1                	andi	a5,a5,8
    7e82:	c399                	beqz	a5,7e88 <_vfiprintf_r+0x52>
    7e84:	481c                	lw	a5,16(s0)
    7e86:	efb9                	bnez	a5,7ee4 <_vfiprintf_r+0xae>
    7e88:	85a2                	mv	a1,s0
    7e8a:	854e                	mv	a0,s3
    7e8c:	f74ff0ef          	jal	ra,7600 <__swsetup_r>
    7e90:	c931                	beqz	a0,7ee4 <_vfiprintf_r+0xae>
    7e92:	507c                	lw	a5,100(s0)
    7e94:	8b85                	andi	a5,a5,1
    7e96:	c3a1                	beqz	a5,7ed6 <_vfiprintf_r+0xa0>
    7e98:	557d                	li	a0,-1
    7e9a:	40fa                	lw	ra,156(sp)
    7e9c:	446a                	lw	s0,152(sp)
    7e9e:	44da                	lw	s1,148(sp)
    7ea0:	494a                	lw	s2,144(sp)
    7ea2:	49ba                	lw	s3,140(sp)
    7ea4:	4a2a                	lw	s4,136(sp)
    7ea6:	4a9a                	lw	s5,132(sp)
    7ea8:	4b0a                	lw	s6,128(sp)
    7eaa:	5bf6                	lw	s7,124(sp)
    7eac:	5c66                	lw	s8,120(sp)
    7eae:	610d                	addi	sp,sp,160
    7eb0:	8082                	ret
    7eb2:	00001797          	auipc	a5,0x1
    7eb6:	93278793          	addi	a5,a5,-1742 # 87e4 <__sf_fake_stdout>
    7eba:	00f41563          	bne	s0,a5,7ec4 <_vfiprintf_r+0x8e>
    7ebe:	0089a403          	lw	s0,8(s3)
    7ec2:	b76d                	j	7e6c <_vfiprintf_r+0x36>
    7ec4:	00001797          	auipc	a5,0x1
    7ec8:	90078793          	addi	a5,a5,-1792 # 87c4 <__sf_fake_stderr>
    7ecc:	faf410e3          	bne	s0,a5,7e6c <_vfiprintf_r+0x36>
    7ed0:	00c9a403          	lw	s0,12(s3)
    7ed4:	bf61                	j	7e6c <_vfiprintf_r+0x36>
    7ed6:	245e                	lhu	a5,12(s0)
    7ed8:	2007f793          	andi	a5,a5,512
    7edc:	ffd5                	bnez	a5,7e98 <_vfiprintf_r+0x62>
    7ede:	4c28                	lw	a0,88(s0)
    7ee0:	3139                	jal	7aee <__retarget_lock_release_recursive>
    7ee2:	bf5d                	j	7e98 <_vfiprintf_r+0x62>
    7ee4:	02000793          	li	a5,32
    7ee8:	02f104a3          	sb	a5,41(sp)
    7eec:	03000793          	li	a5,48
    7ef0:	d202                	sw	zero,36(sp)
    7ef2:	02f10523          	sb	a5,42(sp)
    7ef6:	c626                	sw	s1,12(sp)
    7ef8:	02500b93          	li	s7,37
    7efc:	00001a97          	auipc	s5,0x1
    7f00:	928a8a93          	addi	s5,s5,-1752 # 8824 <__sf_fake_stdin+0x20>
    7f04:	4b29                	li	s6,10
    7f06:	84ca                	mv	s1,s2
    7f08:	209c                	lbu	a5,0(s1)
    7f0a:	c399                	beqz	a5,7f10 <_vfiprintf_r+0xda>
    7f0c:	09779963          	bne	a5,s7,7f9e <_vfiprintf_r+0x168>
    7f10:	41248c33          	sub	s8,s1,s2
    7f14:	01248d63          	beq	s1,s2,7f2e <_vfiprintf_r+0xf8>
    7f18:	86e2                	mv	a3,s8
    7f1a:	864a                	mv	a2,s2
    7f1c:	85a2                	mv	a1,s0
    7f1e:	854e                	mv	a0,s3
    7f20:	3dd9                	jal	7df6 <__sfputs_r>
    7f22:	57fd                	li	a5,-1
    7f24:	18f50663          	beq	a0,a5,80b0 <_vfiprintf_r+0x27a>
    7f28:	5792                	lw	a5,36(sp)
    7f2a:	97e2                	add	a5,a5,s8
    7f2c:	d23e                	sw	a5,36(sp)
    7f2e:	209c                	lbu	a5,0(s1)
    7f30:	18078063          	beqz	a5,80b0 <_vfiprintf_r+0x27a>
    7f34:	57fd                	li	a5,-1
    7f36:	00148913          	addi	s2,s1,1
    7f3a:	c802                	sw	zero,16(sp)
    7f3c:	ce02                	sw	zero,28(sp)
    7f3e:	ca3e                	sw	a5,20(sp)
    7f40:	cc02                	sw	zero,24(sp)
    7f42:	040109a3          	sb	zero,83(sp)
    7f46:	d482                	sw	zero,104(sp)
    7f48:	00094583          	lbu	a1,0(s2)
    7f4c:	4615                	li	a2,5
    7f4e:	8556                	mv	a0,s5
    7f50:	2635                	jal	827c <memchr>
    7f52:	47c2                	lw	a5,16(sp)
    7f54:	00190493          	addi	s1,s2,1
    7f58:	e529                	bnez	a0,7fa2 <_vfiprintf_r+0x16c>
    7f5a:	0107f713          	andi	a4,a5,16
    7f5e:	c709                	beqz	a4,7f68 <_vfiprintf_r+0x132>
    7f60:	02000713          	li	a4,32
    7f64:	04e109a3          	sb	a4,83(sp)
    7f68:	0087f713          	andi	a4,a5,8
    7f6c:	c709                	beqz	a4,7f76 <_vfiprintf_r+0x140>
    7f6e:	02b00713          	li	a4,43
    7f72:	04e109a3          	sb	a4,83(sp)
    7f76:	00094683          	lbu	a3,0(s2)
    7f7a:	02a00713          	li	a4,42
    7f7e:	02e68963          	beq	a3,a4,7fb0 <_vfiprintf_r+0x17a>
    7f82:	47f2                	lw	a5,28(sp)
    7f84:	84ca                	mv	s1,s2
    7f86:	4681                	li	a3,0
    7f88:	4625                	li	a2,9
    7f8a:	2098                	lbu	a4,0(s1)
    7f8c:	00148593          	addi	a1,s1,1
    7f90:	fd070713          	addi	a4,a4,-48 # ffffdfd0 <__global_pointer$+0xdff3d4f0>
    7f94:	06e67263          	bgeu	a2,a4,7ff8 <_vfiprintf_r+0x1c2>
    7f98:	c685                	beqz	a3,7fc0 <_vfiprintf_r+0x18a>
    7f9a:	ce3e                	sw	a5,28(sp)
    7f9c:	a015                	j	7fc0 <_vfiprintf_r+0x18a>
    7f9e:	0485                	addi	s1,s1,1
    7fa0:	b7a5                	j	7f08 <_vfiprintf_r+0xd2>
    7fa2:	41550533          	sub	a0,a0,s5
    7fa6:	28a797b3          	bset	a5,a5,a0
    7faa:	8926                	mv	s2,s1
    7fac:	c83e                	sw	a5,16(sp)
    7fae:	bf69                	j	7f48 <_vfiprintf_r+0x112>
    7fb0:	4732                	lw	a4,12(sp)
    7fb2:	00470693          	addi	a3,a4,4
    7fb6:	4318                	lw	a4,0(a4)
    7fb8:	c636                	sw	a3,12(sp)
    7fba:	02074863          	bltz	a4,7fea <_vfiprintf_r+0x1b4>
    7fbe:	ce3a                	sw	a4,28(sp)
    7fc0:	2098                	lbu	a4,0(s1)
    7fc2:	02e00793          	li	a5,46
    7fc6:	04f71c63          	bne	a4,a5,801e <_vfiprintf_r+0x1e8>
    7fca:	3098                	lbu	a4,1(s1)
    7fcc:	02a00793          	li	a5,42
    7fd0:	02f71a63          	bne	a4,a5,8004 <_vfiprintf_r+0x1ce>
    7fd4:	47b2                	lw	a5,12(sp)
    7fd6:	0489                	addi	s1,s1,2
    7fd8:	00478713          	addi	a4,a5,4
    7fdc:	439c                	lw	a5,0(a5)
    7fde:	c63a                	sw	a4,12(sp)
    7fe0:	577d                	li	a4,-1
    7fe2:	0ae7e7b3          	max	a5,a5,a4
    7fe6:	ca3e                	sw	a5,20(sp)
    7fe8:	a81d                	j	801e <_vfiprintf_r+0x1e8>
    7fea:	40e00733          	neg	a4,a4
    7fee:	0027e793          	ori	a5,a5,2
    7ff2:	ce3a                	sw	a4,28(sp)
    7ff4:	c83e                	sw	a5,16(sp)
    7ff6:	b7e9                	j	7fc0 <_vfiprintf_r+0x18a>
    7ff8:	036787b3          	mul	a5,a5,s6
    7ffc:	84ae                	mv	s1,a1
    7ffe:	4685                	li	a3,1
    8000:	97ba                	add	a5,a5,a4
    8002:	b761                	j	7f8a <_vfiprintf_r+0x154>
    8004:	0485                	addi	s1,s1,1
    8006:	ca02                	sw	zero,20(sp)
    8008:	4681                	li	a3,0
    800a:	4781                	li	a5,0
    800c:	4625                	li	a2,9
    800e:	2098                	lbu	a4,0(s1)
    8010:	00148593          	addi	a1,s1,1
    8014:	fd070713          	addi	a4,a4,-48
    8018:	06e67263          	bgeu	a2,a4,807c <_vfiprintf_r+0x246>
    801c:	f6e9                	bnez	a3,7fe6 <_vfiprintf_r+0x1b0>
    801e:	208c                	lbu	a1,0(s1)
    8020:	460d                	li	a2,3
    8022:	00001517          	auipc	a0,0x1
    8026:	80a50513          	addi	a0,a0,-2038 # 882c <__sf_fake_stdin+0x28>
    802a:	2c89                	jal	827c <memchr>
    802c:	cd11                	beqz	a0,8048 <_vfiprintf_r+0x212>
    802e:	00000797          	auipc	a5,0x0
    8032:	7fe78793          	addi	a5,a5,2046 # 882c <__sf_fake_stdin+0x28>
    8036:	8d1d                	sub	a0,a0,a5
    8038:	47c2                	lw	a5,16(sp)
    803a:	04000713          	li	a4,64
    803e:	00a71733          	sll	a4,a4,a0
    8042:	8fd9                	or	a5,a5,a4
    8044:	0485                	addi	s1,s1,1
    8046:	c83e                	sw	a5,16(sp)
    8048:	208c                	lbu	a1,0(s1)
    804a:	4619                	li	a2,6
    804c:	00000517          	auipc	a0,0x0
    8050:	7e450513          	addi	a0,a0,2020 # 8830 <__sf_fake_stdin+0x2c>
    8054:	00148913          	addi	s2,s1,1
    8058:	02b10423          	sb	a1,40(sp)
    805c:	2405                	jal	827c <memchr>
    805e:	c935                	beqz	a0,80d2 <_vfiprintf_r+0x29c>
    8060:	00000793          	li	a5,0
    8064:	e795                	bnez	a5,8090 <_vfiprintf_r+0x25a>
    8066:	4742                	lw	a4,16(sp)
    8068:	47b2                	lw	a5,12(sp)
    806a:	10077713          	andi	a4,a4,256
    806e:	cf09                	beqz	a4,8088 <_vfiprintf_r+0x252>
    8070:	0791                	addi	a5,a5,4
    8072:	c63e                	sw	a5,12(sp)
    8074:	5792                	lw	a5,36(sp)
    8076:	97d2                	add	a5,a5,s4
    8078:	d23e                	sw	a5,36(sp)
    807a:	b571                	j	7f06 <_vfiprintf_r+0xd0>
    807c:	036787b3          	mul	a5,a5,s6
    8080:	84ae                	mv	s1,a1
    8082:	4685                	li	a3,1
    8084:	97ba                	add	a5,a5,a4
    8086:	b761                	j	800e <_vfiprintf_r+0x1d8>
    8088:	079d                	addi	a5,a5,7
    808a:	9be1                	andi	a5,a5,-8
    808c:	07a1                	addi	a5,a5,8
    808e:	b7d5                	j	8072 <_vfiprintf_r+0x23c>
    8090:	0078                	addi	a4,sp,12
    8092:	00000697          	auipc	a3,0x0
    8096:	d6468693          	addi	a3,a3,-668 # 7df6 <__sfputs_r>
    809a:	8622                	mv	a2,s0
    809c:	080c                	addi	a1,sp,16
    809e:	854e                	mv	a0,s3
    80a0:	00000097          	auipc	ra,0x0
    80a4:	000000e7          	jalr	zero # 0 <__stack_size-0x400>
    80a8:	57fd                	li	a5,-1
    80aa:	8a2a                	mv	s4,a0
    80ac:	fcf514e3          	bne	a0,a5,8074 <_vfiprintf_r+0x23e>
    80b0:	507c                	lw	a5,100(s0)
    80b2:	8b85                	andi	a5,a5,1
    80b4:	eb81                	bnez	a5,80c4 <_vfiprintf_r+0x28e>
    80b6:	245e                	lhu	a5,12(s0)
    80b8:	2007f793          	andi	a5,a5,512
    80bc:	e781                	bnez	a5,80c4 <_vfiprintf_r+0x28e>
    80be:	4c28                	lw	a0,88(s0)
    80c0:	a2fff0ef          	jal	ra,7aee <__retarget_lock_release_recursive>
    80c4:	245e                	lhu	a5,12(s0)
    80c6:	0407f793          	andi	a5,a5,64
    80ca:	dc0797e3          	bnez	a5,7e98 <_vfiprintf_r+0x62>
    80ce:	5512                	lw	a0,36(sp)
    80d0:	b3e9                	j	7e9a <_vfiprintf_r+0x64>
    80d2:	0078                	addi	a4,sp,12
    80d4:	00000697          	auipc	a3,0x0
    80d8:	d2268693          	addi	a3,a3,-734 # 7df6 <__sfputs_r>
    80dc:	8622                	mv	a2,s0
    80de:	080c                	addi	a1,sp,16
    80e0:	854e                	mv	a0,s3
    80e2:	24f1                	jal	83ae <_printf_i>
    80e4:	b7d1                	j	80a8 <_vfiprintf_r+0x272>

000080e6 <_sbrk_r>:
    80e6:	1141                	addi	sp,sp,-16
    80e8:	c422                	sw	s0,8(sp)
    80ea:	842a                	mv	s0,a0
    80ec:	852e                	mv	a0,a1
    80ee:	8401aa23          	sw	zero,-1964(gp) # 200c0334 <errno>
    80f2:	c606                	sw	ra,12(sp)
    80f4:	f4ffe0ef          	jal	ra,7042 <_sbrk>
    80f8:	57fd                	li	a5,-1
    80fa:	00f51663          	bne	a0,a5,8106 <_sbrk_r+0x20>
    80fe:	8541a783          	lw	a5,-1964(gp) # 200c0334 <errno>
    8102:	c391                	beqz	a5,8106 <_sbrk_r+0x20>
    8104:	c01c                	sw	a5,0(s0)
    8106:	40b2                	lw	ra,12(sp)
    8108:	4422                	lw	s0,8(sp)
    810a:	0141                	addi	sp,sp,16
    810c:	8082                	ret

0000810e <__sread>:
    810e:	1141                	addi	sp,sp,-16
    8110:	c422                	sw	s0,8(sp)
    8112:	842e                	mv	s0,a1
    8114:	00e59583          	lh	a1,14(a1)
    8118:	c606                	sw	ra,12(sp)
    811a:	2331                	jal	8626 <_read_r>
    811c:	00054963          	bltz	a0,812e <__sread+0x20>
    8120:	487c                	lw	a5,84(s0)
    8122:	97aa                	add	a5,a5,a0
    8124:	c87c                	sw	a5,84(s0)
    8126:	40b2                	lw	ra,12(sp)
    8128:	4422                	lw	s0,8(sp)
    812a:	0141                	addi	sp,sp,16
    812c:	8082                	ret
    812e:	245e                	lhu	a5,12(s0)
    8130:	48c79793          	bclri	a5,a5,0xc
    8134:	a45e                	sh	a5,12(s0)
    8136:	bfc5                	j	8126 <__sread+0x18>

00008138 <__swrite>:
    8138:	25de                	lhu	a5,12(a1)
    813a:	1101                	addi	sp,sp,-32
    813c:	cc22                	sw	s0,24(sp)
    813e:	ca26                	sw	s1,20(sp)
    8140:	c84a                	sw	s2,16(sp)
    8142:	c64e                	sw	s3,12(sp)
    8144:	ce06                	sw	ra,28(sp)
    8146:	1007f793          	andi	a5,a5,256
    814a:	84aa                	mv	s1,a0
    814c:	842e                	mv	s0,a1
    814e:	8932                	mv	s2,a2
    8150:	89b6                	mv	s3,a3
    8152:	c791                	beqz	a5,815e <__swrite+0x26>
    8154:	00e59583          	lh	a1,14(a1)
    8158:	4689                	li	a3,2
    815a:	4601                	li	a2,0
    815c:	28dd                	jal	8252 <_lseek_r>
    815e:	245e                	lhu	a5,12(s0)
    8160:	00e41583          	lh	a1,14(s0)
    8164:	40f2                	lw	ra,28(sp)
    8166:	48c79793          	bclri	a5,a5,0xc
    816a:	a45e                	sh	a5,12(s0)
    816c:	4462                	lw	s0,24(sp)
    816e:	86ce                	mv	a3,s3
    8170:	864a                	mv	a2,s2
    8172:	49b2                	lw	s3,12(sp)
    8174:	4942                	lw	s2,16(sp)
    8176:	8526                	mv	a0,s1
    8178:	44d2                	lw	s1,20(sp)
    817a:	6105                	addi	sp,sp,32
    817c:	a81d                	j	81b2 <_write_r>

0000817e <__sseek>:
    817e:	1141                	addi	sp,sp,-16
    8180:	c422                	sw	s0,8(sp)
    8182:	842e                	mv	s0,a1
    8184:	00e59583          	lh	a1,14(a1)
    8188:	c606                	sw	ra,12(sp)
    818a:	20e1                	jal	8252 <_lseek_r>
    818c:	577d                	li	a4,-1
    818e:	245e                	lhu	a5,12(s0)
    8190:	00e51963          	bne	a0,a4,81a2 <__sseek+0x24>
    8194:	48c79793          	bclri	a5,a5,0xc
    8198:	a45e                	sh	a5,12(s0)
    819a:	40b2                	lw	ra,12(sp)
    819c:	4422                	lw	s0,8(sp)
    819e:	0141                	addi	sp,sp,16
    81a0:	8082                	ret
    81a2:	28c79793          	bseti	a5,a5,0xc
    81a6:	c868                	sw	a0,84(s0)
    81a8:	a45e                	sh	a5,12(s0)
    81aa:	bfc5                	j	819a <__sseek+0x1c>

000081ac <__sclose>:
    81ac:	00e59583          	lh	a1,14(a1)
    81b0:	a03d                	j	81de <_close_r>

000081b2 <_write_r>:
    81b2:	1141                	addi	sp,sp,-16
    81b4:	c422                	sw	s0,8(sp)
    81b6:	842a                	mv	s0,a0
    81b8:	852e                	mv	a0,a1
    81ba:	85b2                	mv	a1,a2
    81bc:	8636                	mv	a2,a3
    81be:	8401aa23          	sw	zero,-1964(gp) # 200c0334 <errno>
    81c2:	c606                	sw	ra,12(sp)
    81c4:	e45fe0ef          	jal	ra,7008 <_write>
    81c8:	57fd                	li	a5,-1
    81ca:	00f51663          	bne	a0,a5,81d6 <_write_r+0x24>
    81ce:	8541a783          	lw	a5,-1964(gp) # 200c0334 <errno>
    81d2:	c391                	beqz	a5,81d6 <_write_r+0x24>
    81d4:	c01c                	sw	a5,0(s0)
    81d6:	40b2                	lw	ra,12(sp)
    81d8:	4422                	lw	s0,8(sp)
    81da:	0141                	addi	sp,sp,16
    81dc:	8082                	ret

000081de <_close_r>:
    81de:	1141                	addi	sp,sp,-16
    81e0:	c422                	sw	s0,8(sp)
    81e2:	842a                	mv	s0,a0
    81e4:	852e                	mv	a0,a1
    81e6:	8401aa23          	sw	zero,-1964(gp) # 200c0334 <errno>
    81ea:	c606                	sw	ra,12(sp)
    81ec:	2195                	jal	8650 <_close>
    81ee:	57fd                	li	a5,-1
    81f0:	00f51663          	bne	a0,a5,81fc <_close_r+0x1e>
    81f4:	8541a783          	lw	a5,-1964(gp) # 200c0334 <errno>
    81f8:	c391                	beqz	a5,81fc <_close_r+0x1e>
    81fa:	c01c                	sw	a5,0(s0)
    81fc:	40b2                	lw	ra,12(sp)
    81fe:	4422                	lw	s0,8(sp)
    8200:	0141                	addi	sp,sp,16
    8202:	8082                	ret

00008204 <_fstat_r>:
    8204:	1141                	addi	sp,sp,-16
    8206:	c422                	sw	s0,8(sp)
    8208:	842a                	mv	s0,a0
    820a:	852e                	mv	a0,a1
    820c:	85b2                	mv	a1,a2
    820e:	8401aa23          	sw	zero,-1964(gp) # 200c0334 <errno>
    8212:	c606                	sw	ra,12(sp)
    8214:	21a1                	jal	865c <_fstat>
    8216:	57fd                	li	a5,-1
    8218:	00f51663          	bne	a0,a5,8224 <_fstat_r+0x20>
    821c:	8541a783          	lw	a5,-1964(gp) # 200c0334 <errno>
    8220:	c391                	beqz	a5,8224 <_fstat_r+0x20>
    8222:	c01c                	sw	a5,0(s0)
    8224:	40b2                	lw	ra,12(sp)
    8226:	4422                	lw	s0,8(sp)
    8228:	0141                	addi	sp,sp,16
    822a:	8082                	ret

0000822c <_isatty_r>:
    822c:	1141                	addi	sp,sp,-16
    822e:	c422                	sw	s0,8(sp)
    8230:	842a                	mv	s0,a0
    8232:	852e                	mv	a0,a1
    8234:	8401aa23          	sw	zero,-1964(gp) # 200c0334 <errno>
    8238:	c606                	sw	ra,12(sp)
    823a:	213d                	jal	8668 <_isatty>
    823c:	57fd                	li	a5,-1
    823e:	00f51663          	bne	a0,a5,824a <_isatty_r+0x1e>
    8242:	8541a783          	lw	a5,-1964(gp) # 200c0334 <errno>
    8246:	c391                	beqz	a5,824a <_isatty_r+0x1e>
    8248:	c01c                	sw	a5,0(s0)
    824a:	40b2                	lw	ra,12(sp)
    824c:	4422                	lw	s0,8(sp)
    824e:	0141                	addi	sp,sp,16
    8250:	8082                	ret

00008252 <_lseek_r>:
    8252:	1141                	addi	sp,sp,-16
    8254:	c422                	sw	s0,8(sp)
    8256:	842a                	mv	s0,a0
    8258:	852e                	mv	a0,a1
    825a:	85b2                	mv	a1,a2
    825c:	8636                	mv	a2,a3
    825e:	8401aa23          	sw	zero,-1964(gp) # 200c0334 <errno>
    8262:	c606                	sw	ra,12(sp)
    8264:	2901                	jal	8674 <_lseek>
    8266:	57fd                	li	a5,-1
    8268:	00f51663          	bne	a0,a5,8274 <_lseek_r+0x22>
    826c:	8541a783          	lw	a5,-1964(gp) # 200c0334 <errno>
    8270:	c391                	beqz	a5,8274 <_lseek_r+0x22>
    8272:	c01c                	sw	a5,0(s0)
    8274:	40b2                	lw	ra,12(sp)
    8276:	4422                	lw	s0,8(sp)
    8278:	0141                	addi	sp,sp,16
    827a:	8082                	ret

0000827c <memchr>:
    827c:	0ff5f593          	zext.b	a1,a1
    8280:	962a                	add	a2,a2,a0
    8282:	00c51463          	bne	a0,a2,828a <memchr+0xe>
    8286:	4501                	li	a0,0
    8288:	8082                	ret
    828a:	211c                	lbu	a5,0(a0)
    828c:	feb78ee3          	beq	a5,a1,8288 <memchr+0xc>
    8290:	0505                	addi	a0,a0,1
    8292:	bfc5                	j	8282 <memchr+0x6>

00008294 <__malloc_lock>:
    8294:	84018513          	addi	a0,gp,-1984 # 200c0320 <__lock___malloc_recursive_mutex>
    8298:	855ff06f          	j	7aec <__retarget_lock_acquire_recursive>

0000829c <__malloc_unlock>:
    829c:	84018513          	addi	a0,gp,-1984 # 200c0320 <__lock___malloc_recursive_mutex>
    82a0:	84fff06f          	j	7aee <__retarget_lock_release_recursive>

000082a4 <_printf_common>:
    82a4:	7179                	addi	sp,sp,-48
    82a6:	ca56                	sw	s5,20(sp)
    82a8:	499c                	lw	a5,16(a1)
    82aa:	8aba                	mv	s5,a4
    82ac:	4598                	lw	a4,8(a1)
    82ae:	d422                	sw	s0,40(sp)
    82b0:	d04a                	sw	s2,32(sp)
    82b2:	ce4e                	sw	s3,28(sp)
    82b4:	cc52                	sw	s4,24(sp)
    82b6:	d606                	sw	ra,44(sp)
    82b8:	d226                	sw	s1,36(sp)
    82ba:	c85a                	sw	s6,16(sp)
    82bc:	c65e                	sw	s7,12(sp)
    82be:	0ae7e7b3          	max	a5,a5,a4
    82c2:	c21c                	sw	a5,0(a2)
    82c4:	0435c703          	lbu	a4,67(a1)
    82c8:	89aa                	mv	s3,a0
    82ca:	842e                	mv	s0,a1
    82cc:	8932                	mv	s2,a2
    82ce:	8a36                	mv	s4,a3
    82d0:	c319                	beqz	a4,82d6 <_printf_common+0x32>
    82d2:	0785                	addi	a5,a5,1
    82d4:	c21c                	sw	a5,0(a2)
    82d6:	401c                	lw	a5,0(s0)
    82d8:	0207f793          	andi	a5,a5,32
    82dc:	c791                	beqz	a5,82e8 <_printf_common+0x44>
    82de:	00092783          	lw	a5,0(s2)
    82e2:	0789                	addi	a5,a5,2
    82e4:	00f92023          	sw	a5,0(s2)
    82e8:	4004                	lw	s1,0(s0)
    82ea:	8899                	andi	s1,s1,6
    82ec:	e891                	bnez	s1,8300 <_printf_common+0x5c>
    82ee:	01940b13          	addi	s6,s0,25
    82f2:	5bfd                	li	s7,-1
    82f4:	445c                	lw	a5,12(s0)
    82f6:	00092703          	lw	a4,0(s2)
    82fa:	8f99                	sub	a5,a5,a4
    82fc:	04f4cc63          	blt	s1,a5,8354 <_printf_common+0xb0>
    8300:	04344783          	lbu	a5,67(s0)
    8304:	00f036b3          	snez	a3,a5
    8308:	401c                	lw	a5,0(s0)
    830a:	0207f793          	andi	a5,a5,32
    830e:	eba5                	bnez	a5,837e <_printf_common+0xda>
    8310:	04340613          	addi	a2,s0,67
    8314:	85d2                	mv	a1,s4
    8316:	854e                	mv	a0,s3
    8318:	9a82                	jalr	s5
    831a:	57fd                	li	a5,-1
    831c:	04f50363          	beq	a0,a5,8362 <_printf_common+0xbe>
    8320:	401c                	lw	a5,0(s0)
    8322:	4711                	li	a4,4
    8324:	4481                	li	s1,0
    8326:	8b99                	andi	a5,a5,6
    8328:	00e79963          	bne	a5,a4,833a <_printf_common+0x96>
    832c:	00092783          	lw	a5,0(s2)
    8330:	4444                	lw	s1,12(s0)
    8332:	8c9d                	sub	s1,s1,a5
    8334:	4781                	li	a5,0
    8336:	0af4e4b3          	max	s1,s1,a5
    833a:	441c                	lw	a5,8(s0)
    833c:	4818                	lw	a4,16(s0)
    833e:	00f75463          	bge	a4,a5,8346 <_printf_common+0xa2>
    8342:	8f99                	sub	a5,a5,a4
    8344:	94be                	add	s1,s1,a5
    8346:	4901                	li	s2,0
    8348:	0469                	addi	s0,s0,26
    834a:	5b7d                	li	s6,-1
    834c:	05249863          	bne	s1,s2,839c <_printf_common+0xf8>
    8350:	4501                	li	a0,0
    8352:	a809                	j	8364 <_printf_common+0xc0>
    8354:	4685                	li	a3,1
    8356:	865a                	mv	a2,s6
    8358:	85d2                	mv	a1,s4
    835a:	854e                	mv	a0,s3
    835c:	9a82                	jalr	s5
    835e:	01751e63          	bne	a0,s7,837a <_printf_common+0xd6>
    8362:	557d                	li	a0,-1
    8364:	50b2                	lw	ra,44(sp)
    8366:	5422                	lw	s0,40(sp)
    8368:	5492                	lw	s1,36(sp)
    836a:	5902                	lw	s2,32(sp)
    836c:	49f2                	lw	s3,28(sp)
    836e:	4a62                	lw	s4,24(sp)
    8370:	4ad2                	lw	s5,20(sp)
    8372:	4b42                	lw	s6,16(sp)
    8374:	4bb2                	lw	s7,12(sp)
    8376:	6145                	addi	sp,sp,48
    8378:	8082                	ret
    837a:	0485                	addi	s1,s1,1
    837c:	bfa5                	j	82f4 <_printf_common+0x50>
    837e:	00d40733          	add	a4,s0,a3
    8382:	03000613          	li	a2,48
    8386:	04c701a3          	sb	a2,67(a4)
    838a:	04544703          	lbu	a4,69(s0)
    838e:	00168793          	addi	a5,a3,1
    8392:	97a2                	add	a5,a5,s0
    8394:	0689                	addi	a3,a3,2
    8396:	04e781a3          	sb	a4,67(a5)
    839a:	bf9d                	j	8310 <_printf_common+0x6c>
    839c:	4685                	li	a3,1
    839e:	8622                	mv	a2,s0
    83a0:	85d2                	mv	a1,s4
    83a2:	854e                	mv	a0,s3
    83a4:	9a82                	jalr	s5
    83a6:	fb650ee3          	beq	a0,s6,8362 <_printf_common+0xbe>
    83aa:	0905                	addi	s2,s2,1
    83ac:	b745                	j	834c <_printf_common+0xa8>

000083ae <_printf_i>:
    83ae:	7179                	addi	sp,sp,-48
    83b0:	d422                	sw	s0,40(sp)
    83b2:	d04a                	sw	s2,32(sp)
    83b4:	ce4e                	sw	s3,28(sp)
    83b6:	cc52                	sw	s4,24(sp)
    83b8:	d606                	sw	ra,44(sp)
    83ba:	d226                	sw	s1,36(sp)
    83bc:	ca56                	sw	s5,20(sp)
    83be:	c85a                	sw	s6,16(sp)
    83c0:	0185c803          	lbu	a6,24(a1)
    83c4:	07800793          	li	a5,120
    83c8:	892a                	mv	s2,a0
    83ca:	842e                	mv	s0,a1
    83cc:	89b2                	mv	s3,a2
    83ce:	8a36                	mv	s4,a3
    83d0:	0307e263          	bltu	a5,a6,83f4 <_printf_i+0x46>
    83d4:	06200793          	li	a5,98
    83d8:	04358693          	addi	a3,a1,67
    83dc:	0307e163          	bltu	a5,a6,83fe <_printf_i+0x50>
    83e0:	1c080b63          	beqz	a6,85b6 <_printf_i+0x208>
    83e4:	05800793          	li	a5,88
    83e8:	00000617          	auipc	a2,0x0
    83ec:	45060613          	addi	a2,a2,1104 # 8838 <__sf_fake_stdin+0x34>
    83f0:	14f80763          	beq	a6,a5,853e <_printf_i+0x190>
    83f4:	04240493          	addi	s1,s0,66
    83f8:	05040123          	sb	a6,66(s0)
    83fc:	a815                	j	8430 <_printf_i+0x82>
    83fe:	f9d80793          	addi	a5,a6,-99
    8402:	0ff7f793          	zext.b	a5,a5
    8406:	4655                	li	a2,21
    8408:	fef666e3          	bltu	a2,a5,83f4 <_printf_i+0x46>
    840c:	00000617          	auipc	a2,0x0
    8410:	45460613          	addi	a2,a2,1108 # 8860 <__sf_fake_stdin+0x5c>
    8414:	20c7c7b3          	sh2add	a5,a5,a2
    8418:	439c                	lw	a5,0(a5)
    841a:	97b2                	add	a5,a5,a2
    841c:	8782                	jr	a5
    841e:	431c                	lw	a5,0(a4)
    8420:	04258493          	addi	s1,a1,66
    8424:	00478693          	addi	a3,a5,4
    8428:	439c                	lw	a5,0(a5)
    842a:	c314                	sw	a3,0(a4)
    842c:	04f58123          	sb	a5,66(a1)
    8430:	4785                	li	a5,1
    8432:	a265                	j	85da <_printf_i+0x22c>
    8434:	4190                	lw	a2,0(a1)
    8436:	431c                	lw	a5,0(a4)
    8438:	08067513          	andi	a0,a2,128
    843c:	00478593          	addi	a1,a5,4
    8440:	c129                	beqz	a0,8482 <_printf_i+0xd4>
    8442:	439c                	lw	a5,0(a5)
    8444:	c30c                	sw	a1,0(a4)
    8446:	4058                	lw	a4,4(s0)
    8448:	1207de63          	bgez	a5,8584 <_printf_i+0x1d6>
    844c:	02d00593          	li	a1,45
    8450:	04b401a3          	sb	a1,67(s0)
    8454:	c418                	sw	a4,8(s0)
    8456:	02075e63          	bgez	a4,8492 <_printf_i+0xe4>
    845a:	40f007b3          	neg	a5,a5
    845e:	00000617          	auipc	a2,0x0
    8462:	3da60613          	addi	a2,a2,986 # 8838 <__sf_fake_stdin+0x34>
    8466:	4829                	li	a6,10
    8468:	84b6                	mv	s1,a3
    846a:	0307f733          	remu	a4,a5,a6
    846e:	14fd                	addi	s1,s1,-1
    8470:	9732                	add	a4,a4,a2
    8472:	2318                	lbu	a4,0(a4)
    8474:	a098                	sb	a4,0(s1)
    8476:	873e                	mv	a4,a5
    8478:	0307d7b3          	divu	a5,a5,a6
    847c:	ff0777e3          	bgeu	a4,a6,846a <_printf_i+0xbc>
    8480:	a085                	j	84e0 <_printf_i+0x132>
    8482:	439c                	lw	a5,0(a5)
    8484:	04067513          	andi	a0,a2,64
    8488:	c30c                	sw	a1,0(a4)
    848a:	dd55                	beqz	a0,8446 <_printf_i+0x98>
    848c:	60579793          	sext.h	a5,a5
    8490:	bf5d                	j	8446 <_printf_i+0x98>
    8492:	9a6d                	andi	a2,a2,-5
    8494:	c010                	sw	a2,0(s0)
    8496:	b7d1                	j	845a <_printf_i+0xac>
    8498:	4190                	lw	a2,0(a1)
    849a:	431c                	lw	a5,0(a4)
    849c:	08067513          	andi	a0,a2,128
    84a0:	00478593          	addi	a1,a5,4
    84a4:	c501                	beqz	a0,84ac <_printf_i+0xfe>
    84a6:	c30c                	sw	a1,0(a4)
    84a8:	439c                	lw	a5,0(a5)
    84aa:	a031                	j	84b6 <_printf_i+0x108>
    84ac:	04067613          	andi	a2,a2,64
    84b0:	c30c                	sw	a1,0(a4)
    84b2:	da7d                	beqz	a2,84a8 <_printf_i+0xfa>
    84b4:	239e                	lhu	a5,0(a5)
    84b6:	06f00713          	li	a4,111
    84ba:	00000617          	auipc	a2,0x0
    84be:	37e60613          	addi	a2,a2,894 # 8838 <__sf_fake_stdin+0x34>
    84c2:	0ae81f63          	bne	a6,a4,8580 <_printf_i+0x1d2>
    84c6:	4821                	li	a6,8
    84c8:	040401a3          	sb	zero,67(s0)
    84cc:	4058                	lw	a4,4(s0)
    84ce:	c418                	sw	a4,8(s0)
    84d0:	f8074ce3          	bltz	a4,8468 <_printf_i+0xba>
    84d4:	400c                	lw	a1,0(s0)
    84d6:	99ed                	andi	a1,a1,-5
    84d8:	c00c                	sw	a1,0(s0)
    84da:	f7d9                	bnez	a5,8468 <_printf_i+0xba>
    84dc:	84b6                	mv	s1,a3
    84de:	f749                	bnez	a4,8468 <_printf_i+0xba>
    84e0:	47a1                	li	a5,8
    84e2:	00f81e63          	bne	a6,a5,84fe <_printf_i+0x150>
    84e6:	401c                	lw	a5,0(s0)
    84e8:	8b85                	andi	a5,a5,1
    84ea:	cb91                	beqz	a5,84fe <_printf_i+0x150>
    84ec:	4058                	lw	a4,4(s0)
    84ee:	481c                	lw	a5,16(s0)
    84f0:	00e7c763          	blt	a5,a4,84fe <_printf_i+0x150>
    84f4:	03000793          	li	a5,48
    84f8:	fef48fa3          	sb	a5,-1(s1)
    84fc:	14fd                	addi	s1,s1,-1
    84fe:	8e85                	sub	a3,a3,s1
    8500:	c814                	sw	a3,16(s0)
    8502:	8752                	mv	a4,s4
    8504:	86ce                	mv	a3,s3
    8506:	0070                	addi	a2,sp,12
    8508:	85a2                	mv	a1,s0
    850a:	854a                	mv	a0,s2
    850c:	3b61                	jal	82a4 <_printf_common>
    850e:	5afd                	li	s5,-1
    8510:	0d551963          	bne	a0,s5,85e2 <_printf_i+0x234>
    8514:	557d                	li	a0,-1
    8516:	50b2                	lw	ra,44(sp)
    8518:	5422                	lw	s0,40(sp)
    851a:	5492                	lw	s1,36(sp)
    851c:	5902                	lw	s2,32(sp)
    851e:	49f2                	lw	s3,28(sp)
    8520:	4a62                	lw	s4,24(sp)
    8522:	4ad2                	lw	s5,20(sp)
    8524:	4b42                	lw	s6,16(sp)
    8526:	6145                	addi	sp,sp,48
    8528:	8082                	ret
    852a:	419c                	lw	a5,0(a1)
    852c:	0207e793          	ori	a5,a5,32
    8530:	c19c                	sw	a5,0(a1)
    8532:	07800813          	li	a6,120
    8536:	00000617          	auipc	a2,0x0
    853a:	31660613          	addi	a2,a2,790 # 884c <__sf_fake_stdin+0x48>
    853e:	050402a3          	sb	a6,69(s0)
    8542:	400c                	lw	a1,0(s0)
    8544:	431c                	lw	a5,0(a4)
    8546:	0805f813          	andi	a6,a1,128
    854a:	00478513          	addi	a0,a5,4
    854e:	00080563          	beqz	a6,8558 <_printf_i+0x1aa>
    8552:	c308                	sw	a0,0(a4)
    8554:	439c                	lw	a5,0(a5)
    8556:	a039                	j	8564 <_printf_i+0x1b6>
    8558:	0405f813          	andi	a6,a1,64
    855c:	c308                	sw	a0,0(a4)
    855e:	fe080be3          	beqz	a6,8554 <_printf_i+0x1a6>
    8562:	239e                	lhu	a5,0(a5)
    8564:	0015f713          	andi	a4,a1,1
    8568:	c701                	beqz	a4,8570 <_printf_i+0x1c2>
    856a:	0205e593          	ori	a1,a1,32
    856e:	c00c                	sw	a1,0(s0)
    8570:	c399                	beqz	a5,8576 <_printf_i+0x1c8>
    8572:	4841                	li	a6,16
    8574:	bf91                	j	84c8 <_printf_i+0x11a>
    8576:	4018                	lw	a4,0(s0)
    8578:	fdf77713          	andi	a4,a4,-33
    857c:	c018                	sw	a4,0(s0)
    857e:	bfd5                	j	8572 <_printf_i+0x1c4>
    8580:	4829                	li	a6,10
    8582:	b799                	j	84c8 <_printf_i+0x11a>
    8584:	00000617          	auipc	a2,0x0
    8588:	2b460613          	addi	a2,a2,692 # 8838 <__sf_fake_stdin+0x34>
    858c:	4829                	li	a6,10
    858e:	bf3d                	j	84cc <_printf_i+0x11e>
    8590:	4190                	lw	a2,0(a1)
    8592:	431c                	lw	a5,0(a4)
    8594:	49cc                	lw	a1,20(a1)
    8596:	08067813          	andi	a6,a2,128
    859a:	00478513          	addi	a0,a5,4
    859e:	00080663          	beqz	a6,85aa <_printf_i+0x1fc>
    85a2:	c308                	sw	a0,0(a4)
    85a4:	439c                	lw	a5,0(a5)
    85a6:	c38c                	sw	a1,0(a5)
    85a8:	a039                	j	85b6 <_printf_i+0x208>
    85aa:	c308                	sw	a0,0(a4)
    85ac:	04067613          	andi	a2,a2,64
    85b0:	439c                	lw	a5,0(a5)
    85b2:	da75                	beqz	a2,85a6 <_printf_i+0x1f8>
    85b4:	a38e                	sh	a1,0(a5)
    85b6:	00042823          	sw	zero,16(s0)
    85ba:	84b6                	mv	s1,a3
    85bc:	b799                	j	8502 <_printf_i+0x154>
    85be:	431c                	lw	a5,0(a4)
    85c0:	41d0                	lw	a2,4(a1)
    85c2:	4581                	li	a1,0
    85c4:	00478693          	addi	a3,a5,4
    85c8:	c314                	sw	a3,0(a4)
    85ca:	4384                	lw	s1,0(a5)
    85cc:	8526                	mv	a0,s1
    85ce:	317d                	jal	827c <memchr>
    85d0:	c501                	beqz	a0,85d8 <_printf_i+0x22a>
    85d2:	409507b3          	sub	a5,a0,s1
    85d6:	c05c                	sw	a5,4(s0)
    85d8:	405c                	lw	a5,4(s0)
    85da:	c81c                	sw	a5,16(s0)
    85dc:	040401a3          	sb	zero,67(s0)
    85e0:	b70d                	j	8502 <_printf_i+0x154>
    85e2:	4814                	lw	a3,16(s0)
    85e4:	8626                	mv	a2,s1
    85e6:	85ce                	mv	a1,s3
    85e8:	854a                	mv	a0,s2
    85ea:	9a02                	jalr	s4
    85ec:	f35504e3          	beq	a0,s5,8514 <_printf_i+0x166>
    85f0:	401c                	lw	a5,0(s0)
    85f2:	8b89                	andi	a5,a5,2
    85f4:	e785                	bnez	a5,861c <_printf_i+0x26e>
    85f6:	4448                	lw	a0,12(s0)
    85f8:	47b2                	lw	a5,12(sp)
    85fa:	0af56533          	max	a0,a0,a5
    85fe:	bf21                	j	8516 <_printf_i+0x168>
    8600:	4685                	li	a3,1
    8602:	8656                	mv	a2,s5
    8604:	85ce                	mv	a1,s3
    8606:	854a                	mv	a0,s2
    8608:	9a02                	jalr	s4
    860a:	f16505e3          	beq	a0,s6,8514 <_printf_i+0x166>
    860e:	0485                	addi	s1,s1,1
    8610:	445c                	lw	a5,12(s0)
    8612:	4732                	lw	a4,12(sp)
    8614:	8f99                	sub	a5,a5,a4
    8616:	fef4c5e3          	blt	s1,a5,8600 <_printf_i+0x252>
    861a:	bff1                	j	85f6 <_printf_i+0x248>
    861c:	4481                	li	s1,0
    861e:	01940a93          	addi	s5,s0,25
    8622:	5b7d                	li	s6,-1
    8624:	b7f5                	j	8610 <_printf_i+0x262>

00008626 <_read_r>:
    8626:	1141                	addi	sp,sp,-16
    8628:	c422                	sw	s0,8(sp)
    862a:	842a                	mv	s0,a0
    862c:	852e                	mv	a0,a1
    862e:	85b2                	mv	a1,a2
    8630:	8636                	mv	a2,a3
    8632:	8401aa23          	sw	zero,-1964(gp) # 200c0334 <errno>
    8636:	c606                	sw	ra,12(sp)
    8638:	20a1                	jal	8680 <_read>
    863a:	57fd                	li	a5,-1
    863c:	00f51663          	bne	a0,a5,8648 <_read_r+0x22>
    8640:	8541a783          	lw	a5,-1964(gp) # 200c0334 <errno>
    8644:	c391                	beqz	a5,8648 <_read_r+0x22>
    8646:	c01c                	sw	a5,0(s0)
    8648:	40b2                	lw	ra,12(sp)
    864a:	4422                	lw	s0,8(sp)
    864c:	0141                	addi	sp,sp,16
    864e:	8082                	ret

00008650 <_close>:
    8650:	05800793          	li	a5,88
    8654:	84f1aa23          	sw	a5,-1964(gp) # 200c0334 <errno>
    8658:	557d                	li	a0,-1
    865a:	8082                	ret

0000865c <_fstat>:
    865c:	05800793          	li	a5,88
    8660:	84f1aa23          	sw	a5,-1964(gp) # 200c0334 <errno>
    8664:	557d                	li	a0,-1
    8666:	8082                	ret

00008668 <_isatty>:
    8668:	05800793          	li	a5,88
    866c:	84f1aa23          	sw	a5,-1964(gp) # 200c0334 <errno>
    8670:	4501                	li	a0,0
    8672:	8082                	ret

00008674 <_lseek>:
    8674:	05800793          	li	a5,88
    8678:	84f1aa23          	sw	a5,-1964(gp) # 200c0334 <errno>
    867c:	557d                	li	a0,-1
    867e:	8082                	ret

00008680 <_read>:
    8680:	05800793          	li	a5,88
    8684:	84f1aa23          	sw	a5,-1964(gp) # 200c0334 <errno>
    8688:	557d                	li	a0,-1
    868a:	8082                	ret
    868c:	74737953          	.4byte	0x74737953
    8690:	6d65                	lui	s10,0x19
    8692:	3a6b6c43          	.4byte	0x3a6b6c43
    8696:	6425                	lui	s0,0x9
    8698:	0a0d                	addi	s4,s4,3
    869a:	0000                	unimp
    869c:	3356                	lhu	a3,36(a4)
    869e:	2046                	lhu	s1,4(s0)
    86a0:	74737953          	.4byte	0x74737953
    86a4:	6d65                	lui	s10,0x19
    86a6:	65726f43          	.4byte	0x65726f43
    86aa:	3a6b6c43          	.4byte	0x3a6b6c43
    86ae:	6425                	lui	s0,0x9
    86b0:	0a0d                	addi	s4,s4,3
    86b2:	0000                	unimp
    86b4:	3356                	lhu	a3,36(a4)
    86b6:	2046                	lhu	s1,4(s0)
    86b8:	656b6177          	.4byte	0x656b6177
    86bc:	7520                	.2byte	0x7520
    86be:	0d70                	addi	a2,sp,668
    86c0:	0000                	unimp
	...

000086c4 <__clz_tab>:
    86c4:	0100 0202 0303 0303 0404 0404 0404 0404     ................
    86d4:	0505 0505 0505 0505 0505 0505 0505 0505     ................
    86e4:	0606 0606 0606 0606 0606 0606 0606 0606     ................
    86f4:	0606 0606 0606 0606 0606 0606 0606 0606     ................
    8704:	0707 0707 0707 0707 0707 0707 0707 0707     ................
    8714:	0707 0707 0707 0707 0707 0707 0707 0707     ................
    8724:	0707 0707 0707 0707 0707 0707 0707 0707     ................
    8734:	0707 0707 0707 0707 0707 0707 0707 0707     ................
    8744:	0808 0808 0808 0808 0808 0808 0808 0808     ................
    8754:	0808 0808 0808 0808 0808 0808 0808 0808     ................
    8764:	0808 0808 0808 0808 0808 0808 0808 0808     ................
    8774:	0808 0808 0808 0808 0808 0808 0808 0808     ................
    8784:	0808 0808 0808 0808 0808 0808 0808 0808     ................
    8794:	0808 0808 0808 0808 0808 0808 0808 0808     ................
    87a4:	0808 0808 0808 0808 0808 0808 0808 0808     ................
    87b4:	0808 0808 0808 0808 0808 0808 0808 0808     ................

000087c4 <__sf_fake_stderr>:
	...

000087e4 <__sf_fake_stdout>:
	...

00008804 <__sf_fake_stdin>:
	...
    8824:	2d23 2b30 0020 0000 6c68 004c 6665 4567     #-0+ ...hlL.efgE
    8834:	4746 0000 3130 3332 3534 3736 3938 4241     FG..0123456789AB
    8844:	4443 4645 0000 0000 3130 3332 3534 3736     CDEF....01234567
    8854:	3938 6261 6463 6665 0000 0000 fbbe ffff     89abcdef........
    8864:	fbd4 ffff fb94 ffff fb94 ffff fb94 ffff     ................
    8874:	fb94 ffff fbd4 ffff fb94 ffff fb94 ffff     ................
    8884:	fb94 ffff fb94 ffff fd30 ffff fc38 ffff     ........0...8...
    8894:	fcca ffff fb94 ffff fb94 ffff fd5e ffff     ............^...
    88a4:	fb94 ffff fc38 ffff fb94 ffff fb94 ffff     ....8...........
    88b4:	fcd2 ffff                                   ....

Disassembly of section .text:

000088b8 <handle_reset>:
    88b8:	200b8197          	auipc	gp,0x200b8
    88bc:	22818193          	addi	gp,gp,552 # 200c0ae0 <__global_pointer$>
    88c0:	f2018113          	addi	sp,gp,-224 # 200c0a00 <_eusrstack>
    88c4:	ffffd517          	auipc	a0,0xffffd
    88c8:	74450513          	addi	a0,a0,1860 # 6008 <_einit>
    88cc:	ffffd597          	auipc	a1,0xffffd
    88d0:	73c58593          	addi	a1,a1,1852 # 6008 <_einit>
    88d4:	ffffe617          	auipc	a2,0xffffe
    88d8:	81c60613          	addi	a2,a2,-2020 # 60f0 <_highcode_lma>
    88dc:	00c5fa63          	bgeu	a1,a2,88f0 <handle_reset+0x38>
    88e0:	00052283          	lw	t0,0(a0)
    88e4:	0055a023          	sw	t0,0(a1)
    88e8:	0511                	addi	a0,a0,4
    88ea:	0591                	addi	a1,a1,4
    88ec:	fec5eae3          	bltu	a1,a2,88e0 <handle_reset+0x28>
    88f0:	f18fd0ef          	jal	ra,6008 <_einit>
    88f4:	123702b7          	lui	t0,0x12370
    88f8:	3e128293          	addi	t0,t0,993 # 123703e1 <_data_lma+0x12367aa9>
    88fc:	bc029073          	csrw	0xbc0,t0
    8900:	4285                	li	t0,1
    8902:	bc129073          	csrw	0xbc1,t0
    8906:	42ad                	li	t0,11
    8908:	80429073          	csrw	0x804,t0
    890c:	6299                	lui	t0,0x6
    890e:	08828293          	addi	t0,t0,136 # 6088 <_einit+0x80>
    8912:	30029073          	csrw	mstatus,t0
    8916:	ffffd297          	auipc	t0,0xffffd
    891a:	7da28293          	addi	t0,t0,2010 # 60f0 <_highcode_lma>
    891e:	0032e293          	ori	t0,t0,3
    8922:	30529073          	csrw	mtvec,t0

00008926 <BP>:
    8926:	ffffe297          	auipc	t0,0xffffe
    892a:	aa028293          	addi	t0,t0,-1376 # 63c6 <main>
    892e:	34129073          	csrw	mepc,t0
    8932:	30200073          	mret
	...
