
CH32H417_Logic_Analyzer_V5F.elf:     file format elf32-littleriscv
CH32H417_Logic_Analyzer_V5F.elf
architecture: riscv:rv32, flags 0x00000112:
EXEC_P, HAS_SYMS, D_PAGED
start address 0x00020000

Program Header:
0x70000003 off    0x0003b498 vaddr 0x00000000 paddr 0x00000000 align 2**0
         filesz 0x00000056 memsz 0x00000000 flags r--
    LOAD off    0x00001000 vaddr 0x00020000 paddr 0x00020000 align 2**12
         filesz 0x00000008 memsz 0x00000008 flags r-x
    LOAD off    0x00002000 vaddr 0x200c0000 paddr 0x00020008 align 2**12
         filesz 0x000000dc memsz 0x000000dc flags r-x
    LOAD off    0x00003000 vaddr 0x200a0000 paddr 0x000200e4 align 2**12
         filesz 0x00006000 memsz 0x00006000 flags r-x
    LOAD off    0x000090e4 vaddr 0x000260e4 paddr 0x000260e4 align 2**12
         filesz 0x00000054 memsz 0x00000054 flags r-x
    LOAD off    0x00009c00 vaddr 0x200c0c00 paddr 0x00026138 align 2**12
         filesz 0x00000440 memsz 0x00012954 flags rw-
    LOAD off    0x00000800 vaddr 0x200ff800 paddr 0x200ff800 align 2**12
         filesz 0x00000000 memsz 0x00000800 flags rw-
    LOAD off    0x00000000 vaddr 0x20100000 paddr 0x20100000 align 2**12
         filesz 0x00000000 memsz 0x00040000 flags rw-

Sections:
Idx Name          Size      VMA       LMA       File off  Algn
  0 .init         00000008  00020000  00020000  00001000  2**2
                  CONTENTS, ALLOC, LOAD, READONLY, CODE
  1 .loadcodelalign 00000000  00020008  00020008  0000a040  2**0
                  CONTENTS
  2 .loadcode     000000dc  200c0000  00020008  00002000  2**1
                  CONTENTS, ALLOC, LOAD, READONLY, CODE
  3 .highcodelalign 00000000  000200e4  000200e4  0000a040  2**0
                  CONTENTS
  4 .highcode     00006000  200a0000  000200e4  00003000  2**2
                  CONTENTS, ALLOC, LOAD, READONLY, CODE
  5 .text         00000054  000260e4  000260e4  000090e4  2**1
                  CONTENTS, ALLOC, LOAD, READONLY, CODE
  6 .highcodelalign1 00000000  00026138  00026138  0000a040  2**0
                  CONTENTS
  7 .fini         00000000  200a6000  200a6000  0000a040  2**0
                  CONTENTS, ALLOC, LOAD, CODE
  8 .dtors        00000000  200a6000  200a6000  0000a040  2**0
                  CONTENTS
  9 .dalign       00000000  200c0c00  200c0c00  0000a040  2**0
                  CONTENTS
 10 .dlalign      00000000  00026138  00026138  0000a040  2**0
                  CONTENTS
 11 .data         00000440  200c0c00  00026138  00009c00  2**2
                  CONTENTS, ALLOC, LOAD, DATA
 12 .bss          00012514  200c1040  00026578  0000a040  2**5
                  ALLOC
 13 .stack        00000800  200ff800  200ff800  0000a800  2**0
                  ALLOC
 14 .sram         00040000  20100000  20100000  0000b000  2**5
                  ALLOC
 15 .debug_info   000122aa  00000000  00000000  0000a040  2**0
                  CONTENTS, READONLY, DEBUGGING, OCTETS
 16 .debug_abbrev 000030ba  00000000  00000000  0001c2ea  2**0
                  CONTENTS, READONLY, DEBUGGING, OCTETS
 17 .debug_aranges 00000d40  00000000  00000000  0001f3a8  2**3
                  CONTENTS, READONLY, DEBUGGING, OCTETS
 18 .debug_rnglists 0000100a  00000000  00000000  000200e8  2**0
                  CONTENTS, READONLY, DEBUGGING, OCTETS
 19 .debug_line   00013da0  00000000  00000000  000210f2  2**0
                  CONTENTS, READONLY, DEBUGGING, OCTETS
 20 .debug_str    00005463  00000000  00000000  00034e92  2**0
                  CONTENTS, READONLY, DEBUGGING, OCTETS
 21 .debug_line_str 00001172  00000000  00000000  0003a2f5  2**0
                  CONTENTS, READONLY, DEBUGGING, OCTETS
 22 .comment      00000031  00000000  00000000  0003b467  2**0
                  CONTENTS, READONLY
 23 .riscv.attributes 00000056  00000000  00000000  0003b498  2**0
                  CONTENTS, READONLY
 24 .debug_frame  00001ca0  00000000  00000000  0003b4f0  2**2
                  CONTENTS, READONLY, DEBUGGING, OCTETS
 25 .debug_loclists 00005667  00000000  00000000  0003d190  2**0
                  CONTENTS, READONLY, DEBUGGING, OCTETS
SYMBOL TABLE:
00020000 l    d  .init	00000000 .init
00020008 l    d  .loadcodelalign	00000000 .loadcodelalign
200c0000 l    d  .loadcode	00000000 .loadcode
000200e4 l    d  .highcodelalign	00000000 .highcodelalign
200a0000 l    d  .highcode	00000000 .highcode
000260e4 l    d  .text	00000000 .text
00026138 l    d  .highcodelalign1	00000000 .highcodelalign1
200a6000 l    d  .fini	00000000 .fini
200a6000 l    d  .dtors	00000000 .dtors
200c0c00 l    d  .dalign	00000000 .dalign
00026138 l    d  .dlalign	00000000 .dlalign
200c0c00 l    d  .data	00000000 .data
200c1040 l    d  .bss	00000000 .bss
200ff800 l    d  .stack	00000000 .stack
20100000 l    d  .sram	00000000 .sram
00000000 l    d  .debug_info	00000000 .debug_info
00000000 l    d  .debug_abbrev	00000000 .debug_abbrev
00000000 l    d  .debug_aranges	00000000 .debug_aranges
00000000 l    d  .debug_rnglists	00000000 .debug_rnglists
00000000 l    d  .debug_line	00000000 .debug_line
00000000 l    d  .debug_str	00000000 .debug_str
00000000 l    d  .debug_line_str	00000000 .debug_line_str
00000000 l    d  .comment	00000000 .comment
00000000 l    d  .riscv.attributes	00000000 .riscv.attributes
00000000 l    d  .debug_frame	00000000 .debug_frame
00000000 l    d  .debug_loclists	00000000 .debug_loclists
00000000 l    df *ABS*	00000000 startup_ch32h417_v5f.o
200a0000 l       .highcode	00000000 _vector_base
200c0000 l       .loadcode	00000000 _load_base
00000000 l    df *ABS*	00000000 save-restore.o
00000000 l    df *ABS*	00000000 lib_a-memcpy-asm.o
00000000 l    df *ABS*	00000000 lib_a-memset.o
00000000 l    df *ABS*	00000000 ch32h417_it.c
00000000 l    df *ABS*	00000000 main.c
00000000 l    df *ABS*	00000000 system_ch32h417.c
200c0c20 l     O .data	00000020 PLLMULTB
200c0c10 l     O .data	00000010 HBPrescTB
200c1010 l     O .data	00000004 FPRETB
200c0c00 l     O .data	00000010 SERDESPLLMULTB
00000000 l    df *ABS*	00000000 ch32h417_dac.c
00000000 l    df *ABS*	00000000 ch32h417_flash.c
00000000 l    df *ABS*	00000000 ch32h417_gpio.c
00000000 l    df *ABS*	00000000 ch32h417_hsadc.c
00000000 l    df *ABS*	00000000 ch32h417_rcc.c
200c0c60 l     O .data	00000020 PLLMULTable
200c0c50 l     O .data	00000010 HBPrescTable
200c1020 l     O .data	00000004 FPRETable
200c0c40 l     O .data	00000010 SERDESPLLMULTable
200c1018 l     O .data	00000008 PPRE2Table
200c1014 l     O .data	00000004 ADCPRETable
00000000 l    df *ABS*	00000000 ch32h417_tim.c
00000000 l    df *ABS*	00000000 ch32h417_usart.c
00000000 l    df *ABS*	00000000 debug.c
200c1050 l     O .bss	00000002 p_us
200c104c l     O .bss	00000004 p_ms
200c1024 l     O .data	00000004 curbrk.0
00000000 l    df *ABS*	00000000 ch32h417_logic.c
200a5a2c l     O .highcode	00000010 CSWTCH.69
200a5a1c l     O .highcode	00000010 CSWTCH.70
00000000 l    df *ABS*	00000000 ch32h417_uhsif.c
00000000 l    df *ABS*	00000000 ch32h417_usbhs_device.c
200a1b1e l     F .highcode	00000058 USBHS_RCC_Init.part.0
00000000 l    df *ABS*	00000000 ch32h417_usbss_device.c
200a269e l     F .highcode	00000034 USB_Timer_Start.part.0
200a26d2 l     F .highcode	0000001c USBSS_PLL_Init.part.0
200a26ee l     F .highcode	00000032 USBSS_RCC_Init.part.0
200c1069 l     O .bss	00000001 link_low_power.0
200c106a l     O .bss	00000001 u3_first_count.1
00000000 l    df *ABS*	00000000 ch32h417_usbss_it.c
00000000 l    df *ABS*	00000000 hardware.c
00000000 l    df *ABS*	00000000 ch32h417_uhsif_it.c
00000000 l    df *ABS*	00000000 _udivdi3.o
00000000 l    df *ABS*	00000000 lib_a-printf.o
00000000 l    df *ABS*	00000000 lib_a-puts.o
00000000 l    df *ABS*	00000000 lib_a-wbuf.o
00000000 l    df *ABS*	00000000 lib_a-wsetup.o
00000000 l    df *ABS*	00000000 lib_a-fflush.o
00000000 l    df *ABS*	00000000 lib_a-findfp.o
200a498c l     F .highcode	00000066 std
00000000 l    df *ABS*	00000000 lib_a-fwalk.o
00000000 l    df *ABS*	00000000 lib_a-lock.o
00000000 l    df *ABS*	00000000 lib_a-makebuf.o
00000000 l    df *ABS*	00000000 lib_a-nano-freer.o
00000000 l    df *ABS*	00000000 lib_a-nano-mallocr.o
200a4d70 l     F .highcode	00000054 sbrk_aligned
00000000 l    df *ABS*	00000000 lib_a-nano-vfprintf.o
200a4eca l     F .highcode	00000028 __sfputc_r
00000000 l    df *ABS*	00000000 lib_a-sbrkr.o
00000000 l    df *ABS*	00000000 lib_a-stdio.o
00000000 l    df *ABS*	00000000 lib_a-writer.o
00000000 l    df *ABS*	00000000 lib_a-closer.o
00000000 l    df *ABS*	00000000 lib_a-fstatr.o
00000000 l    df *ABS*	00000000 lib_a-isattyr.o
00000000 l    df *ABS*	00000000 lib_a-lseekr.o
00000000 l    df *ABS*	00000000 lib_a-memchr.o
00000000 l    df *ABS*	00000000 lib_a-mlock.o
00000000 l    df *ABS*	00000000 lib_a-nano-vfprintf_i.o
00000000 l    df *ABS*	00000000 lib_a-readr.o
00000000 l    df *ABS*	00000000 close.o
00000000 l    df *ABS*	00000000 fstat.o
00000000 l    df *ABS*	00000000 isatty.o
00000000 l    df *ABS*	00000000 lseek.o
00000000 l    df *ABS*	00000000 read.o
00000000 l    df *ABS*	00000000 usb_desc.c
00000000 l    df *ABS*	00000000 lib_a-impure.o
200c0fb0 l     O .data	00000060 impure_data
200a1abc g     F .highcode	00000056 UHSIF_Line1_IN_Callback
200a047e  w      .highcode	00000000 TIM8_TRG_COM_IRQHandler
200a047e  w      .highcode	00000000 TIM8_CC_IRQHandler
200a047e  w      .highcode	00000000 USART_WKUP_IRQHandler
200a5332 g     F .highcode	00000026 _isatty_r
200a5b3c g     O .highcode	00000016 MySerNumInfo
200a2d52 g     F .highcode	00000040 USBSS_Endp_Set_Frature
200a451a g     F .highcode	00000104 _puts_r
200a5358 g     F .highcode	0000002a _lseek_r
200a0730 g     F .highcode	000001e8 GPIO_PinAFConfig
200a047e  w      .highcode	00000000 SPI4_IRQHandler
200c1064 g     O .bss	00000004 pUSBHS_Descr
200a047e  w      .highcode	00000000 DFSDM0_IRQHandler
200a0d9a g     F .highcode	00000026 TIM9_12_TimeBaseInit
200a44e0 g     F .highcode	0000003a printf
200c1810 g       .data	00000000 __global_pointer$
200a025c g     F .highcode	00000028 .hidden __riscv_save_8
200c0e80 g     O .data	00000130 UhsifRegValue
200a047e  w      .highcode	00000000 TIM1_CC_IRQHandler
200c1070 g     O .bss	00000002 USBSS_SetupReqLen
200a5284 g     F .highcode	0000002e __sseek
200a4a5a g     F .highcode	0000006e __sinit
200a4628 g     F .highcode	000000bc __swbuf_r
200a02dc g     F .highcode	00000010 HardFault_Handler
200a0570 g     F .highcode	00000054 FLASH_ProgramWord
200a047e  w      .highcode	00000000 TIM10_IRQHandler
200a49fc g     F .highcode	00000046 __sfmoreglue
200a53a2 g     F .highcode	00000008 __malloc_unlock
200a047e  w      .highcode	00000000 IPC_CH2_Handler
200a047e  w      .highcode	00000000 USBPD_IRQHandler
200a02a8 g     F .highcode	0000000c .hidden __riscv_restore_3
200a047e  w      .highcode	00000000 TIM6_IRQHandler
200c0d50 g     O .data	00000130 UhsifRegValue_MASTER
200a047e  w      .highcode	00000000 I3C_ER_IRQHandler
200a19ac g     F .highcode	00000066 UHSIF_Para_Init
200a047e  w      .highcode	00000000 SDIO_IRQHandler
200c106e g     O .bss	00000001 USBSS_DevConfig
200c106c g     O .bss	00000001 USBSS_DevEnumStatus
200a0294 g     F .highcode	00000020 .hidden __riscv_restore_10
200a047e  w      .highcode	00000000 DMA2_Channel8_IRQHandler
200a02da g     F .highcode	00000002 NMI_Handler
200a0918 g     F .highcode	00000048 HSADC_Init
200a2b28 g     F .highcode	00000050 USBSS_CFG_MOD
200a047e  w      .highcode	00000000 HSEM_Handler
200a09c2 g     F .highcode	0000001c HSADC_GetITStatus
200c1078 g     O .bss	00000004 pUSBSS_Descr
200a025c g     F .highcode	00000028 .hidden __riscv_save_11
200a1b76 g     F .highcode	000000b2 USB_TestMode_Deal
200a1d46 g     F .highcode	00000958 USBHS_IRQHandler
200a047e  w      .highcode	00000000 LPTIM2_IRQHandler
200d3120 g     O .bss	00000400 SOCKET_DSCR_WR
200c1054 g     O .bss	00000001 USBHS_DevSpeed
200a2b16 g     F .highcode	00000012 SET_Device_Address
200a0e6c g     F .highcode	0000000a USART_GetFlagStatus
200a530a g     F .highcode	00000028 _fstat_r
200c1090 g     O .bss	00000004 errno
200c0cf4 g     O .data	0000003c TAB_USB_FS_OSC_DESC
200a128a g     F .highcode	0000006a LOGIC_Para_Init
200c1040 g       .bss	00000000 _sbss
00000800 g       *ABS*	00000000 __stack_size
200a0f14 g     F .highcode	00000060 USART_Printf_Init
200a047e  w      .highcode	00000000 USBFSWakeup_IRQHandler
200d2b20 g     O .bss	00000200 USBSS_EP0_Buf
200a047e  w      .highcode	00000000 I2C3_ER_IRQHandler
200a0522 g     F .highcode	0000004e FLASH_ErasePage
200a047e  w      .highcode	00000000 USBFS_IRQHandler
200a02a8 g     F .highcode	0000000c .hidden __riscv_restore_2
200a09de g     F .highcode	0000000e HSADC_ClearITPendingBit
200a18be g     F .highcode	00000070 TIM1_INT_Init
200d22c4 g     O .bss	00000040 USBHS_EP0_Buf
200a5c84 g     O .highcode	00000012 MyDevDescr
200a0978 g     F .highcode	00000018 HSADC_ChannelConfig
200a2806 g     F .highcode	00000062 USB_Timer_Init
200a02b4 g     F .highcode	00000016 memcpy
200a047e  w      .highcode	00000000 USART8_IRQHandler
200a49f2 g     F .highcode	0000000a _cleanup_r
200a06c2 g     F .highcode	0000006e GPIO_PinRemapConfig
200a047e  w      .highcode	00000000 I2C2_EV_IRQHandler
200a0d4c g     F .highcode	00000018 TIM_Cmd
200a461e g     F .highcode	0000000a puts
200a047e  w      .highcode	00000000 CAN1_RX0_IRQHandler
200a1142 g     F .highcode	000000de HSADC_Function_Init
200c1040 g     O .bss	00000004 SystemCoreClock
200a047e  w      .highcode	00000000 CAN3_SCE_IRQHandler
200c1059 g     O .bss	00000001 USBHS_DevConfig
200c0cb8 g     O .data	0000003c TAB_USB_HS_OSC_DESC
200a5766 g     F .highcode	0000000c _fstat
00020008 g       .init	00000000 _einit
20100000 g     O .sram	00020000 USBSS_EP2_Tx_Th1_Buf
200a0c94 g     F .highcode	00000012 RCC_USBHSPLLCLKConfig
200a0d8e g     F .highcode	0000000c TIM_ClearITPendingBit
200a05c4 g     F .highcode	0000001e FLASH_Unlock_Fast
200c1060 g     O .bss	00000001 USBHS_SetupReqType
200a2868 g     F .highcode	0000003e USB_Timer_Start
200a0254 g     F .highcode	00000030 .hidden __riscv_save_12
200a047e  w      .highcode	00000000 CAN2_SCE_IRQHandler
200a047e  w      .highcode	00000000 ADC1_2_IRQHandler
200a05e2 g     F .highcode	000000e0 GPIO_Init
200a047e  w      .highcode	00000000 Break_Point_Handler
200a1076 g     F .highcode	00000066 Set_Logic_Para_Fun
200a047e  w      .highcode	00000000 IPC_CH0_Handler
200a0294 g     F .highcode	00000020 .hidden __riscv_restore_11
200a047e  w      .highcode	00000000 SPI1_IRQHandler
200a047e  w      .highcode	00000000 USART5_IRQHandler
200a0e50 g     F .highcode	00000014 USART_Cmd
200a5b10 g     O .highcode	00000016 MyBOSDesc_SS
200a51ec g     F .highcode	00000028 _sbrk_r
200a0284 g     F .highcode	0000000c .hidden __riscv_save_1
200c1030 g     O .data	00000004 MyLangDescr
200a02a8 g     F .highcode	0000000c .hidden __riscv_restore_0
200a047e  w      .highcode	00000000 SysTick0_Handler
200a047e  w      .highcode	00000000 EXTI7_0_IRQHandler
200a5730 g     F .highcode	0000002a _read_r
200a026a g     F .highcode	0000001a .hidden __riscv_save_7
200c0d40 g     O .data	00000010 UHSIF_THREAD_IN
200a047e  w      .highcode	00000000 CAN2_RX0_IRQHandler
200a3a56 g     F .highcode	00000050 SOCK_CFG_INIT
200c10a0 g     O .bss	00008800 ADC_BufB
200a047e  w      .highcode	00000000 TIM8_UP_IRQHandler
200c106d g     O .bss	00000001 USBSS_DevSleepStatus
200a047e  w      .highcode	00000000 Ecall_M_Mode_Handler
200a047e  w      .highcode	00000000 ECDC_IRQHandler
200a047e  w      .highcode	00000000 SDMMC_IRQHandler
200ff800 g       .stack	00000000 _heap_end
200a0c06 g     F .highcode	0000001c RCC_HB2PeriphResetCmd
200a5772 g     F .highcode	0000000c _isatty
200c1084 g     O .bss	00000001 __lock___sinit_recursive_mutex
200a0e98 g     F .highcode	0000003e Delay_Us
200c103c g     O .data	00000004 _global_impure_ptr
200a029e g     F .highcode	00000016 .hidden __riscv_restore_5
200a047e  w      .highcode	00000000 USART7_IRQHandler
200a047e  w      .highcode	00000000 DMA2_Channel2_IRQHandler
200a4146 g     F .highcode	0000039a .hidden __udivdi3
200a047e  w      .highcode	00000000 DMA1_Channel4_IRQHandler
200a0fae g     F .highcode	0000002a _sbrk
200a152a g     F .highcode	0000019c LOGIC_UHSIF_Main_Process
200a5b7c g     O .highcode	0000000e MyManuInfo
200a047e  w      .highcode	00000000 USART6_IRQHandler
200c105e g     O .bss	00000002 USBHS_SetupReqValue
200c105c g     O .bss	00000002 USBHS_SetupReqIndex
200a047e  w      .highcode	00000000 CAN3_RX0_IRQHandler
200c1058 g     O .bss	00000001 USBHS_DevAddr
200a0bb2 g     F .highcode	0000001c RCC_HB2PeriphClockCmd
200a16c6 g     F .highcode	00000050 HSADC_IRQHandler
200a3bf8 g     F .highcode	0000009c UHSIF_Start
200a029e g     F .highcode	00000016 .hidden __riscv_restore_6
200d2720 g     O .bss	00000400 USBSS_EP1_Tx_Buf
200a047e  w      .highcode	00000000 USART3_IRQHandler
200a047e  w      .highcode	00000000 RTC_IRQHandler
200a3aa6 g     F .highcode	00000152 UHSIF_Line_Cfg
200d3554 g       .bss	00000000 _ebss
200a047e  w      .highcode	00000000 DMA1_Channel7_IRQHandler
200a3c94 g     F .highcode	00000296 UHSIF_Cfg
200a0e76 g     F .highcode	00000022 Delay_Init
200a047e  w      .highcode	00000000 DVP_IRQHandler
200c1034 g     O .data	00000004 UhsifWavedataPosition_Slave_SOC
200c107c g     O .bss	00000001 __lock___malloc_recursive_mutex
200a0960 g     F .highcode	00000018 HSADC_Cmd
200a2de4 g     F .highcode	00000584 USBSS_IRQHandler
200a3368 g     F .highcode	0000003a VDDI8_IO_Change
200a047e  w      .highcode	00000000 SWPMI_IRQHandler
200c1074 g     O .bss	00000002 USBSS_SetupReqValue
200a047e  w      .highcode	00000000 USBPDWakeUp_IRQHandler
200a047e  w      .highcode	00000000 EXTI15_8_IRQHandler
200a047e  w      .highcode	00000000 TIM4_IRQHandler
200a1b1c g     F .highcode	00000002 UHSIF_Line3_OUT_Callback
200a025c g     F .highcode	00000028 .hidden __riscv_save_9
200a047e  w      .highcode	00000000 DMA2_Channel1_IRQHandler
200a5dc4 g     O .highcode	00000048 UhsifWavedata_Slave_FPGA
200a047e  w      .highcode	00000000 SWPMI_WKUP_IRQHandler
200a5f0c g     O .highcode	00000020 __sf_fake_stderr
200a026a g     F .highcode	0000001a .hidden __riscv_save_4
200a198a g     F .highcode	00000022 Led_Time_Init
200a047e  w      .highcode	00000000 I2C1_EV_IRQHandler
200a4be4 g     F .highcode	00000002 __retarget_lock_release_recursive
200a047e  w      .highcode	00000000 USBSSWakeup_IRQHandler
200a047e  w      .highcode	00000000 USART4_IRQHandler
200a1cc0 g     F .highcode	00000038 USBHS_RCC_Init
200a0d76 g     F .highcode	00000018 TIM_GetITStatus
200a10dc g     F .highcode	0000005e Dac_Init
200a09ec g     F .highcode	000001aa RCC_GetClocksFreq
200a047e  w      .highcode	00000000 DMA1_Channel6_IRQHandler
200a0ca6 g     F .highcode	00000012 RCC_USBHSPLLReferConfig
200a4ef2 g     F .highcode	00000042 __sfputs_r
200a047e  w      .highcode	00000000 DMA2_Channel4_IRQHandler
200a4a42 g     F .highcode	00000006 __sfp_lock_acquire
200a5382 g     F .highcode	00000018 memchr
200a0dc0 g     F .highcode	00000090 USART_Init
200a4cd2 g     F .highcode	0000009e _free_r
200a047e  w      .highcode	00000000 TIM3_IRQHandler
200a047e  w      .highcode	00000000 RCC_IRQHandler
200c1061 g     O .bss	00000001 USBHS_SetupReqCode
200a0284 g     F .highcode	0000000c .hidden __riscv_save_3
200a5c00 g     O .highcode	0000000a MyQuaDesc
200a047e  w      .highcode	00000000 TIM1_TRG_COM_IRQHandler
200a0c7a g     F .highcode	0000001a RCC_HSADCCLKConfig
200a047e  w      .highcode	00000000 DMA1_Channel1_IRQHandler
00020000 g       .init	00000000 _start
200a04ea g     F .highcode	0000001a FLASH_GetStatus
200a5d7c g     O .highcode	00000048 UhsifWavedata_Slave_SOC
200a047e  w      .highcode	00000000 DMA2_Channel7_IRQHandler
200a2d12 g     F .highcode	00000040 USBSS_Endp_Clear_Frature
200d20a0 g     O .bss	00000224 logic_adc_info
200a0b96 g     F .highcode	0000001c RCC_HBPeriphClockCmd
200a577e g     F .highcode	0000000c _lseek
200a5c98 g     O .highcode	0000000b UhsifWavedataPosition_MASTER
200a0504 g     F .highcode	0000001e FLASH_WaitForLastOperation
200a6000 g       .dtors	00000000 _highcode_vma_end1
200a047e  w      .highcode	00000000 QSPI1_IRQHandler
200a0d64 g     F .highcode	00000012 TIM_ITConfig
200a2d92 g     F .highcode	00000052 USBSS_Get_Endp_Status
200a274a g     F .highcode	00000014 USBSS_Device_Endp_Deinit
200a0000 g       .highcode	00000000 _highcode_vma_start
200a1b14 g     F .highcode	00000002 UHSIF_Line3_IN_Callback
200a04cc g     F .highcode	0000001e DAC_SetChannel1Data
200c1076 g     O .bss	00000001 USBSS_SetupReqCode
200a047e  w      .highcode	00000000 DMA1_Channel8_IRQHandler
200a047e  w      .highcode	00000000 IPC_CH3_Handler
200a047e  w      .highcode	00000000 I3C_EV_IRQHandler
200a047e  w      .highcode	00000000 I3C_WKUP_IRQHandler
200a2c52 g     F .highcode	000000b4 TIM12_IRQHandler
200a047e  w      .highcode	00000000 TIM7_IRQHandler
200c106b g     O .bss	00000001 USB_Enum_Status
200a52e4 g     F .highcode	00000026 _close_r
200a047e  w      .highcode	00000000 CAN2_TX_IRQHandler
200c0c00 g       .dalign	00000000 _data_vma
200a047e  w      .highcode	00000000 TIM5_IRQHandler
200a0990 g     F .highcode	00000018 HSADC_SoftwareStartConvCmd
200a5c48 g     O .highcode	0000003c MyCfgDescr_HS
200a0bce g     F .highcode	0000001c RCC_HB1PeriphClockCmd
200a123a g     F .highcode	00000050 HSADC_Function_Stop
200a047e  w      .highcode	00000000 I2C3_EV_IRQHandler
200a1cf8 g     F .highcode	0000004e USBHS_Device_Init
200a46e4 g     F .highcode	000000ee __swsetup_r
200a047e  w      .highcode	00000000 PIOC_IRQHandler
200a4ac8 g     F .highcode	000000b0 __sfp
200a047e  w      .highcode	00000000 TIM9_IRQHandler
200a4a54 g     F .highcode	00000006 __sinit_lock_release
200a047e  w      .highcode	00000000 LTDC_IRQHandler
200a047e  w      .highcode	00000000 SAI_IRQHandler
200a025c g     F .highcode	00000028 .hidden __riscv_save_10
200a5214 g     F .highcode	0000002a __sread
200a047e  w      .highcode	00000000 ETH_WKUP_IRQHandler
200a539a g     F .highcode	00000008 __malloc_lock
200a029e g     F .highcode	00000016 .hidden __riscv_restore_4
200a0294 g     F .highcode	00000020 .hidden __riscv_restore_8
200a4904 g     F .highcode	00000088 _fflush_r
200a026a g     F .highcode	0000001a .hidden __riscv_save_6
200d2d20 g     O .bss	00000400 SOCKET_DSCR_RD
200a047e  w      .highcode	00000000 SPI2_IRQHandler
200c1056 g     O .bss	00000002 USBHS_DevMaxPackLen
200a5f4c g     O .highcode	00000020 __sf_fake_stdin
200c1048 g     O .bss	00000004 HCLKClock
200a4be2 g     F .highcode	00000002 __retarget_lock_acquire_recursive
200a047e  w      .highcode	00000000 IPC_CH1_Handler
00026138 g       .highcodelalign1	00000000 _highcode_lma1
200c98a0 g     O .bss	00008800 ADC_BufA
200a02ca g     F .highcode	00000010 memset
200a0294 g     F .highcode	00000020 .hidden __riscv_restore_9
200a029e g     F .highcode	00000016 .hidden __riscv_restore_7
200a02ec g     F .highcode	00000028 main
200a047e  w      .highcode	00000000 LPTIM1_WKUP_IRQHandler
200c1028 g     O .data	00000004 Flash_Erase_Page_Size
200a4be0 g     F .highcode	00000002 __retarget_lock_init_recursive
200a6000 g       .fini	00000000 _highcode_vma_start1
20120000 g     O .sram	00020000 USBSS_EP2_Tx_Th0_Buf
200a047e  w      .highcode	00000000 CAN1_TX_IRQHandler
200a52b2 g     F .highcode	00000006 __sclose
200a0c22 g     F .highcode	00000016 RCC_USBHS_PLLCmd
200a047e  w      .highcode	00000000 DMA2_Channel5_IRQHandler
200a4dc4 g     F .highcode	00000106 _malloc_r
200a1882 g     F .highcode	0000003c IAP_JUMP_Process
200a1716 g     F .highcode	00000114 LOGIC_ADC_Main_Process
200a1b1a g     F .highcode	00000002 UHSIF_Line2_OUT_Callback
200a27b0 g     F .highcode	00000056 USBSS_Reset_Init
200a2720 g     F .highcode	0000002a USBSS_RCC_Init
200a1b12 g     F .highcode	00000002 UHSIF_Line2_IN_Callback
200a047e  w      .highcode	00000000 DMA1_Channel5_IRQHandler
200a0ed6 g     F .highcode	0000003e Delay_Ms
200a5b54 g     O .highcode	00000026 MyProdInfo
200a0fd8 g     F .highcode	0000009e UHSIF_Clock_Set
200a5c0c g     O .highcode	0000003c MyCfgDescr_FS
200c00dc g       .loadcode	00000000 _loadcode_vma_end
200a341c g     F .highcode	0000063a UHSIF_GPIO_Init
200a047e  w      .highcode	00000000 QSPI2_IRQHandler
000200e4 g       .highcodelalign	00000000 _highcode_lma
200a33a2 g     F .highcode	0000007a Hardware
200a047e  w      .highcode	00000000 RNG_IRQHandler
200c105a g     O .bss	00000002 USBHS_SetupReqLen
200a5bec g     O .highcode	00000012 SS_DeviceDescriptor
200a44e0 g     F .highcode	0000003a iprintf
200c1053 g     O .bss	00000001 USBHS_DevSleepStatus
200a5e0c g     O .highcode	00000100 .hidden __clz_tab
00020000 g       .init	00000000 _sinit
200a52b8 g     F .highcode	0000002c _write_r
200c0c80 g     O .data	00000035 IFTest_Buf
200a047e  w      .highcode	00000000 DMA1_Channel3_IRQHandler
200a047e  w      .highcode	00000000 ETH_IRQHandler
200a53aa g     F .highcode	0000010a _printf_common
200c102c g     O .data	00000004 _impure_ptr
200a192e g     F .highcode	0000005c TIM1_UP_IRQHandler
200a47d2 g     F .highcode	00000132 __sflush_r
200d2320 g     O .bss	00000400 USBSS_EP1_Rx_Buf
200a047e  w      .highcode	00000000 WWDG_IRQHandler
200a5b8c g     O .highcode	00000060 SS_ConfigDescriptor
200a047e  w      .highcode	00000000 USBHSWakeup_IRQHandler
200a047e  w      .highcode	00000000 Ecall_U_Mode_Handler
200a047e  w      .highcode	00000000 I2C4_EV_IRQHandler
200a047e  w      .highcode	00000000 CAN3_TX_IRQHandler
200a047e  w      .highcode	00000000 DMA2_Channel6_IRQHandler
200a1b18 g     F .highcode	00000002 UHSIF_Line1_OUT_Callback
200a047e  w      .highcode	00000000 TIM2_IRQHandler
20100000 g       .stack	00000000 _eusrstack
200c0d30 g     O .data	00000010 UHSIF_THREAD_OUT
200a0284 g     F .highcode	0000000c .hidden __riscv_save_2
200a047e  w      .highcode	00000000 SW_Handler
200c1044 g     O .bss	00000004 SystemClock
200a113a g     F .highcode	00000008 DAC_OUT
200a047e  w      .highcode	00000000 TIM1_BRK_IRQHandler
200a4be6 g     F .highcode	00000058 __swhatbuf_r
200a047e  w      .highcode	00000000 GPHA_IRQHandler
200a275e g     F .highcode	00000052 USBSS_Device_Endp_Init
200a0e64 g     F .highcode	00000008 USART_SendData
200a026a g     F .highcode	0000001a .hidden __riscv_save_5
200a0f74 g     F .highcode	0000003a _write
200a1a6a g     F .highcode	00000052 UHSIF_Line0_IN_Callback
200c1040 g       .data	00000000 _edata
200a0c38 g     F .highcode	00000016 RCC_USBSS_PLLCmd
200c0000 g       .loadcode	00000000 _loadcode_vma_start
200d3554 g       .bss	00000000 _end
200a04ae g     F .highcode	0000001e DAC_Cmd
200a047e  w      .highcode	00000000 LPTIM2_WKUP_IRQHandler
200a5b28 g     O .highcode	00000012 OSStringDescriptor
200a4070 g     F .highcode	000000d6 UHSIF_Trans_Cfg
200a6000 g       .highcode	00000000 _highcode_vma_end
200a0cd0 g     F .highcode	0000007c TIM_TimeBaseInit
200a047e  w      .highcode	00000000 RTCAlarm_IRQHandler
200a047e  w      .highcode	00000000 TIM11_IRQHandler
200a1c28 g     F .highcode	00000098 USBHS_Device_Endp_Init
00026138 g       .dlalign	00000000 _data_lma
200a0480 g     F .highcode	0000002e DAC_Init
200a0c4e g     F .highcode	00000016 RCC_PIPECmd
200a047e  w      .highcode	00000000 USART2_IRQHandler
200a523e g     F .highcode	00000046 __swrite
200a1a12 g     F .highcode	00000058 UHSIF_Set_Para
200a0c64 g     F .highcode	00000016 RCC_UTMIcmd
00020008 g       .loadcodelalign	00000000 _loadcode_lma
200a3f2a g     F .highcode	00000146 UHSIF_IRQHandler
200a4f34 g     F .highcode	000002b8 _vfiprintf_r
200a4b78 g     F .highcode	00000068 _fwalk_reent
200a0314 g     F .highcode	0000016a SystemAndCoreClockUpdate
200a28a6 g     F .highcode	00000270 USBSS_LINK_Handle
200a047e  w      .highcode	00000000 I2C2_ER_IRQHandler
200a047e  w      .highcode	00000000 DMA1_Channel2_IRQHandler
200a4a48 g     F .highcode	00000006 __sfp_lock_release
200a5f2c g     O .highcode	00000020 __sf_fake_stdout
200a0290 g     F .highcode	00000024 .hidden __riscv_restore_12
200a047e  w      .highcode	00000000 TIM8_BRK_IRQHandler
200c1077 g     O .bss	00000001 USBSS_SetupReqType
200a578a g     F .highcode	0000000c _read
000260e4  w      .text	00000000 handle_reset
200a047e  w      .highcode	00000000 CAN1_SCE_IRQHandler
200a047e  w      .highcode	00000000 FLASH_IRQHandler
200a0284 g     F .highcode	0000000c .hidden __riscv_save_0
200a12f4 g     F .highcode	00000236 LOGIC_ADC_CMD_Process
200c1072 g     O .bss	00000002 USBSS_SetupReqIndex
200a047e  w      .highcode	00000000 USART1_IRQHandler
200a4c3e g     F .highcode	00000094 __smakebuf_r
200a0cb8 g     F .highcode	00000018 RCC_USBHSPLLClockSourceDivConfig
200a54b4 g     F .highcode	0000027c _printf_i
200a047e  w      .highcode	00000000 SPI3_IRQHandler
200c1088 g     O .bss	00000004 __malloc_sbrk_start
200d3520 g     O .bss	00000034 UHSIF_Para
200a1220 g     F .highcode	0000001a HSADC_Function_Start
200d2304 g     O .bss	0000001c USBSS_Dev_Info
200a1b16 g     F .highcode	00000002 UHSIF_Line0_OUT_Callback
200a047e  w      .highcode	00000000 I2C1_ER_IRQHandler
200a047e  w      .highcode	00000000 FMC_IRQHandler
200a047e  w      .highcode	00000000 SysTick1_Handler
200c1052 g     O .bss	00000001 USBHS_DevEnumStatus
200c108c g     O .bss	00000004 __malloc_free_list
200a02a8 g     F .highcode	0000000c .hidden __riscv_restore_1
200a1868 g     F .highcode	0000001a Get_Flash_Size
200a047e  w      .highcode	00000000 LPTIM1_IRQHandler
200a047e  w      .highcode	00000000 DFSDM1_IRQHandler
200c1038 g     O .data	00000004 UhsifWavedataPosition_Slave_FPGA
200a4f34 g     F .highcode	000002b8 _vfprintf_r
200a047e  w      .highcode	00000000 I2C4_ER_IRQHandler
200a047e  w      .highcode	00000000 SERDES_IRQHandler
200a182a g     F .highcode	0000003e LOGIC_ADC_RAMOVER_Process
200a2d06 g     F .highcode	0000000c USBSS_LINK_IRQHandler
200a0bea g     F .highcode	0000001c RCC_HBPeriphResetCmd
200a2b78 g     F .highcode	000000da USBSS_Device_Init
200c1080 g     O .bss	00000001 __lock___sfp_recursive_mutex
200a09a8 g     F .highcode	0000001a HSADC_ITConfig
200a575a g     F .highcode	0000000c _close
200a5ca4 g     O .highcode	000000d8 UhsifWavedata_MASTER
200a4a4e g     F .highcode	00000006 __sinit_lock_acquire
200a047e  w      .highcode	00000000 DMA2_Channel3_IRQHandler
200c1068 g     O .bss	00000001 USBHS_Test_Flag



Disassembly of section .init:

00020000 <_sinit>:
   20000:	0e40606f          	j	260e4 <handle_reset>
   20004:	0000                	unimp
	...

Disassembly of section .loadcode:

200c0000 <_loadcode_vma_start>:
200c0000:	dff60517          	auipc	a0,0xdff60
200c0004:	0e450513          	addi	a0,a0,228 # 200e4 <_highcode_lma>
200c0008:	fffe0597          	auipc	a1,0xfffe0
200c000c:	ff858593          	addi	a1,a1,-8 # 200a0000 <_highcode_vma_start>
200c0010:	fffe6617          	auipc	a2,0xfffe6
200c0014:	ff060613          	addi	a2,a2,-16 # 200a6000 <_highcode_vma_end>
200c0018:	00c5fa63          	bgeu	a1,a2,200c002c <_loadcode_vma_start+0x2c>
200c001c:	00052283          	lw	t0,0(a0)
200c0020:	0055a023          	sw	t0,0(a1)
200c0024:	0511                	addi	a0,a0,4
200c0026:	0591                	addi	a1,a1,4
200c0028:	fec5eae3          	bltu	a1,a2,200c001c <_loadcode_vma_start+0x1c>
200c002c:	dff66517          	auipc	a0,0xdff66
200c0030:	10c50513          	addi	a0,a0,268 # 26138 <_data_lma>
200c0034:	fffe6597          	auipc	a1,0xfffe6
200c0038:	fcc58593          	addi	a1,a1,-52 # 200a6000 <_highcode_vma_end>
200c003c:	fffe6617          	auipc	a2,0xfffe6
200c0040:	fc460613          	addi	a2,a2,-60 # 200a6000 <_highcode_vma_end>
200c0044:	00c5fa63          	bgeu	a1,a2,200c0058 <_loadcode_vma_start+0x58>
200c0048:	00052283          	lw	t0,0(a0)
200c004c:	0055a023          	sw	t0,0(a1)
200c0050:	0511                	addi	a0,a0,4
200c0052:	0591                	addi	a1,a1,4
200c0054:	fec5eae3          	bltu	a1,a2,200c0048 <_loadcode_vma_start+0x48>
200c0058:	dff66517          	auipc	a0,0xdff66
200c005c:	0e050513          	addi	a0,a0,224 # 26138 <_data_lma>
200c0060:	00001597          	auipc	a1,0x1
200c0064:	ba058593          	addi	a1,a1,-1120 # 200c0c00 <SERDESPLLMULTB>
200c0068:	83018613          	addi	a2,gp,-2000 # 200c1040 <SystemCoreClock>
200c006c:	00c5fa63          	bgeu	a1,a2,200c0080 <_loadcode_vma_start+0x80>
200c0070:	00052283          	lw	t0,0(a0)
200c0074:	0055a023          	sw	t0,0(a1)
200c0078:	0511                	addi	a0,a0,4
200c007a:	0591                	addi	a1,a1,4
200c007c:	fec5eae3          	bltu	a1,a2,200c0070 <_loadcode_vma_start+0x70>
200c0080:	83018513          	addi	a0,gp,-2000 # 200c1040 <SystemCoreClock>
200c0084:	00013597          	auipc	a1,0x13
200c0088:	4d058593          	addi	a1,a1,1232 # 200d3554 <_ebss>
200c008c:	00b57763          	bgeu	a0,a1,200c009a <_loadcode_vma_start+0x9a>
200c0090:	00052023          	sw	zero,0(a0)
200c0094:	0511                	addi	a0,a0,4
200c0096:	feb56de3          	bltu	a0,a1,200c0090 <_loadcode_vma_start+0x90>
200c009a:	123732b7          	lui	t0,0x12373
200c009e:	3e028293          	addi	t0,t0,992 # 123733e0 <_data_lma+0x1234d2a8>
200c00a2:	bc029073          	csrw	0xbc0,t0
200c00a6:	429d                	li	t0,7
200c00a8:	bc129073          	csrw	0xbc1,t0
200c00ac:	42bd                	li	t0,15
200c00ae:	80429073          	csrw	0x804,t0
200c00b2:	6299                	lui	t0,0x6
200c00b4:	08828293          	addi	t0,t0,136 # 6088 <__stack_size+0x5888>
200c00b8:	30029073          	csrw	mstatus,t0
200c00bc:	fffe0297          	auipc	t0,0xfffe0
200c00c0:	f4428293          	addi	t0,t0,-188 # 200a0000 <_highcode_vma_start>
200c00c4:	0032e293          	ori	t0,t0,3
200c00c8:	30529073          	csrw	mtvec,t0
200c00cc:	fffe0297          	auipc	t0,0xfffe0
200c00d0:	22028293          	addi	t0,t0,544 # 200a02ec <main>
200c00d4:	34129073          	csrw	mepc,t0
200c00d8:	30200073          	mret

Disassembly of section .highcode:

200a0000 <_highcode_vma_start>:
200a0000:	00020000          	.word	0x00020000
200a0004:	00000000          	.word	0x00000000
200a0008:	200a02da          	.word	0x200a02da
200a000c:	200a02dc          	.word	0x200a02dc
200a0010:	00000000          	.word	0x00000000
200a0014:	200a047e          	.word	0x200a047e
	...
200a0020:	200a047e          	.word	0x200a047e
200a0024:	200a047e          	.word	0x200a047e
	...
200a0030:	200a047e          	.word	0x200a047e
200a0034:	200a047e          	.word	0x200a047e
200a0038:	200a047e          	.word	0x200a047e
200a003c:	00000000          	.word	0x00000000
200a0040:	200a047e          	.word	0x200a047e
200a0044:	200a047e          	.word	0x200a047e
200a0048:	200a047e          	.word	0x200a047e
200a004c:	200a047e          	.word	0x200a047e
	...
200a0070:	200a047e          	.word	0x200a047e
	...
200a0080:	200a047e          	.word	0x200a047e
200a0084:	200a047e          	.word	0x200a047e
200a0088:	200a047e          	.word	0x200a047e
200a008c:	200a047e          	.word	0x200a047e
200a0090:	200a047e          	.word	0x200a047e
200a0094:	200a047e          	.word	0x200a047e
200a0098:	200a047e          	.word	0x200a047e
200a009c:	200a047e          	.word	0x200a047e
200a00a0:	200a047e          	.word	0x200a047e
200a00a4:	200a047e          	.word	0x200a047e
200a00a8:	200a047e          	.word	0x200a047e
200a00ac:	200a047e          	.word	0x200a047e
200a00b0:	200a047e          	.word	0x200a047e
200a00b4:	200a047e          	.word	0x200a047e
200a00b8:	200a047e          	.word	0x200a047e
200a00bc:	200a047e          	.word	0x200a047e
200a00c0:	200a047e          	.word	0x200a047e
200a00c4:	200a047e          	.word	0x200a047e
200a00c8:	200a047e          	.word	0x200a047e
200a00cc:	200a047e          	.word	0x200a047e
200a00d0:	200a047e          	.word	0x200a047e
200a00d4:	200a047e          	.word	0x200a047e
200a00d8:	200a047e          	.word	0x200a047e
200a00dc:	200a047e          	.word	0x200a047e
200a00e0:	200a1d46          	.word	0x200a1d46
200a00e4:	200a047e          	.word	0x200a047e
200a00e8:	200a047e          	.word	0x200a047e
200a00ec:	200a047e          	.word	0x200a047e
200a00f0:	200a047e          	.word	0x200a047e
200a00f4:	00000000          	.word	0x00000000
200a00f8:	200a2de4          	.word	0x200a2de4
200a00fc:	200a2d06          	.word	0x200a2d06
200a0100:	200a047e          	.word	0x200a047e
200a0104:	200a047e          	.word	0x200a047e
200a0108:	200a047e          	.word	0x200a047e
200a010c:	200a047e          	.word	0x200a047e
200a0110:	200a047e          	.word	0x200a047e
200a0114:	200a047e          	.word	0x200a047e
200a0118:	200a047e          	.word	0x200a047e
200a011c:	200a192e          	.word	0x200a192e
200a0120:	200a047e          	.word	0x200a047e
200a0124:	200a047e          	.word	0x200a047e
200a0128:	200a047e          	.word	0x200a047e
200a012c:	200a047e          	.word	0x200a047e
200a0130:	200a047e          	.word	0x200a047e
200a0134:	200a047e          	.word	0x200a047e
200a0138:	200a047e          	.word	0x200a047e
200a013c:	200a047e          	.word	0x200a047e
200a0140:	200a047e          	.word	0x200a047e
200a0144:	200a047e          	.word	0x200a047e
200a0148:	200a047e          	.word	0x200a047e
200a014c:	200a047e          	.word	0x200a047e
200a0150:	200a047e          	.word	0x200a047e
200a0154:	200a047e          	.word	0x200a047e
200a0158:	200a047e          	.word	0x200a047e
200a015c:	200a047e          	.word	0x200a047e
200a0160:	200a047e          	.word	0x200a047e
200a0164:	200a047e          	.word	0x200a047e
200a0168:	200a047e          	.word	0x200a047e
200a016c:	200a047e          	.word	0x200a047e
200a0170:	200a047e          	.word	0x200a047e
200a0174:	200a2c52          	.word	0x200a2c52
200a0178:	200a047e          	.word	0x200a047e
200a017c:	200a047e          	.word	0x200a047e
200a0180:	200a047e          	.word	0x200a047e
200a0184:	200a047e          	.word	0x200a047e
200a0188:	200a047e          	.word	0x200a047e
200a018c:	200a047e          	.word	0x200a047e
200a0190:	200a047e          	.word	0x200a047e
200a0194:	200a047e          	.word	0x200a047e
200a0198:	200a047e          	.word	0x200a047e
200a019c:	200a047e          	.word	0x200a047e
200a01a0:	200a047e          	.word	0x200a047e
200a01a4:	200a047e          	.word	0x200a047e
200a01a8:	200a047e          	.word	0x200a047e
200a01ac:	200a047e          	.word	0x200a047e
200a01b0:	200a047e          	.word	0x200a047e
200a01b4:	200a047e          	.word	0x200a047e
200a01b8:	200a047e          	.word	0x200a047e
200a01bc:	200a047e          	.word	0x200a047e
200a01c0:	200a047e          	.word	0x200a047e
200a01c4:	200a047e          	.word	0x200a047e
200a01c8:	200a047e          	.word	0x200a047e
200a01cc:	00000000          	.word	0x00000000
200a01d0:	200a047e          	.word	0x200a047e
200a01d4:	200a047e          	.word	0x200a047e
200a01d8:	200a047e          	.word	0x200a047e
200a01dc:	200a047e          	.word	0x200a047e
200a01e0:	200a047e          	.word	0x200a047e
200a01e4:	200a047e          	.word	0x200a047e
200a01e8:	200a047e          	.word	0x200a047e
200a01ec:	200a047e          	.word	0x200a047e
200a01f0:	200a047e          	.word	0x200a047e
200a01f4:	200a047e          	.word	0x200a047e
200a01f8:	00000000          	.word	0x00000000
200a01fc:	200a047e          	.word	0x200a047e
200a0200:	200a047e          	.word	0x200a047e
	...
200a020c:	200a047e          	.word	0x200a047e
	...
200a0218:	200a047e          	.word	0x200a047e
200a021c:	200a047e          	.word	0x200a047e
200a0220:	200a047e          	.word	0x200a047e
200a0224:	200a047e          	.word	0x200a047e
200a0228:	200a047e          	.word	0x200a047e
200a022c:	00000000          	.word	0x00000000
200a0230:	200a047e          	.word	0x200a047e
200a0234:	200a047e          	.word	0x200a047e
200a0238:	200a047e          	.word	0x200a047e
200a023c:	200a047e          	.word	0x200a047e
200a0240:	200a16c6          	.word	0x200a16c6
200a0244:	200a3f2a          	.word	0x200a3f2a
200a0248:	200a047e          	.word	0x200a047e
200a024c:	200a047e          	.word	0x200a047e
200a0250:	200a047e          	.word	0x200a047e

200a0254 <__riscv_save_12>:
200a0254:	7139                	addi	sp,sp,-64
200a0256:	4301                	li	t1,0
200a0258:	c66e                	sw	s11,12(sp)
200a025a:	a019                	j	200a0260 <__riscv_save_10+0x4>

200a025c <__riscv_save_10>:
200a025c:	7139                	addi	sp,sp,-64
200a025e:	5341                	li	t1,-16
200a0260:	c86a                	sw	s10,16(sp)
200a0262:	ca66                	sw	s9,20(sp)
200a0264:	cc62                	sw	s8,24(sp)
200a0266:	ce5e                	sw	s7,28(sp)
200a0268:	a019                	j	200a026e <__riscv_save_4+0x4>

200a026a <__riscv_save_4>:
200a026a:	7139                	addi	sp,sp,-64
200a026c:	5301                	li	t1,-32
200a026e:	d05a                	sw	s6,32(sp)
200a0270:	d256                	sw	s5,36(sp)
200a0272:	d452                	sw	s4,40(sp)
200a0274:	d64e                	sw	s3,44(sp)
200a0276:	d84a                	sw	s2,48(sp)
200a0278:	da26                	sw	s1,52(sp)
200a027a:	dc22                	sw	s0,56(sp)
200a027c:	de06                	sw	ra,60(sp)
200a027e:	40610133          	sub	sp,sp,t1
200a0282:	8282                	jr	t0

200a0284 <__riscv_save_0>:
200a0284:	1141                	addi	sp,sp,-16
200a0286:	c04a                	sw	s2,0(sp)
200a0288:	c226                	sw	s1,4(sp)
200a028a:	c422                	sw	s0,8(sp)
200a028c:	c606                	sw	ra,12(sp)
200a028e:	8282                	jr	t0

200a0290 <__riscv_restore_12>:
200a0290:	4db2                	lw	s11,12(sp)
200a0292:	0141                	addi	sp,sp,16

200a0294 <__riscv_restore_10>:
200a0294:	4d02                	lw	s10,0(sp)
200a0296:	4c92                	lw	s9,4(sp)
200a0298:	4c22                	lw	s8,8(sp)
200a029a:	4bb2                	lw	s7,12(sp)
200a029c:	0141                	addi	sp,sp,16

200a029e <__riscv_restore_4>:
200a029e:	4b02                	lw	s6,0(sp)
200a02a0:	4a92                	lw	s5,4(sp)
200a02a2:	4a22                	lw	s4,8(sp)
200a02a4:	49b2                	lw	s3,12(sp)
200a02a6:	0141                	addi	sp,sp,16

200a02a8 <__riscv_restore_0>:
200a02a8:	4902                	lw	s2,0(sp)
200a02aa:	4492                	lw	s1,4(sp)
200a02ac:	4422                	lw	s0,8(sp)
200a02ae:	40b2                	lw	ra,12(sp)
200a02b0:	0141                	addi	sp,sp,16
200a02b2:	8082                	ret

200a02b4 <memcpy>:
200a02b4:	832a                	mv	t1,a0
200a02b6:	ca09                	beqz	a2,200a02c8 <memcpy+0x14>
200a02b8:	00058383          	lb	t2,0(a1)
200a02bc:	00730023          	sb	t2,0(t1)
200a02c0:	167d                	addi	a2,a2,-1
200a02c2:	0305                	addi	t1,t1,1
200a02c4:	0585                	addi	a1,a1,1
200a02c6:	fa6d                	bnez	a2,200a02b8 <memcpy+0x4>
200a02c8:	8082                	ret

200a02ca <memset>:
200a02ca:	832a                	mv	t1,a0
200a02cc:	c611                	beqz	a2,200a02d8 <memset+0xe>
200a02ce:	00b30023          	sb	a1,0(t1)
200a02d2:	167d                	addi	a2,a2,-1
200a02d4:	0305                	addi	t1,t1,1
200a02d6:	fe65                	bnez	a2,200a02ce <memset+0x4>
200a02d8:	8082                	ret

200a02da <NMI_Handler>:
200a02da:	a001                	j	200a02da <NMI_Handler>

200a02dc <HardFault_Handler>:
200a02dc:	beef07b7          	lui	a5,0xbeef0
200a02e0:	e000e737          	lui	a4,0xe000e
200a02e4:	08078793          	addi	a5,a5,128 # beef0080 <USBSS_EP2_Tx_Th0_Buf+0x9edd0080>
200a02e8:	c73c                	sw	a5,72(a4)
200a02ea:	a001                	j	200a02ea <HardFault_Handler+0xe>

200a02ec <main>:
200a02ec:	f99ff2ef          	jal	t0,200a0284 <__riscv_save_0>
200a02f0:	2015                	jal	200a0314 <SystemAndCoreClockUpdate>
200a02f2:	385000ef          	jal	ra,200a0e76 <Delay_Init>
200a02f6:	000e1537          	lui	a0,0xe1
200a02fa:	41b000ef          	jal	ra,200a0f14 <USART_Printf_Init>
200a02fe:	8301a583          	lw	a1,-2000(gp) # 200c1040 <SystemCoreClock>
200a0302:	200a6537          	lui	a0,0x200a6
200a0306:	9a850513          	addi	a0,a0,-1624 # 200a59a8 <_read+0x21e>
200a030a:	1d6040ef          	jal	ra,200a44e0 <iprintf>
200a030e:	094030ef          	jal	ra,200a33a2 <Hardware>
200a0312:	a001                	j	200a0312 <main+0x26>

200a0314 <SystemAndCoreClockUpdate>:
200a0314:	400217b7          	lui	a5,0x40021
200a0318:	43d4                	lw	a3,4(a5)
200a031a:	4798                	lw	a4,8(a5)
200a031c:	4621                	li	a2,8
200a031e:	8ab1                	andi	a3,a3,12
200a0320:	02c69463          	bne	a3,a2,200a0348 <SystemAndCoreClockUpdate+0x34>
200a0324:	700006b7          	lui	a3,0x70000
200a0328:	8f75                	and	a4,a4,a3
200a032a:	50000637          	lui	a2,0x50000
200a032e:	14c70363          	beq	a4,a2,200a0474 <SystemAndCoreClockUpdate+0x160>
200a0332:	02e66063          	bltu	a2,a4,200a0352 <SystemAndCoreClockUpdate+0x3e>
200a0336:	c71d                	beqz	a4,200a0364 <SystemAndCoreClockUpdate+0x50>
200a0338:	1c9c47b7          	lui	a5,0x1c9c4
200a033c:	400006b7          	lui	a3,0x40000
200a0340:	80078793          	addi	a5,a5,-2048 # 1c9c3800 <_data_lma+0x1c99d6c8>
200a0344:	06d70763          	beq	a4,a3,200a03b2 <SystemAndCoreClockUpdate+0x9e>
200a0348:	017d87b7          	lui	a5,0x17d8
200a034c:	84078793          	addi	a5,a5,-1984 # 17d7840 <_data_lma+0x17b1708>
200a0350:	a08d                	j	200a03b2 <SystemAndCoreClockUpdate+0x9e>
200a0352:	60000637          	lui	a2,0x60000
200a0356:	10c70063          	beq	a4,a2,200a0456 <SystemAndCoreClockUpdate+0x142>
200a035a:	077367b7          	lui	a5,0x7736
200a035e:	94078793          	addi	a5,a5,-1728 # 7735940 <_data_lma+0x770f808>
200a0362:	b7cd                	j	200a0344 <SystemAndCoreClockUpdate+0x30>
200a0364:	4790                	lw	a2,8(a5)
200a0366:	4794                	lw	a3,8(a5)
200a0368:	4798                	lw	a4,8(a5)
200a036a:	0a000593          	li	a1,160
200a036e:	0e06f693          	andi	a3,a3,224
200a0372:	8321                	srli	a4,a4,0x8
200a0374:	03f77713          	andi	a4,a4,63
200a0378:	8a7d                	andi	a2,a2,31
200a037a:	0705                	addi	a4,a4,1 # e000e001 <USBSS_EP2_Tx_Th0_Buf+0xbfeee001>
200a037c:	08b69263          	bne	a3,a1,200a0400 <SystemAndCoreClockUpdate+0xec>
200a0380:	1dcd67b7          	lui	a5,0x1dcd6
200a0384:	50078793          	addi	a5,a5,1280 # 1dcd6500 <_data_lma+0x1dcb03c8>
200a0388:	02e7d733          	divu	a4,a5,a4
200a038c:	200c17b7          	lui	a5,0x200c1
200a0390:	c2078793          	addi	a5,a5,-992 # 200c0c20 <PLLMULTB>
200a0394:	97b2                	add	a5,a5,a2
200a0396:	239c                	lbu	a5,0(a5)
200a0398:	4691                	li	a3,4
200a039a:	02e787b3          	mul	a5,a5,a4
200a039e:	00d60963          	beq	a2,a3,200a03b0 <SystemAndCoreClockUpdate+0x9c>
200a03a2:	6685                	lui	a3,0x1
200a03a4:	54068693          	addi	a3,a3,1344 # 1540 <__stack_size+0xd40>
200a03a8:	00c6d6b3          	srl	a3,a3,a2
200a03ac:	8a85                	andi	a3,a3,1
200a03ae:	c291                	beqz	a3,200a03b2 <SystemAndCoreClockUpdate+0x9e>
200a03b0:	8385                	srli	a5,a5,0x1
200a03b2:	82f1aa23          	sw	a5,-1996(gp) # 200c1044 <SystemClock>
200a03b6:	40021637          	lui	a2,0x40021
200a03ba:	4254                	lw	a3,4(a2)
200a03bc:	200c1737          	lui	a4,0x200c1
200a03c0:	c1070713          	addi	a4,a4,-1008 # 200c0c10 <HBPrescTB>
200a03c4:	8291                	srli	a3,a3,0x4
200a03c6:	8abd                	andi	a3,a3,15
200a03c8:	9736                	add	a4,a4,a3
200a03ca:	2318                	lbu	a4,0(a4)
200a03cc:	200c16b7          	lui	a3,0x200c1
200a03d0:	01068693          	addi	a3,a3,16 # 200c1010 <FPRETB>
200a03d4:	00e7d7b3          	srl	a5,a5,a4
200a03d8:	4258                	lw	a4,4(a2)
200a03da:	6641                	lui	a2,0x10
200a03dc:	8341                	srli	a4,a4,0x10
200a03de:	8b0d                	andi	a4,a4,3
200a03e0:	9736                	add	a4,a4,a3
200a03e2:	2318                	lbu	a4,0(a4)
200a03e4:	00e7d733          	srl	a4,a5,a4
200a03e8:	82e1ac23          	sw	a4,-1992(gp) # 200c1048 <HCLKClock>
200a03ec:	e000f6b7          	lui	a3,0xe000f
200a03f0:	d106a683          	lw	a3,-752(a3) # e000ed10 <USBSS_EP2_Tx_Th0_Buf+0xbfeeed10>
200a03f4:	8ef1                	and	a3,a3,a2
200a03f6:	e291                	bnez	a3,200a03fa <SystemAndCoreClockUpdate+0xe6>
200a03f8:	87ba                	mv	a5,a4
200a03fa:	82f1a823          	sw	a5,-2000(gp) # 200c1040 <SystemCoreClock>
200a03fe:	8082                	ret
200a0400:	0e000593          	li	a1,224
200a0404:	02b69263          	bne	a3,a1,200a0428 <SystemAndCoreClockUpdate+0x114>
200a0408:	5bd4                	lw	a3,52(a5)
200a040a:	200c17b7          	lui	a5,0x200c1
200a040e:	c0078793          	addi	a5,a5,-1024 # 200c0c00 <SERDESPLLMULTB>
200a0412:	82c1                	srli	a3,a3,0x10
200a0414:	97b6                	add	a5,a5,a3
200a0416:	239c                	lbu	a5,0(a5)
200a0418:	017d86b7          	lui	a3,0x17d8
200a041c:	84068693          	addi	a3,a3,-1984 # 17d7840 <_data_lma+0x17b1708>
200a0420:	02d787b3          	mul	a5,a5,a3
200a0424:	8385                	srli	a5,a5,0x1
200a0426:	b78d                	j	200a0388 <SystemAndCoreClockUpdate+0x74>
200a0428:	08000793          	li	a5,128
200a042c:	00f69763          	bne	a3,a5,200a043a <SystemAndCoreClockUpdate+0x126>
200a0430:	1c9c47b7          	lui	a5,0x1c9c4
200a0434:	80078793          	addi	a5,a5,-2048 # 1c9c3800 <_data_lma+0x1c99d6c8>
200a0438:	bf81                	j	200a0388 <SystemAndCoreClockUpdate+0x74>
200a043a:	0c000793          	li	a5,192
200a043e:	00f69763          	bne	a3,a5,200a044c <SystemAndCoreClockUpdate+0x138>
200a0442:	077367b7          	lui	a5,0x7736
200a0446:	94078793          	addi	a5,a5,-1728 # 7735940 <_data_lma+0x770f808>
200a044a:	bf3d                	j	200a0388 <SystemAndCoreClockUpdate+0x74>
200a044c:	017d87b7          	lui	a5,0x17d8
200a0450:	84078793          	addi	a5,a5,-1984 # 17d7840 <_data_lma+0x17b1708>
200a0454:	bf15                	j	200a0388 <SystemAndCoreClockUpdate+0x74>
200a0456:	5bd8                	lw	a4,52(a5)
200a0458:	200c17b7          	lui	a5,0x200c1
200a045c:	c0078793          	addi	a5,a5,-1024 # 200c0c00 <SERDESPLLMULTB>
200a0460:	8341                	srli	a4,a4,0x10
200a0462:	97ba                	add	a5,a5,a4
200a0464:	239c                	lbu	a5,0(a5)
200a0466:	017d8737          	lui	a4,0x17d8
200a046a:	84070713          	addi	a4,a4,-1984 # 17d7840 <_data_lma+0x17b1708>
200a046e:	02e787b3          	mul	a5,a5,a4
200a0472:	bf3d                	j	200a03b0 <SystemAndCoreClockUpdate+0x9c>
200a0474:	1dcd67b7          	lui	a5,0x1dcd6
200a0478:	50078793          	addi	a5,a5,1280 # 1dcd6500 <_data_lma+0x1dcb03c8>
200a047c:	bf1d                	j	200a03b2 <SystemAndCoreClockUpdate+0x9e>

200a047e <ADC1_2_IRQHandler>:
200a047e:	a001                	j	200a047e <ADC1_2_IRQHandler>

200a0480 <DAC_Init>:
200a0480:	400076b7          	lui	a3,0x40007
200a0484:	40068693          	addi	a3,a3,1024 # 40007400 <USBSS_EP2_Tx_Th0_Buf+0x1fee7400>
200a0488:	429c                	lw	a5,0(a3)
200a048a:	6705                	lui	a4,0x1
200a048c:	1779                	addi	a4,a4,-2 # ffe <__stack_size+0x7fe>
200a048e:	00a71733          	sll	a4,a4,a0
200a0492:	41d0                	lw	a2,4(a1)
200a0494:	40e7f733          	andn	a4,a5,a4
200a0498:	419c                	lw	a5,0(a1)
200a049a:	8fd1                	or	a5,a5,a2
200a049c:	4590                	lw	a2,8(a1)
200a049e:	8fd1                	or	a5,a5,a2
200a04a0:	45d0                	lw	a2,12(a1)
200a04a2:	8fd1                	or	a5,a5,a2
200a04a4:	00a79533          	sll	a0,a5,a0
200a04a8:	8d59                	or	a0,a0,a4
200a04aa:	c288                	sw	a0,0(a3)
200a04ac:	8082                	ret

200a04ae <DAC_Cmd>:
200a04ae:	400077b7          	lui	a5,0x40007
200a04b2:	40078793          	addi	a5,a5,1024 # 40007400 <USBSS_EP2_Tx_Th0_Buf+0x1fee7400>
200a04b6:	4398                	lw	a4,0(a5)
200a04b8:	28a01533          	bset	a0,zero,a0
200a04bc:	c581                	beqz	a1,200a04c4 <DAC_Cmd+0x16>
200a04be:	8f49                	or	a4,a4,a0
200a04c0:	c398                	sw	a4,0(a5)
200a04c2:	8082                	ret
200a04c4:	40a77533          	andn	a0,a4,a0
200a04c8:	c388                	sw	a0,0(a5)
200a04ca:	8082                	ret

200a04cc <DAC_SetChannel1Data>:
200a04cc:	1141                	addi	sp,sp,-16
200a04ce:	400077b7          	lui	a5,0x40007
200a04d2:	c602                	sw	zero,12(sp)
200a04d4:	40078793          	addi	a5,a5,1024 # 40007400 <USBSS_EP2_Tx_Th0_Buf+0x1fee7400>
200a04d8:	c63e                	sw	a5,12(sp)
200a04da:	47b2                	lw	a5,12(sp)
200a04dc:	07a1                	addi	a5,a5,8
200a04de:	97aa                	add	a5,a5,a0
200a04e0:	c63e                	sw	a5,12(sp)
200a04e2:	47b2                	lw	a5,12(sp)
200a04e4:	c38c                	sw	a1,0(a5)
200a04e6:	0141                	addi	sp,sp,16
200a04e8:	8082                	ret

200a04ea <FLASH_GetStatus>:
200a04ea:	0ff0000f          	fence
200a04ee:	400227b7          	lui	a5,0x40022
200a04f2:	47c8                	lw	a0,12(a5)
200a04f4:	8905                	andi	a0,a0,1
200a04f6:	e511                	bnez	a0,200a0502 <FLASH_GetStatus+0x18>
200a04f8:	47c8                	lw	a0,12(a5)
200a04fa:	8941                	andi	a0,a0,16
200a04fc:	00153513          	seqz	a0,a0
200a0500:	050d                	addi	a0,a0,3
200a0502:	8082                	ret

200a0504 <FLASH_WaitForLastOperation>:
200a0504:	d81ff2ef          	jal	t0,200a0284 <__riscv_save_0>
200a0508:	84aa                	mv	s1,a0
200a050a:	4905                	li	s2,1
200a050c:	3ff9                	jal	200a04ea <FLASH_GetStatus>
200a050e:	01251863          	bne	a0,s2,200a051e <FLASH_WaitForLastOperation+0x1a>
200a0512:	e099                	bnez	s1,200a0518 <FLASH_WaitForLastOperation+0x14>
200a0514:	4515                	li	a0,5
200a0516:	a029                	j	200a0520 <FLASH_WaitForLastOperation+0x1c>
200a0518:	3fc9                	jal	200a04ea <FLASH_GetStatus>
200a051a:	14fd                	addi	s1,s1,-1
200a051c:	bfcd                	j	200a050e <FLASH_WaitForLastOperation+0xa>
200a051e:	d8fd                	beqz	s1,200a0514 <FLASH_WaitForLastOperation+0x10>
200a0520:	b361                	j	200a02a8 <__riscv_restore_0>

200a0522 <FLASH_ErasePage>:
200a0522:	d63ff2ef          	jal	t0,200a0284 <__riscv_save_0>
200a0526:	400227b7          	lui	a5,0x40022
200a052a:	57dc                	lw	a5,44(a5)
200a052c:	10000737          	lui	a4,0x10000
200a0530:	8ff9                	and	a5,a5,a4
200a0532:	cf8d                	beqz	a5,200a056c <FLASH_ErasePage+0x4a>
200a0534:	77f9                	lui	a5,0xffffe
200a0536:	00f57933          	and	s2,a0,a5
200a053a:	0a000537          	lui	a0,0xa000
200a053e:	37d9                	jal	200a0504 <FLASH_WaitForLastOperation>
200a0540:	4791                	li	a5,4
200a0542:	02f51463          	bne	a0,a5,200a056a <FLASH_ErasePage+0x48>
200a0546:	400224b7          	lui	s1,0x40022
200a054a:	489c                	lw	a5,16(s1)
200a054c:	0a000537          	lui	a0,0xa000
200a0550:	0027e793          	ori	a5,a5,2
200a0554:	c89c                	sw	a5,16(s1)
200a0556:	0124aa23          	sw	s2,20(s1) # 40022014 <USBSS_EP2_Tx_Th0_Buf+0x1ff02014>
200a055a:	489c                	lw	a5,16(s1)
200a055c:	0407e793          	ori	a5,a5,64
200a0560:	c89c                	sw	a5,16(s1)
200a0562:	374d                	jal	200a0504 <FLASH_WaitForLastOperation>
200a0564:	489c                	lw	a5,16(s1)
200a0566:	9bf5                	andi	a5,a5,-3
200a0568:	c89c                	sw	a5,16(s1)
200a056a:	bb3d                	j	200a02a8 <__riscv_restore_0>
200a056c:	77fd                	lui	a5,0xfffff
200a056e:	b7e1                	j	200a0536 <FLASH_ErasePage+0x14>

200a0570 <FLASH_ProgramWord>:
200a0570:	cfbff2ef          	jal	t0,200a026a <__riscv_save_4>
200a0574:	1141                	addi	sp,sp,-16
200a0576:	89aa                	mv	s3,a0
200a0578:	0a000537          	lui	a0,0xa000
200a057c:	892e                	mv	s2,a1
200a057e:	c602                	sw	zero,12(sp)
200a0580:	4a11                	li	s4,4
200a0582:	3749                	jal	200a0504 <FLASH_WaitForLastOperation>
200a0584:	03451e63          	bne	a0,s4,200a05c0 <FLASH_ProgramWord+0x50>
200a0588:	400224b7          	lui	s1,0x40022
200a058c:	489c                	lw	a5,16(s1)
200a058e:	0a000537          	lui	a0,0xa000
200a0592:	0017e793          	ori	a5,a5,1
200a0596:	c89c                	sw	a5,16(s1)
200a0598:	080947b3          	zext.h	a5,s2
200a059c:	00f99023          	sh	a5,0(s3)
200a05a0:	3795                	jal	200a0504 <FLASH_WaitForLastOperation>
200a05a2:	01451c63          	bne	a0,s4,200a05ba <FLASH_ProgramWord+0x4a>
200a05a6:	0989                	addi	s3,s3,2
200a05a8:	c64e                	sw	s3,12(sp)
200a05aa:	47b2                	lw	a5,12(sp)
200a05ac:	01095913          	srli	s2,s2,0x10
200a05b0:	0a000537          	lui	a0,0xa000
200a05b4:	01279023          	sh	s2,0(a5) # fffff000 <USBSS_EP2_Tx_Th0_Buf+0xdfedf000>
200a05b8:	37b1                	jal	200a0504 <FLASH_WaitForLastOperation>
200a05ba:	489c                	lw	a5,16(s1)
200a05bc:	9bf9                	andi	a5,a5,-2
200a05be:	c89c                	sw	a5,16(s1)
200a05c0:	0141                	addi	sp,sp,16
200a05c2:	b9f1                	j	200a029e <__riscv_restore_4>

200a05c4 <FLASH_Unlock_Fast>:
200a05c4:	456706b7          	lui	a3,0x45670
200a05c8:	400227b7          	lui	a5,0x40022
200a05cc:	12368693          	addi	a3,a3,291 # 45670123 <USBSS_EP2_Tx_Th0_Buf+0x25550123>
200a05d0:	cdef9737          	lui	a4,0xcdef9
200a05d4:	c3d4                	sw	a3,4(a5)
200a05d6:	9ab70713          	addi	a4,a4,-1621 # cdef89ab <USBSS_EP2_Tx_Th0_Buf+0xaddd89ab>
200a05da:	c3d8                	sw	a4,4(a5)
200a05dc:	d3d4                	sw	a3,36(a5)
200a05de:	d3d8                	sw	a4,36(a5)
200a05e0:	8082                	ret

200a05e2 <GPIO_Init>:
200a05e2:	459c                	lw	a5,8(a1)
200a05e4:	0005d803          	lhu	a6,0(a1)
200a05e8:	0107f713          	andi	a4,a5,16
200a05ec:	00f7f893          	andi	a7,a5,15
200a05f0:	cb1d                	beqz	a4,200a0626 <GPIO_Init+0x44>
200a05f2:	4d58                	lw	a4,28(a0)
200a05f4:	0018e893          	ori	a7,a7,1
200a05f8:	4681                	li	a3,0
200a05fa:	4e8d                	li	t4,3
200a05fc:	4e41                	li	t3,16
200a05fe:	28d01633          	bset	a2,zero,a3
200a0602:	00c87333          	and	t1,a6,a2
200a0606:	00661c63          	bne	a2,t1,200a061e <GPIO_Init+0x3c>
200a060a:	00169313          	slli	t1,a3,0x1
200a060e:	006e9633          	sll	a2,t4,t1
200a0612:	40c77733          	andn	a4,a4,a2
200a0616:	41d0                	lw	a2,4(a1)
200a0618:	00661633          	sll	a2,a2,t1
200a061c:	8f51                	or	a4,a4,a2
200a061e:	0685                	addi	a3,a3,1
200a0620:	fdc69fe3          	bne	a3,t3,200a05fe <GPIO_Init+0x1c>
200a0624:	cd58                	sw	a4,28(a0)
200a0626:	0ff87713          	zext.b	a4,a6
200a062a:	cf1d                	beqz	a4,200a0668 <GPIO_Init+0x86>
200a062c:	4118                	lw	a4,0(a0)
200a062e:	4681                	li	a3,0
200a0630:	02800313          	li	t1,40
200a0634:	4e3d                	li	t3,15
200a0636:	04800e93          	li	t4,72
200a063a:	45a1                	li	a1,8
200a063c:	28d01633          	bset	a2,zero,a3
200a0640:	00c87f33          	and	t5,a6,a2
200a0644:	01e61e63          	bne	a2,t5,200a0660 <GPIO_Init+0x7e>
200a0648:	06679563          	bne	a5,t1,200a06b2 <GPIO_Init+0xd0>
200a064c:	c950                	sw	a2,20(a0)
200a064e:	00269613          	slli	a2,a3,0x2
200a0652:	00ce1f33          	sll	t5,t3,a2
200a0656:	00c89633          	sll	a2,a7,a2
200a065a:	41e77733          	andn	a4,a4,t5
200a065e:	8f51                	or	a4,a4,a2
200a0660:	0685                	addi	a3,a3,1
200a0662:	fcb69de3          	bne	a3,a1,200a063c <GPIO_Init+0x5a>
200a0666:	c118                	sw	a4,0(a0)
200a0668:	0ff00713          	li	a4,255
200a066c:	05077263          	bgeu	a4,a6,200a06b0 <GPIO_Init+0xce>
200a0670:	4154                	lw	a3,4(a0)
200a0672:	4601                	li	a2,0
200a0674:	02800e13          	li	t3,40
200a0678:	04800e93          	li	t4,72
200a067c:	4321                	li	t1,8
200a067e:	00860713          	addi	a4,a2,8 # 10008 <__stack_size+0xf808>
200a0682:	28e01733          	bset	a4,zero,a4
200a0686:	00e875b3          	and	a1,a6,a4
200a068a:	00b71f63          	bne	a4,a1,200a06a8 <GPIO_Init+0xc6>
200a068e:	03c79663          	bne	a5,t3,200a06ba <GPIO_Init+0xd8>
200a0692:	c958                	sw	a4,20(a0)
200a0694:	00261713          	slli	a4,a2,0x2
200a0698:	45bd                	li	a1,15
200a069a:	00e595b3          	sll	a1,a1,a4
200a069e:	00e89733          	sll	a4,a7,a4
200a06a2:	40b6f6b3          	andn	a3,a3,a1
200a06a6:	8ed9                	or	a3,a3,a4
200a06a8:	0605                	addi	a2,a2,1
200a06aa:	fc661ae3          	bne	a2,t1,200a067e <GPIO_Init+0x9c>
200a06ae:	c154                	sw	a3,4(a0)
200a06b0:	8082                	ret
200a06b2:	f9d79ee3          	bne	a5,t4,200a064e <GPIO_Init+0x6c>
200a06b6:	c910                	sw	a2,16(a0)
200a06b8:	bf59                	j	200a064e <GPIO_Init+0x6c>
200a06ba:	fdd79de3          	bne	a5,t4,200a0694 <GPIO_Init+0xb2>
200a06be:	c918                	sw	a4,16(a0)
200a06c0:	bfd1                	j	200a0694 <GPIO_Init+0xb2>

200a06c2 <GPIO_PinRemapConfig>:
200a06c2:	40010837          	lui	a6,0x40010
200a06c6:	003007b7          	lui	a5,0x300
200a06ca:	00082603          	lw	a2,0(a6) # 40010000 <USBSS_EP2_Tx_Th0_Buf+0x1fef0000>
200a06ce:	00f576b3          	and	a3,a0,a5
200a06d2:	08054733          	zext.h	a4,a0
200a06d6:	02f69763          	bne	a3,a5,200a0704 <GPIO_PinRemapConfig+0x42>
200a06da:	f10006b7          	lui	a3,0xf1000
200a06de:	16fd                	addi	a3,a3,-1 # f0ffffff <USBSS_EP2_Tx_Th0_Buf+0xd0edffff>
200a06e0:	00d677b3          	and	a5,a2,a3
200a06e4:	00082603          	lw	a2,0(a6)
200a06e8:	8ef1                	and	a3,a3,a2
200a06ea:	00d82023          	sw	a3,0(a6)
200a06ee:	c599                	beqz	a1,200a06fc <GPIO_PinRemapConfig+0x3a>
200a06f0:	8145                	srli	a0,a0,0x11
200a06f2:	07057513          	andi	a0,a0,112
200a06f6:	00a71733          	sll	a4,a4,a0
200a06fa:	8fd9                	or	a5,a5,a4
200a06fc:	40010737          	lui	a4,0x40010
200a0700:	c31c                	sw	a5,0(a4)
200a0702:	8082                	ret
200a0704:	001007b7          	lui	a5,0x100
200a0708:	8fe9                	and	a5,a5,a0
200a070a:	cf89                	beqz	a5,200a0724 <GPIO_PinRemapConfig+0x62>
200a070c:	01055693          	srli	a3,a0,0x10
200a0710:	8abd                	andi	a3,a3,15
200a0712:	478d                	li	a5,3
200a0714:	00d797b3          	sll	a5,a5,a3
200a0718:	0f0006b7          	lui	a3,0xf000
200a071c:	40f677b3          	andn	a5,a2,a5
200a0720:	8fd5                	or	a5,a5,a3
200a0722:	b7f1                	j	200a06ee <GPIO_PinRemapConfig+0x2c>
200a0724:	01555793          	srli	a5,a0,0x15
200a0728:	0792                	slli	a5,a5,0x4
200a072a:	00f717b3          	sll	a5,a4,a5
200a072e:	b7ed                	j	200a0718 <GPIO_PinRemapConfig+0x56>

200a0730 <GPIO_PinAFConfig>:
200a0730:	40011737          	lui	a4,0x40011
200a0734:	479d                	li	a5,7
200a0736:	80070693          	addi	a3,a4,-2048 # 40010800 <USBSS_EP2_Tx_Th0_Buf+0x1fef0800>
200a073a:	02b7f863          	bgeu	a5,a1,200a076a <GPIO_PinAFConfig+0x3a>
200a073e:	ff858793          	addi	a5,a1,-8
200a0742:	0ff7f793          	zext.b	a5,a5
200a0746:	06d51a63          	bne	a0,a3,200a07ba <GPIO_PinAFConfig+0x8a>
200a074a:	400106b7          	lui	a3,0x40010
200a074e:	468c                	lw	a1,8(a3)
200a0750:	078a                	slli	a5,a5,0x2
200a0752:	473d                	li	a4,15
200a0754:	00f71733          	sll	a4,a4,a5
200a0758:	40e5f733          	andn	a4,a1,a4
200a075c:	c698                	sw	a4,8(a3)
200a075e:	4698                	lw	a4,8(a3)
200a0760:	00f617b3          	sll	a5,a2,a5
200a0764:	8fd9                	or	a5,a5,a4
200a0766:	c69c                	sw	a5,8(a3)
200a0768:	8082                	ret
200a076a:	02d50863          	beq	a0,a3,200a079a <GPIO_PinAFConfig+0x6a>
200a076e:	c0070793          	addi	a5,a4,-1024
200a0772:	08f50a63          	beq	a0,a5,200a0806 <GPIO_PinAFConfig+0xd6>
200a0776:	16e51c63          	bne	a0,a4,200a08ee <GPIO_PinAFConfig+0x1be>
200a077a:	40010737          	lui	a4,0x40010
200a077e:	4b54                	lw	a3,20(a4)
200a0780:	058a                	slli	a1,a1,0x2
200a0782:	47bd                	li	a5,15
200a0784:	00b797b3          	sll	a5,a5,a1
200a0788:	40f6f7b3          	andn	a5,a3,a5
200a078c:	cb5c                	sw	a5,20(a4)
200a078e:	4b5c                	lw	a5,20(a4)
200a0790:	00b615b3          	sll	a1,a2,a1
200a0794:	8ddd                	or	a1,a1,a5
200a0796:	cb4c                	sw	a1,20(a4)
200a0798:	8082                	ret
200a079a:	40010737          	lui	a4,0x40010
200a079e:	4354                	lw	a3,4(a4)
200a07a0:	058a                	slli	a1,a1,0x2
200a07a2:	47bd                	li	a5,15
200a07a4:	00b797b3          	sll	a5,a5,a1
200a07a8:	40f6f7b3          	andn	a5,a3,a5
200a07ac:	c35c                	sw	a5,4(a4)
200a07ae:	435c                	lw	a5,4(a4)
200a07b0:	00b615b3          	sll	a1,a2,a1
200a07b4:	8ddd                	or	a1,a1,a5
200a07b6:	c34c                	sw	a1,4(a4)
200a07b8:	8082                	ret
200a07ba:	c0070693          	addi	a3,a4,-1024 # 4000fc00 <USBSS_EP2_Tx_Th0_Buf+0x1feefc00>
200a07be:	02d50463          	beq	a0,a3,200a07e6 <GPIO_PinAFConfig+0xb6>
200a07c2:	10e51263          	bne	a0,a4,200a08c6 <GPIO_PinAFConfig+0x196>
200a07c6:	400106b7          	lui	a3,0x40010
200a07ca:	4e8c                	lw	a1,24(a3)
200a07cc:	078a                	slli	a5,a5,0x2
200a07ce:	473d                	li	a4,15
200a07d0:	00f71733          	sll	a4,a4,a5
200a07d4:	40e5f733          	andn	a4,a1,a4
200a07d8:	ce98                	sw	a4,24(a3)
200a07da:	4e98                	lw	a4,24(a3)
200a07dc:	00f617b3          	sll	a5,a2,a5
200a07e0:	8fd9                	or	a5,a5,a4
200a07e2:	ce9c                	sw	a5,24(a3)
200a07e4:	8082                	ret
200a07e6:	400106b7          	lui	a3,0x40010
200a07ea:	4a8c                	lw	a1,16(a3)
200a07ec:	078a                	slli	a5,a5,0x2
200a07ee:	473d                	li	a4,15
200a07f0:	00f71733          	sll	a4,a4,a5
200a07f4:	40e5f733          	andn	a4,a1,a4
200a07f8:	ca98                	sw	a4,16(a3)
200a07fa:	4a98                	lw	a4,16(a3)
200a07fc:	00f617b3          	sll	a5,a2,a5
200a0800:	8fd9                	or	a5,a5,a4
200a0802:	ca9c                	sw	a5,16(a3)
200a0804:	8082                	ret
200a0806:	40010737          	lui	a4,0x40010
200a080a:	4754                	lw	a3,12(a4)
200a080c:	058a                	slli	a1,a1,0x2
200a080e:	47bd                	li	a5,15
200a0810:	00b797b3          	sll	a5,a5,a1
200a0814:	40f6f7b3          	andn	a5,a3,a5
200a0818:	c75c                	sw	a5,12(a4)
200a081a:	475c                	lw	a5,12(a4)
200a081c:	00b615b3          	sll	a1,a2,a1
200a0820:	8ddd                	or	a1,a1,a5
200a0822:	c74c                	sw	a1,12(a4)
200a0824:	8082                	ret
200a0826:	40012737          	lui	a4,0x40012
200a082a:	80070713          	addi	a4,a4,-2048 # 40011800 <USBSS_EP2_Tx_Th0_Buf+0x1fef1800>
200a082e:	87ae                	mv	a5,a1
200a0830:	04e51863          	bne	a0,a4,200a0880 <GPIO_PinAFConfig+0x150>
200a0834:	40010737          	lui	a4,0x40010
200a0838:	5354                	lw	a3,36(a4)
200a083a:	058a                	slli	a1,a1,0x2
200a083c:	47bd                	li	a5,15
200a083e:	00b797b3          	sll	a5,a5,a1
200a0842:	40f6f7b3          	andn	a5,a3,a5
200a0846:	d35c                	sw	a5,36(a4)
200a0848:	535c                	lw	a5,36(a4)
200a084a:	00b615b3          	sll	a1,a2,a1
200a084e:	8ddd                	or	a1,a1,a5
200a0850:	d34c                	sw	a1,36(a4)
200a0852:	8082                	ret
200a0854:	40012737          	lui	a4,0x40012
200a0858:	80070713          	addi	a4,a4,-2048 # 40011800 <USBSS_EP2_Tx_Th0_Buf+0x1fef1800>
200a085c:	02e51263          	bne	a0,a4,200a0880 <GPIO_PinAFConfig+0x150>
200a0860:	400106b7          	lui	a3,0x40010
200a0864:	568c                	lw	a1,40(a3)
200a0866:	078a                	slli	a5,a5,0x2
200a0868:	473d                	li	a4,15
200a086a:	00f71733          	sll	a4,a4,a5
200a086e:	40e5f733          	andn	a4,a1,a4
200a0872:	d698                	sw	a4,40(a3)
200a0874:	5698                	lw	a4,40(a3)
200a0876:	00f617b3          	sll	a5,a2,a5
200a087a:	8fd9                	or	a5,a5,a4
200a087c:	d69c                	sw	a5,40(a3)
200a087e:	8082                	ret
200a0880:	40012737          	lui	a4,0x40012
200a0884:	c0070713          	addi	a4,a4,-1024 # 40011c00 <USBSS_EP2_Tx_Th0_Buf+0x1fef1c00>
200a0888:	08e51763          	bne	a0,a4,200a0916 <GPIO_PinAFConfig+0x1e6>
200a088c:	078a                	slli	a5,a5,0x2
200a088e:	473d                	li	a4,15
200a0890:	00f71733          	sll	a4,a4,a5
200a0894:	00f61633          	sll	a2,a2,a5
200a0898:	479d                	li	a5,7
200a089a:	fff74713          	not	a4,a4
200a089e:	00b7fb63          	bgeu	a5,a1,200a08b4 <GPIO_PinAFConfig+0x184>
200a08a2:	400107b7          	lui	a5,0x40010
200a08a6:	5b94                	lw	a3,48(a5)
200a08a8:	8f75                	and	a4,a4,a3
200a08aa:	db98                	sw	a4,48(a5)
200a08ac:	5b98                	lw	a4,48(a5)
200a08ae:	8f51                	or	a4,a4,a2
200a08b0:	db98                	sw	a4,48(a5)
200a08b2:	8082                	ret
200a08b4:	400107b7          	lui	a5,0x40010
200a08b8:	57d4                	lw	a3,44(a5)
200a08ba:	8f75                	and	a4,a4,a3
200a08bc:	d7d8                	sw	a4,44(a5)
200a08be:	57d8                	lw	a4,44(a5)
200a08c0:	8f51                	or	a4,a4,a2
200a08c2:	d7d8                	sw	a4,44(a5)
200a08c4:	8082                	ret
200a08c6:	40070713          	addi	a4,a4,1024
200a08ca:	f8e515e3          	bne	a0,a4,200a0854 <GPIO_PinAFConfig+0x124>
200a08ce:	400106b7          	lui	a3,0x40010
200a08d2:	528c                	lw	a1,32(a3)
200a08d4:	078a                	slli	a5,a5,0x2
200a08d6:	473d                	li	a4,15
200a08d8:	00f71733          	sll	a4,a4,a5
200a08dc:	40e5f733          	andn	a4,a1,a4
200a08e0:	d298                	sw	a4,32(a3)
200a08e2:	5298                	lw	a4,32(a3)
200a08e4:	00f617b3          	sll	a5,a2,a5
200a08e8:	8fd9                	or	a5,a5,a4
200a08ea:	d29c                	sw	a5,32(a3)
200a08ec:	8082                	ret
200a08ee:	40070713          	addi	a4,a4,1024
200a08f2:	f2e51ae3          	bne	a0,a4,200a0826 <GPIO_PinAFConfig+0xf6>
200a08f6:	40010737          	lui	a4,0x40010
200a08fa:	4f54                	lw	a3,28(a4)
200a08fc:	058a                	slli	a1,a1,0x2
200a08fe:	47bd                	li	a5,15
200a0900:	00b797b3          	sll	a5,a5,a1
200a0904:	40f6f7b3          	andn	a5,a3,a5
200a0908:	cf5c                	sw	a5,28(a4)
200a090a:	4f5c                	lw	a5,28(a4)
200a090c:	00b615b3          	sll	a1,a2,a1
200a0910:	8ddd                	or	a1,a1,a5
200a0912:	cf4c                	sw	a1,28(a4)
200a0914:	8082                	ret
200a0916:	8082                	ret

200a0918 <HSADC_Init>:
200a0918:	40017737          	lui	a4,0x40017
200a091c:	40070713          	addi	a4,a4,1024 # 40017400 <USBSS_EP2_Tx_Th0_Buf+0x1fef7400>
200a0920:	431c                	lw	a5,0(a4)
200a0922:	2976                	lhu	a3,22(a0)
200a0924:	9bf9                	andi	a5,a5,-2
200a0926:	c31c                	sw	a5,0(a4)
200a0928:	455c                	lw	a5,12(a0)
200a092a:	cb5c                	sw	a5,20(a4)
200a092c:	491c                	lw	a5,16(a0)
200a092e:	cf1c                	sw	a5,24(a4)
200a0930:	295e                	lhu	a5,20(a0)
200a0932:	07c2                	slli	a5,a5,0x10
200a0934:	8fd5                	or	a5,a5,a3
200a0936:	c71c                	sw	a5,8(a4)
200a0938:	4114                	lw	a3,0(a0)
200a093a:	415c                	lw	a5,4(a0)
200a093c:	8fd5                	or	a5,a5,a3
200a093e:	5154                	lw	a3,36(a0)
200a0940:	06be                	slli	a3,a3,0xf
200a0942:	8fd5                	or	a5,a5,a3
200a0944:	5114                	lw	a3,32(a0)
200a0946:	06ba                	slli	a3,a3,0xe
200a0948:	8fd5                	or	a5,a5,a3
200a094a:	4514                	lw	a3,8(a0)
200a094c:	06a2                	slli	a3,a3,0x8
200a094e:	8fd5                	or	a5,a5,a3
200a0950:	4d54                	lw	a3,28(a0)
200a0952:	0686                	slli	a3,a3,0x1
200a0954:	8fd5                	or	a5,a5,a3
200a0956:	2d16                	lhu	a3,24(a0)
200a0958:	06c2                	slli	a3,a3,0x10
200a095a:	8fd5                	or	a5,a5,a3
200a095c:	c31c                	sw	a5,0(a4)
200a095e:	8082                	ret

200a0960 <HSADC_Cmd>:
200a0960:	400177b7          	lui	a5,0x40017
200a0964:	40078793          	addi	a5,a5,1024 # 40017400 <USBSS_EP2_Tx_Th0_Buf+0x1fef7400>
200a0968:	4398                	lw	a4,0(a5)
200a096a:	c509                	beqz	a0,200a0974 <HSADC_Cmd+0x14>
200a096c:	00176713          	ori	a4,a4,1
200a0970:	c398                	sw	a4,0(a5)
200a0972:	8082                	ret
200a0974:	9b79                	andi	a4,a4,-2
200a0976:	bfed                	j	200a0970 <HSADC_Cmd+0x10>

200a0978 <HSADC_ChannelConfig>:
200a0978:	400177b7          	lui	a5,0x40017
200a097c:	40078793          	addi	a5,a5,1024 # 40017400 <USBSS_EP2_Tx_Th0_Buf+0x1fef7400>
200a0980:	4398                	lw	a4,0(a5)
200a0982:	050a                	slli	a0,a0,0x2
200a0984:	9b0d                	andi	a4,a4,-29
200a0986:	c398                	sw	a4,0(a5)
200a0988:	4398                	lw	a4,0(a5)
200a098a:	8d59                	or	a0,a0,a4
200a098c:	c388                	sw	a0,0(a5)
200a098e:	8082                	ret

200a0990 <HSADC_SoftwareStartConvCmd>:
200a0990:	400177b7          	lui	a5,0x40017
200a0994:	40078793          	addi	a5,a5,1024 # 40017400 <USBSS_EP2_Tx_Th0_Buf+0x1fef7400>
200a0998:	43d8                	lw	a4,4(a5)
200a099a:	c509                	beqz	a0,200a09a4 <HSADC_SoftwareStartConvCmd+0x14>
200a099c:	00176713          	ori	a4,a4,1
200a09a0:	c3d8                	sw	a4,4(a5)
200a09a2:	8082                	ret
200a09a4:	9b79                	andi	a4,a4,-2
200a09a6:	bfed                	j	200a09a0 <HSADC_SoftwareStartConvCmd+0x10>

200a09a8 <HSADC_ITConfig>:
200a09a8:	400177b7          	lui	a5,0x40017
200a09ac:	40078793          	addi	a5,a5,1024 # 40017400 <USBSS_EP2_Tx_Th0_Buf+0x1fef7400>
200a09b0:	43d8                	lw	a4,4(a5)
200a09b2:	c581                	beqz	a1,200a09ba <HSADC_ITConfig+0x12>
200a09b4:	8f49                	or	a4,a4,a0
200a09b6:	c3d8                	sw	a4,4(a5)
200a09b8:	8082                	ret
200a09ba:	40a77533          	andn	a0,a4,a0
200a09be:	c3c8                	sw	a0,4(a5)
200a09c0:	8082                	ret

200a09c2 <HSADC_GetITStatus>:
200a09c2:	40017737          	lui	a4,0x40017
200a09c6:	40070713          	addi	a4,a4,1024 # 40017400 <USBSS_EP2_Tx_Th0_Buf+0x1fef7400>
200a09ca:	4354                	lw	a3,4(a4)
200a09cc:	4758                	lw	a4,12(a4)
200a09ce:	87aa                	mv	a5,a0
200a09d0:	8121                	srli	a0,a0,0x8
200a09d2:	8d79                	and	a0,a0,a4
200a09d4:	c501                	beqz	a0,200a09dc <HSADC_GetITStatus+0x1a>
200a09d6:	8ff5                	and	a5,a5,a3
200a09d8:	00f03533          	snez	a0,a5
200a09dc:	8082                	ret

200a09de <HSADC_ClearITPendingBit>:
200a09de:	400177b7          	lui	a5,0x40017
200a09e2:	8121                	srli	a0,a0,0x8
200a09e4:	40078793          	addi	a5,a5,1024 # 40017400 <USBSS_EP2_Tx_Th0_Buf+0x1fef7400>
200a09e8:	c7c8                	sw	a0,12(a5)
200a09ea:	8082                	ret

200a09ec <RCC_GetClocksFreq>:
200a09ec:	400217b7          	lui	a5,0x40021
200a09f0:	43d4                	lw	a3,4(a5)
200a09f2:	4798                	lw	a4,8(a5)
200a09f4:	4621                	li	a2,8
200a09f6:	8ab1                	andi	a3,a3,12
200a09f8:	02c69463          	bne	a3,a2,200a0a20 <RCC_GetClocksFreq+0x34>
200a09fc:	700006b7          	lui	a3,0x70000
200a0a00:	8f75                	and	a4,a4,a3
200a0a02:	50000637          	lui	a2,0x50000
200a0a06:	14c70e63          	beq	a4,a2,200a0b62 <RCC_GetClocksFreq+0x176>
200a0a0a:	02e66063          	bltu	a2,a4,200a0a2a <RCC_GetClocksFreq+0x3e>
200a0a0e:	c71d                	beqz	a4,200a0a3c <RCC_GetClocksFreq+0x50>
200a0a10:	1c9c47b7          	lui	a5,0x1c9c4
200a0a14:	400006b7          	lui	a3,0x40000
200a0a18:	80078793          	addi	a5,a5,-2048 # 1c9c3800 <_data_lma+0x1c99d6c8>
200a0a1c:	06d70763          	beq	a4,a3,200a0a8a <RCC_GetClocksFreq+0x9e>
200a0a20:	017d87b7          	lui	a5,0x17d8
200a0a24:	84078793          	addi	a5,a5,-1984 # 17d7840 <_data_lma+0x17b1708>
200a0a28:	a08d                	j	200a0a8a <RCC_GetClocksFreq+0x9e>
200a0a2a:	60000637          	lui	a2,0x60000
200a0a2e:	10c70b63          	beq	a4,a2,200a0b44 <RCC_GetClocksFreq+0x158>
200a0a32:	077367b7          	lui	a5,0x7736
200a0a36:	94078793          	addi	a5,a5,-1728 # 7735940 <_data_lma+0x770f808>
200a0a3a:	b7cd                	j	200a0a1c <RCC_GetClocksFreq+0x30>
200a0a3c:	4790                	lw	a2,8(a5)
200a0a3e:	4794                	lw	a3,8(a5)
200a0a40:	4798                	lw	a4,8(a5)
200a0a42:	0a000593          	li	a1,160
200a0a46:	0e06f693          	andi	a3,a3,224
200a0a4a:	8321                	srli	a4,a4,0x8
200a0a4c:	03f77713          	andi	a4,a4,63
200a0a50:	8a7d                	andi	a2,a2,31
200a0a52:	0705                	addi	a4,a4,1
200a0a54:	08b69d63          	bne	a3,a1,200a0aee <RCC_GetClocksFreq+0x102>
200a0a58:	1dcd67b7          	lui	a5,0x1dcd6
200a0a5c:	50078793          	addi	a5,a5,1280 # 1dcd6500 <_data_lma+0x1dcb03c8>
200a0a60:	02e7d733          	divu	a4,a5,a4
200a0a64:	200c17b7          	lui	a5,0x200c1
200a0a68:	c6078793          	addi	a5,a5,-928 # 200c0c60 <PLLMULTable>
200a0a6c:	97b2                	add	a5,a5,a2
200a0a6e:	239c                	lbu	a5,0(a5)
200a0a70:	4691                	li	a3,4
200a0a72:	02e787b3          	mul	a5,a5,a4
200a0a76:	00d60963          	beq	a2,a3,200a0a88 <RCC_GetClocksFreq+0x9c>
200a0a7a:	6685                	lui	a3,0x1
200a0a7c:	54068693          	addi	a3,a3,1344 # 1540 <__stack_size+0xd40>
200a0a80:	00c6d6b3          	srl	a3,a3,a2
200a0a84:	8a85                	andi	a3,a3,1
200a0a86:	c291                	beqz	a3,200a0a8a <RCC_GetClocksFreq+0x9e>
200a0a88:	8385                	srli	a5,a5,0x1
200a0a8a:	c11c                	sw	a5,0(a0)
200a0a8c:	40021637          	lui	a2,0x40021
200a0a90:	4254                	lw	a3,4(a2)
200a0a92:	200c1737          	lui	a4,0x200c1
200a0a96:	c5070713          	addi	a4,a4,-944 # 200c0c50 <HBPrescTable>
200a0a9a:	8291                	srli	a3,a3,0x4
200a0a9c:	8abd                	andi	a3,a3,15
200a0a9e:	9736                	add	a4,a4,a3
200a0aa0:	2318                	lbu	a4,0(a4)
200a0aa2:	81018693          	addi	a3,gp,-2032 # 200c1020 <FPRETable>
200a0aa6:	00e7d7b3          	srl	a5,a5,a4
200a0aaa:	4258                	lw	a4,4(a2)
200a0aac:	6641                	lui	a2,0x10
200a0aae:	8341                	srli	a4,a4,0x10
200a0ab0:	8b0d                	andi	a4,a4,3
200a0ab2:	9736                	add	a4,a4,a3
200a0ab4:	2318                	lbu	a4,0(a4)
200a0ab6:	e000f6b7          	lui	a3,0xe000f
200a0aba:	00e7d733          	srl	a4,a5,a4
200a0abe:	c158                	sw	a4,4(a0)
200a0ac0:	d106a683          	lw	a3,-752(a3) # e000ed10 <USBSS_EP2_Tx_Th0_Buf+0xbfeeed10>
200a0ac4:	8ef1                	and	a3,a3,a2
200a0ac6:	e291                	bnez	a3,200a0aca <RCC_GetClocksFreq+0xde>
200a0ac8:	87ba                	mv	a5,a4
200a0aca:	c51c                	sw	a5,8(a0)
200a0acc:	40021637          	lui	a2,0x40021
200a0ad0:	425c                	lw	a5,4(a2)
200a0ad2:	0807dd63          	bgez	a5,200a0b6c <RCC_GetClocksFreq+0x180>
200a0ad6:	425c                	lw	a5,4(a2)
200a0ad8:	1c9c4737          	lui	a4,0x1c9c4
200a0adc:	80070713          	addi	a4,a4,-2048 # 1c9c3800 <_data_lma+0x1c99d6c8>
200a0ae0:	83ad                	srli	a5,a5,0xb
200a0ae2:	8bfd                	andi	a5,a5,31
200a0ae4:	0795                	addi	a5,a5,5
200a0ae6:	02f75733          	divu	a4,a4,a5
200a0aea:	c558                	sw	a4,12(a0)
200a0aec:	8082                	ret
200a0aee:	0e000593          	li	a1,224
200a0af2:	02b69263          	bne	a3,a1,200a0b16 <RCC_GetClocksFreq+0x12a>
200a0af6:	5bd4                	lw	a3,52(a5)
200a0af8:	200c17b7          	lui	a5,0x200c1
200a0afc:	c4078793          	addi	a5,a5,-960 # 200c0c40 <SERDESPLLMULTable>
200a0b00:	82c1                	srli	a3,a3,0x10
200a0b02:	97b6                	add	a5,a5,a3
200a0b04:	239c                	lbu	a5,0(a5)
200a0b06:	017d86b7          	lui	a3,0x17d8
200a0b0a:	84068693          	addi	a3,a3,-1984 # 17d7840 <_data_lma+0x17b1708>
200a0b0e:	02d787b3          	mul	a5,a5,a3
200a0b12:	8385                	srli	a5,a5,0x1
200a0b14:	b7b1                	j	200a0a60 <RCC_GetClocksFreq+0x74>
200a0b16:	08000793          	li	a5,128
200a0b1a:	00f69763          	bne	a3,a5,200a0b28 <RCC_GetClocksFreq+0x13c>
200a0b1e:	1c9c47b7          	lui	a5,0x1c9c4
200a0b22:	80078793          	addi	a5,a5,-2048 # 1c9c3800 <_data_lma+0x1c99d6c8>
200a0b26:	bf2d                	j	200a0a60 <RCC_GetClocksFreq+0x74>
200a0b28:	0c000793          	li	a5,192
200a0b2c:	00f69763          	bne	a3,a5,200a0b3a <RCC_GetClocksFreq+0x14e>
200a0b30:	077367b7          	lui	a5,0x7736
200a0b34:	94078793          	addi	a5,a5,-1728 # 7735940 <_data_lma+0x770f808>
200a0b38:	b725                	j	200a0a60 <RCC_GetClocksFreq+0x74>
200a0b3a:	017d87b7          	lui	a5,0x17d8
200a0b3e:	84078793          	addi	a5,a5,-1984 # 17d7840 <_data_lma+0x17b1708>
200a0b42:	bf39                	j	200a0a60 <RCC_GetClocksFreq+0x74>
200a0b44:	5bd8                	lw	a4,52(a5)
200a0b46:	200c17b7          	lui	a5,0x200c1
200a0b4a:	c4078793          	addi	a5,a5,-960 # 200c0c40 <SERDESPLLMULTable>
200a0b4e:	8341                	srli	a4,a4,0x10
200a0b50:	97ba                	add	a5,a5,a4
200a0b52:	239c                	lbu	a5,0(a5)
200a0b54:	017d8737          	lui	a4,0x17d8
200a0b58:	84070713          	addi	a4,a4,-1984 # 17d7840 <_data_lma+0x17b1708>
200a0b5c:	02e787b3          	mul	a5,a5,a4
200a0b60:	b725                	j	200a0a88 <RCC_GetClocksFreq+0x9c>
200a0b62:	1dcd67b7          	lui	a5,0x1dcd6
200a0b66:	50078793          	addi	a5,a5,1280 # 1dcd6500 <_data_lma+0x1dcb03c8>
200a0b6a:	b705                	j	200a0a8a <RCC_GetClocksFreq+0x9e>
200a0b6c:	4254                	lw	a3,4(a2)
200a0b6e:	200c17b7          	lui	a5,0x200c1
200a0b72:	01878793          	addi	a5,a5,24 # 200c1018 <PPRE2Table>
200a0b76:	82ad                	srli	a3,a3,0xb
200a0b78:	8a9d                	andi	a3,a3,7
200a0b7a:	97b6                	add	a5,a5,a3
200a0b7c:	238c                	lbu	a1,0(a5)
200a0b7e:	425c                	lw	a5,4(a2)
200a0b80:	200c16b7          	lui	a3,0x200c1
200a0b84:	01468693          	addi	a3,a3,20 # 200c1014 <ADCPRETable>
200a0b88:	83b9                	srli	a5,a5,0xe
200a0b8a:	8b8d                	andi	a5,a5,3
200a0b8c:	97b6                	add	a5,a5,a3
200a0b8e:	239c                	lbu	a5,0(a5)
200a0b90:	00b75733          	srl	a4,a4,a1
200a0b94:	bf89                	j	200a0ae6 <RCC_GetClocksFreq+0xfa>

200a0b96 <RCC_HBPeriphClockCmd>:
200a0b96:	c599                	beqz	a1,200a0ba4 <RCC_HBPeriphClockCmd+0xe>
200a0b98:	40021737          	lui	a4,0x40021
200a0b9c:	4f1c                	lw	a5,24(a4)
200a0b9e:	8fc9                	or	a5,a5,a0
200a0ba0:	cf1c                	sw	a5,24(a4)
200a0ba2:	8082                	ret
200a0ba4:	400217b7          	lui	a5,0x40021
200a0ba8:	4f98                	lw	a4,24(a5)
200a0baa:	40a77533          	andn	a0,a4,a0
200a0bae:	cf88                	sw	a0,24(a5)
200a0bb0:	8082                	ret

200a0bb2 <RCC_HB2PeriphClockCmd>:
200a0bb2:	c599                	beqz	a1,200a0bc0 <RCC_HB2PeriphClockCmd+0xe>
200a0bb4:	40021737          	lui	a4,0x40021
200a0bb8:	4f5c                	lw	a5,28(a4)
200a0bba:	8fc9                	or	a5,a5,a0
200a0bbc:	cf5c                	sw	a5,28(a4)
200a0bbe:	8082                	ret
200a0bc0:	400217b7          	lui	a5,0x40021
200a0bc4:	4fd8                	lw	a4,28(a5)
200a0bc6:	40a77533          	andn	a0,a4,a0
200a0bca:	cfc8                	sw	a0,28(a5)
200a0bcc:	8082                	ret

200a0bce <RCC_HB1PeriphClockCmd>:
200a0bce:	c599                	beqz	a1,200a0bdc <RCC_HB1PeriphClockCmd+0xe>
200a0bd0:	40021737          	lui	a4,0x40021
200a0bd4:	531c                	lw	a5,32(a4)
200a0bd6:	8fc9                	or	a5,a5,a0
200a0bd8:	d31c                	sw	a5,32(a4)
200a0bda:	8082                	ret
200a0bdc:	400217b7          	lui	a5,0x40021
200a0be0:	5398                	lw	a4,32(a5)
200a0be2:	40a77533          	andn	a0,a4,a0
200a0be6:	d388                	sw	a0,32(a5)
200a0be8:	8082                	ret

200a0bea <RCC_HBPeriphResetCmd>:
200a0bea:	c599                	beqz	a1,200a0bf8 <RCC_HBPeriphResetCmd+0xe>
200a0bec:	40021737          	lui	a4,0x40021
200a0bf0:	575c                	lw	a5,44(a4)
200a0bf2:	8fc9                	or	a5,a5,a0
200a0bf4:	d75c                	sw	a5,44(a4)
200a0bf6:	8082                	ret
200a0bf8:	400217b7          	lui	a5,0x40021
200a0bfc:	57d8                	lw	a4,44(a5)
200a0bfe:	40a77533          	andn	a0,a4,a0
200a0c02:	d7c8                	sw	a0,44(a5)
200a0c04:	8082                	ret

200a0c06 <RCC_HB2PeriphResetCmd>:
200a0c06:	c599                	beqz	a1,200a0c14 <RCC_HB2PeriphResetCmd+0xe>
200a0c08:	40021737          	lui	a4,0x40021
200a0c0c:	4b1c                	lw	a5,16(a4)
200a0c0e:	8fc9                	or	a5,a5,a0
200a0c10:	cb1c                	sw	a5,16(a4)
200a0c12:	8082                	ret
200a0c14:	400217b7          	lui	a5,0x40021
200a0c18:	4b98                	lw	a4,16(a5)
200a0c1a:	40a77533          	andn	a0,a4,a0
200a0c1e:	cb88                	sw	a0,16(a5)
200a0c20:	8082                	ret

200a0c22 <RCC_USBHS_PLLCmd>:
200a0c22:	40021737          	lui	a4,0x40021
200a0c26:	431c                	lw	a5,0(a4)
200a0c28:	c509                	beqz	a0,200a0c32 <RCC_USBHS_PLLCmd+0x10>
200a0c2a:	29479793          	bseti	a5,a5,0x14
200a0c2e:	c31c                	sw	a5,0(a4)
200a0c30:	8082                	ret
200a0c32:	49479793          	bclri	a5,a5,0x14
200a0c36:	bfe5                	j	200a0c2e <RCC_USBHS_PLLCmd+0xc>

200a0c38 <RCC_USBSS_PLLCmd>:
200a0c38:	40021737          	lui	a4,0x40021
200a0c3c:	431c                	lw	a5,0(a4)
200a0c3e:	c509                	beqz	a0,200a0c48 <RCC_USBSS_PLLCmd+0x10>
200a0c40:	29679793          	bseti	a5,a5,0x16
200a0c44:	c31c                	sw	a5,0(a4)
200a0c46:	8082                	ret
200a0c48:	49679793          	bclri	a5,a5,0x16
200a0c4c:	bfe5                	j	200a0c44 <RCC_USBSS_PLLCmd+0xc>

200a0c4e <RCC_PIPECmd>:
200a0c4e:	40021737          	lui	a4,0x40021
200a0c52:	435c                	lw	a5,4(a4)
200a0c54:	c509                	beqz	a0,200a0c5e <RCC_PIPECmd+0x10>
200a0c56:	29679793          	bseti	a5,a5,0x16
200a0c5a:	c35c                	sw	a5,4(a4)
200a0c5c:	8082                	ret
200a0c5e:	49679793          	bclri	a5,a5,0x16
200a0c62:	bfe5                	j	200a0c5a <RCC_PIPECmd+0xc>

200a0c64 <RCC_UTMIcmd>:
200a0c64:	40021737          	lui	a4,0x40021
200a0c68:	435c                	lw	a5,4(a4)
200a0c6a:	c509                	beqz	a0,200a0c74 <RCC_UTMIcmd+0x10>
200a0c6c:	29779793          	bseti	a5,a5,0x17
200a0c70:	c35c                	sw	a5,4(a4)
200a0c72:	8082                	ret
200a0c74:	49779793          	bclri	a5,a5,0x17
200a0c78:	bfe5                	j	200a0c70 <RCC_UTMIcmd+0xc>

200a0c7a <RCC_HSADCCLKConfig>:
200a0c7a:	400217b7          	lui	a5,0x40021
200a0c7e:	5b98                	lw	a4,48(a5)
200a0c80:	d00006b7          	lui	a3,0xd0000
200a0c84:	16fd                	addi	a3,a3,-1 # cfffffff <USBSS_EP2_Tx_Th0_Buf+0xafedffff>
200a0c86:	8f75                	and	a4,a4,a3
200a0c88:	db98                	sw	a4,48(a5)
200a0c8a:	5b98                	lw	a4,48(a5)
200a0c8c:	0572                	slli	a0,a0,0x1c
200a0c8e:	8d59                	or	a0,a0,a4
200a0c90:	db88                	sw	a0,48(a5)
200a0c92:	8082                	ret

200a0c94 <RCC_USBHSPLLCLKConfig>:
200a0c94:	400217b7          	lui	a5,0x40021
200a0c98:	5bd8                	lw	a4,52(a5)
200a0c9a:	9b71                	andi	a4,a4,-4
200a0c9c:	dbd8                	sw	a4,52(a5)
200a0c9e:	5bd8                	lw	a4,52(a5)
200a0ca0:	8f49                	or	a4,a4,a0
200a0ca2:	dbd8                	sw	a4,52(a5)
200a0ca4:	8082                	ret

200a0ca6 <RCC_USBHSPLLReferConfig>:
200a0ca6:	400217b7          	lui	a5,0x40021
200a0caa:	5bd8                	lw	a4,52(a5)
200a0cac:	9b4d                	andi	a4,a4,-13
200a0cae:	dbd8                	sw	a4,52(a5)
200a0cb0:	5bd8                	lw	a4,52(a5)
200a0cb2:	8f49                	or	a4,a4,a0
200a0cb4:	dbd8                	sw	a4,52(a5)
200a0cb6:	8082                	ret

200a0cb8 <RCC_USBHSPLLClockSourceDivConfig>:
200a0cb8:	400217b7          	lui	a5,0x40021
200a0cbc:	5bd8                	lw	a4,52(a5)
200a0cbe:	76f9                	lui	a3,0xffffe
200a0cc0:	0ff68693          	addi	a3,a3,255 # ffffe0ff <USBSS_EP2_Tx_Th0_Buf+0xdfede0ff>
200a0cc4:	8f75                	and	a4,a4,a3
200a0cc6:	dbd8                	sw	a4,52(a5)
200a0cc8:	5bd8                	lw	a4,52(a5)
200a0cca:	8f49                	or	a4,a4,a0
200a0ccc:	dbd8                	sw	a4,52(a5)
200a0cce:	8082                	ret

200a0cd0 <TIM_TimeBaseInit>:
200a0cd0:	400137b7          	lui	a5,0x40013
200a0cd4:	c0078613          	addi	a2,a5,-1024 # 40012c00 <USBSS_EP2_Tx_Th0_Buf+0x1fef2c00>
200a0cd8:	21d6                	lhu	a3,4(a1)
200a0cda:	219a                	lhu	a4,0(a1)
200a0cdc:	02c50d63          	beq	a0,a2,200a0d16 <TIM_TimeBaseInit+0x46>
200a0ce0:	40078793          	addi	a5,a5,1024
200a0ce4:	02f50963          	beq	a0,a5,200a0d16 <TIM_TimeBaseInit+0x46>
200a0ce8:	400007b7          	lui	a5,0x40000
200a0cec:	02f50563          	beq	a0,a5,200a0d16 <TIM_TimeBaseInit+0x46>
200a0cf0:	40078793          	addi	a5,a5,1024 # 40000400 <USBSS_EP2_Tx_Th0_Buf+0x1fee0400>
200a0cf4:	02f50163          	beq	a0,a5,200a0d16 <TIM_TimeBaseInit+0x46>
200a0cf8:	400017b7          	lui	a5,0x40001
200a0cfc:	80078613          	addi	a2,a5,-2048 # 40000800 <USBSS_EP2_Tx_Th0_Buf+0x1fee0800>
200a0d00:	00c50b63          	beq	a0,a2,200a0d16 <TIM_TimeBaseInit+0x46>
200a0d04:	c0078793          	addi	a5,a5,-1024
200a0d08:	00f50763          	beq	a0,a5,200a0d16 <TIM_TimeBaseInit+0x46>
200a0d0c:	b556                	sh	a3,44(a0)
200a0d0e:	b51a                	sh	a4,40(a0)
200a0d10:	4785                	li	a5,1
200a0d12:	a95e                	sh	a5,20(a0)
200a0d14:	8082                	ret
200a0d16:	211e                	lhu	a5,0(a0)
200a0d18:	21b2                	lhu	a2,2(a1)
200a0d1a:	0807c7b3          	zext.h	a5,a5
200a0d1e:	f8f7f793          	andi	a5,a5,-113
200a0d22:	8fd1                	or	a5,a5,a2
200a0d24:	21f2                	lhu	a2,6(a1)
200a0d26:	cff7f793          	andi	a5,a5,-769
200a0d2a:	8fd1                	or	a5,a5,a2
200a0d2c:	a11e                	sh	a5,0(a0)
200a0d2e:	b556                	sh	a3,44(a0)
200a0d30:	400137b7          	lui	a5,0x40013
200a0d34:	b51a                	sh	a4,40(a0)
200a0d36:	c0078713          	addi	a4,a5,-1024 # 40012c00 <USBSS_EP2_Tx_Th0_Buf+0x1fef2c00>
200a0d3a:	00e50663          	beq	a0,a4,200a0d46 <TIM_TimeBaseInit+0x76>
200a0d3e:	40078793          	addi	a5,a5,1024
200a0d42:	fcf517e3          	bne	a0,a5,200a0d10 <TIM_TimeBaseInit+0x40>
200a0d46:	259c                	lbu	a5,8(a1)
200a0d48:	b91e                	sh	a5,48(a0)
200a0d4a:	b7d9                	j	200a0d10 <TIM_TimeBaseInit+0x40>

200a0d4c <TIM_Cmd>:
200a0d4c:	211e                	lhu	a5,0(a0)
200a0d4e:	c589                	beqz	a1,200a0d58 <TIM_Cmd+0xc>
200a0d50:	0017e793          	ori	a5,a5,1
200a0d54:	a11e                	sh	a5,0(a0)
200a0d56:	8082                	ret
200a0d58:	0807c7b3          	zext.h	a5,a5
200a0d5c:	9bf9                	andi	a5,a5,-2
200a0d5e:	0807c7b3          	zext.h	a5,a5
200a0d62:	bfcd                	j	200a0d54 <TIM_Cmd+0x8>

200a0d64 <TIM_ITConfig>:
200a0d64:	255e                	lhu	a5,12(a0)
200a0d66:	c601                	beqz	a2,200a0d6e <TIM_ITConfig+0xa>
200a0d68:	8fcd                	or	a5,a5,a1
200a0d6a:	a55e                	sh	a5,12(a0)
200a0d6c:	8082                	ret
200a0d6e:	40b7f5b3          	andn	a1,a5,a1
200a0d72:	a54e                	sh	a1,12(a0)
200a0d74:	8082                	ret

200a0d76 <TIM_GetITStatus>:
200a0d76:	291e                	lhu	a5,16(a0)
200a0d78:	254a                	lhu	a0,12(a0)
200a0d7a:	8fed                	and	a5,a5,a1
200a0d7c:	08054533          	zext.h	a0,a0
200a0d80:	c789                	beqz	a5,200a0d8a <TIM_GetITStatus+0x14>
200a0d82:	8d6d                	and	a0,a0,a1
200a0d84:	00a03533          	snez	a0,a0
200a0d88:	8082                	ret
200a0d8a:	4501                	li	a0,0
200a0d8c:	8082                	ret

200a0d8e <TIM_ClearITPendingBit>:
200a0d8e:	fff5c593          	not	a1,a1
200a0d92:	0805c5b3          	zext.h	a1,a1
200a0d96:	a90e                	sh	a1,16(a0)
200a0d98:	8082                	ret

200a0d9a <TIM9_12_TimeBaseInit>:
200a0d9a:	211e                	lhu	a5,0(a0)
200a0d9c:	21ba                	lhu	a4,2(a1)
200a0d9e:	0807c7b3          	zext.h	a5,a5
200a0da2:	f8f7f793          	andi	a5,a5,-113
200a0da6:	8fd9                	or	a5,a5,a4
200a0da8:	259a                	lhu	a4,8(a1)
200a0daa:	cff7f793          	andi	a5,a5,-769
200a0dae:	8fd9                	or	a5,a5,a4
200a0db0:	a11e                	sh	a5,0(a0)
200a0db2:	41dc                	lw	a5,4(a1)
200a0db4:	d55c                	sw	a5,44(a0)
200a0db6:	219e                	lhu	a5,0(a1)
200a0db8:	b51e                	sh	a5,40(a0)
200a0dba:	4785                	li	a5,1
200a0dbc:	a95e                	sh	a5,20(a0)
200a0dbe:	8082                	ret

200a0dc0 <USART_Init>:
200a0dc0:	cc4ff2ef          	jal	t0,200a0284 <__riscv_save_0>
200a0dc4:	291a                	lhu	a4,16(a0)
200a0dc6:	77f5                	lui	a5,0xffffd
200a0dc8:	17fd                	addi	a5,a5,-1 # ffffcfff <USBSS_EP2_Tx_Th0_Buf+0xdfedcfff>
200a0dca:	8f7d                	and	a4,a4,a5
200a0dcc:	21fe                	lhu	a5,6(a1)
200a0dce:	2596                	lhu	a3,8(a1)
200a0dd0:	1141                	addi	sp,sp,-16
200a0dd2:	8fd9                	or	a5,a5,a4
200a0dd4:	a91e                	sh	a5,16(a0)
200a0dd6:	21de                	lhu	a5,4(a1)
200a0dd8:	255a                	lhu	a4,12(a0)
200a0dda:	842a                	mv	s0,a0
200a0ddc:	8fd5                	or	a5,a5,a3
200a0dde:	25b6                	lhu	a3,10(a1)
200a0de0:	84ae                	mv	s1,a1
200a0de2:	8fd5                	or	a5,a5,a3
200a0de4:	668d                	lui	a3,0x3
200a0de6:	9f368693          	addi	a3,a3,-1549 # 29f3 <__stack_size+0x21f3>
200a0dea:	8f75                	and	a4,a4,a3
200a0dec:	8fd9                	or	a5,a5,a4
200a0dee:	a55e                	sh	a5,12(a0)
200a0df0:	295e                	lhu	a5,20(a0)
200a0df2:	25da                	lhu	a4,12(a1)
200a0df4:	0807c7b3          	zext.h	a5,a5
200a0df8:	cff7f793          	andi	a5,a5,-769
200a0dfc:	8fd9                	or	a5,a5,a4
200a0dfe:	a95e                	sh	a5,20(a0)
200a0e00:	850a                	mv	a0,sp
200a0e02:	36ed                	jal	200a09ec <RCC_GetClocksFreq>
200a0e04:	4792                	lw	a5,4(sp)
200a0e06:	4565                	li	a0,25
200a0e08:	4090                	lw	a2,0(s1)
200a0e0a:	02f535b3          	mulhu	a1,a0,a5
200a0e0e:	4681                	li	a3,0
200a0e10:	060a                	slli	a2,a2,0x2
200a0e12:	02f50533          	mul	a0,a0,a5
200a0e16:	330030ef          	jal	ra,200a4146 <__udivdi3>
200a0e1a:	06400693          	li	a3,100
200a0e1e:	02d557b3          	divu	a5,a0,a3
200a0e22:	63f00613          	li	a2,1599
200a0e26:	00479713          	slli	a4,a5,0x4
200a0e2a:	02d577b3          	remu	a5,a0,a3
200a0e2e:	0792                	slli	a5,a5,0x4
200a0e30:	03278793          	addi	a5,a5,50
200a0e34:	00f67a63          	bgeu	a2,a5,200a0e48 <USART_Init+0x88>
200a0e38:	01070793          	addi	a5,a4,16 # 40021010 <USBSS_EP2_Tx_Th0_Buf+0x1ff01010>
200a0e3c:	0807c7b3          	zext.h	a5,a5
200a0e40:	a41e                	sh	a5,8(s0)
200a0e42:	0141                	addi	sp,sp,16
200a0e44:	c64ff06f          	j	200a02a8 <__riscv_restore_0>
200a0e48:	02d7d7b3          	divu	a5,a5,a3
200a0e4c:	8fd9                	or	a5,a5,a4
200a0e4e:	b7fd                	j	200a0e3c <USART_Init+0x7c>

200a0e50 <USART_Cmd>:
200a0e50:	255e                	lhu	a5,12(a0)
200a0e52:	c589                	beqz	a1,200a0e5c <USART_Cmd+0xc>
200a0e54:	28d79793          	bseti	a5,a5,0xd
200a0e58:	a55e                	sh	a5,12(a0)
200a0e5a:	8082                	ret
200a0e5c:	7779                	lui	a4,0xffffe
200a0e5e:	177d                	addi	a4,a4,-1 # ffffdfff <USBSS_EP2_Tx_Th0_Buf+0xdfeddfff>
200a0e60:	8ff9                	and	a5,a5,a4
200a0e62:	bfdd                	j	200a0e58 <USART_Cmd+0x8>

200a0e64 <USART_SendData>:
200a0e64:	1ff5f593          	andi	a1,a1,511
200a0e68:	a14e                	sh	a1,4(a0)
200a0e6a:	8082                	ret

200a0e6c <USART_GetFlagStatus>:
200a0e6c:	210a                	lhu	a0,0(a0)
200a0e6e:	8d6d                	and	a0,a0,a1
200a0e70:	00a03533          	snez	a0,a0
200a0e74:	8082                	ret

200a0e76 <Delay_Init>:
200a0e76:	8381a783          	lw	a5,-1992(gp) # 200c1048 <HCLKClock>
200a0e7a:	000f4737          	lui	a4,0xf4
200a0e7e:	24070713          	addi	a4,a4,576 # f4240 <_data_lma+0xce108>
200a0e82:	02e7d7b3          	divu	a5,a5,a4
200a0e86:	84f19023          	sh	a5,-1984(gp) # 200c1050 <p_us>
200a0e8a:	3e800713          	li	a4,1000
200a0e8e:	02e787b3          	mul	a5,a5,a4
200a0e92:	82f1ae23          	sw	a5,-1988(gp) # 200c104c <p_ms>
200a0e96:	8082                	ret

200a0e98 <Delay_Us>:
200a0e98:	e000f7b7          	lui	a5,0xe000f
200a0e9c:	43d8                	lw	a4,4(a5)
200a0e9e:	9b75                	andi	a4,a4,-3
200a0ea0:	c3d8                	sw	a4,4(a5)
200a0ea2:	8401d703          	lhu	a4,-1984(gp) # 200c1050 <p_us>
200a0ea6:	08078793          	addi	a5,a5,128 # e000f080 <USBSS_EP2_Tx_Th0_Buf+0xbfeef080>
200a0eaa:	0007a423          	sw	zero,8(a5)
200a0eae:	02a70733          	mul	a4,a4,a0
200a0eb2:	cb98                	sw	a4,16(a5)
200a0eb4:	4711                	li	a4,4
200a0eb6:	c398                	sw	a4,0(a5)
200a0eb8:	4398                	lw	a4,0(a5)
200a0eba:	00176713          	ori	a4,a4,1
200a0ebe:	c398                	sw	a4,0(a5)
200a0ec0:	e000f7b7          	lui	a5,0xe000f
200a0ec4:	43d8                	lw	a4,4(a5)
200a0ec6:	8b09                	andi	a4,a4,2
200a0ec8:	df75                	beqz	a4,200a0ec4 <Delay_Us+0x2c>
200a0eca:	08078793          	addi	a5,a5,128 # e000f080 <USBSS_EP2_Tx_Th0_Buf+0xbfeef080>
200a0ece:	4398                	lw	a4,0(a5)
200a0ed0:	9b79                	andi	a4,a4,-2
200a0ed2:	c398                	sw	a4,0(a5)
200a0ed4:	8082                	ret

200a0ed6 <Delay_Ms>:
200a0ed6:	e000f7b7          	lui	a5,0xe000f
200a0eda:	43d8                	lw	a4,4(a5)
200a0edc:	9b75                	andi	a4,a4,-3
200a0ede:	c3d8                	sw	a4,4(a5)
200a0ee0:	83c1a703          	lw	a4,-1988(gp) # 200c104c <p_ms>
200a0ee4:	08078793          	addi	a5,a5,128 # e000f080 <USBSS_EP2_Tx_Th0_Buf+0xbfeef080>
200a0ee8:	0007a423          	sw	zero,8(a5)
200a0eec:	02e50533          	mul	a0,a0,a4
200a0ef0:	4711                	li	a4,4
200a0ef2:	cb88                	sw	a0,16(a5)
200a0ef4:	c398                	sw	a4,0(a5)
200a0ef6:	4398                	lw	a4,0(a5)
200a0ef8:	00176713          	ori	a4,a4,1
200a0efc:	c398                	sw	a4,0(a5)
200a0efe:	e000f7b7          	lui	a5,0xe000f
200a0f02:	43d8                	lw	a4,4(a5)
200a0f04:	8b09                	andi	a4,a4,2
200a0f06:	df75                	beqz	a4,200a0f02 <Delay_Ms+0x2c>
200a0f08:	08078793          	addi	a5,a5,128 # e000f080 <USBSS_EP2_Tx_Th0_Buf+0xbfeef080>
200a0f0c:	4398                	lw	a4,0(a5)
200a0f0e:	9b79                	andi	a4,a4,-2
200a0f10:	c398                	sw	a4,0(a5)
200a0f12:	8082                	ret

200a0f14 <USART_Printf_Init>:
200a0f14:	b70ff2ef          	jal	t0,200a0284 <__riscv_save_0>
200a0f18:	842a                	mv	s0,a0
200a0f1a:	6511                	lui	a0,0x4
200a0f1c:	1101                	addi	sp,sp,-32
200a0f1e:	4585                	li	a1,1
200a0f20:	0515                	addi	a0,a0,5 # 4005 <__stack_size+0x3805>
200a0f22:	3941                	jal	200a0bb2 <RCC_HB2PeriphClockCmd>
200a0f24:	400114b7          	lui	s1,0x40011
200a0f28:	461d                	li	a2,7
200a0f2a:	80048513          	addi	a0,s1,-2048 # 40010800 <USBSS_EP2_Tx_Th0_Buf+0x1fef0800>
200a0f2e:	45a5                	li	a1,9
200a0f30:	801ff0ef          	jal	ra,200a0730 <GPIO_PinAFConfig>
200a0f34:	20000793          	li	a5,512
200a0f38:	827c                	sh	a5,4(sp)
200a0f3a:	478d                	li	a5,3
200a0f3c:	c43e                	sw	a5,8(sp)
200a0f3e:	004c                	addi	a1,sp,4
200a0f40:	47e1                	li	a5,24
200a0f42:	80048513          	addi	a0,s1,-2048
200a0f46:	c63e                	sw	a5,12(sp)
200a0f48:	e9aff0ef          	jal	ra,200a05e2 <GPIO_Init>
200a0f4c:	c822                	sw	s0,16(sp)
200a0f4e:	40014437          	lui	s0,0x40014
200a0f52:	000807b7          	lui	a5,0x80
200a0f56:	080c                	addi	a1,sp,16
200a0f58:	80040513          	addi	a0,s0,-2048 # 40013800 <USBSS_EP2_Tx_Th0_Buf+0x1fef3800>
200a0f5c:	cc3e                	sw	a5,24(sp)
200a0f5e:	ca02                	sw	zero,20(sp)
200a0f60:	00011e23          	sh	zero,28(sp)
200a0f64:	3db1                	jal	200a0dc0 <USART_Init>
200a0f66:	4585                	li	a1,1
200a0f68:	80040513          	addi	a0,s0,-2048
200a0f6c:	35d5                	jal	200a0e50 <USART_Cmd>
200a0f6e:	6105                	addi	sp,sp,32
200a0f70:	b38ff06f          	j	200a02a8 <__riscv_restore_0>

200a0f74 <_write>:
200a0f74:	af6ff2ef          	jal	t0,200a026a <__riscv_save_4>
200a0f78:	40014937          	lui	s2,0x40014
200a0f7c:	89ae                	mv	s3,a1
200a0f7e:	8432                	mv	s0,a2
200a0f80:	4481                	li	s1,0
200a0f82:	80090913          	addi	s2,s2,-2048 # 40013800 <USBSS_EP2_Tx_Th0_Buf+0x1fef3800>
200a0f86:	0084c563          	blt	s1,s0,200a0f90 <_write+0x1c>
200a0f8a:	8522                	mv	a0,s0
200a0f8c:	b12ff06f          	j	200a029e <__riscv_restore_4>
200a0f90:	04000593          	li	a1,64
200a0f94:	854a                	mv	a0,s2
200a0f96:	3dd9                	jal	200a0e6c <USART_GetFlagStatus>
200a0f98:	dd65                	beqz	a0,200a0f90 <_write+0x1c>
200a0f9a:	009987b3          	add	a5,s3,s1
200a0f9e:	00078583          	lb	a1,0(a5) # 80000 <_data_lma+0x59ec8>
200a0fa2:	854a                	mv	a0,s2
200a0fa4:	0485                	addi	s1,s1,1
200a0fa6:	0805c5b3          	zext.h	a1,a1
200a0faa:	3d6d                	jal	200a0e64 <USART_SendData>
200a0fac:	bfe9                	j	200a0f86 <_write+0x12>

200a0fae <_sbrk>:
200a0fae:	87aa                	mv	a5,a0
200a0fb0:	8141a503          	lw	a0,-2028(gp) # 200c1024 <curbrk.0>
200a0fb4:	200d3737          	lui	a4,0x200d3
200a0fb8:	55470713          	addi	a4,a4,1364 # 200d3554 <_ebss>
200a0fbc:	97aa                	add	a5,a5,a0
200a0fbe:	00e7eb63          	bltu	a5,a4,200a0fd4 <_sbrk+0x26>
200a0fc2:	20100737          	lui	a4,0x20100
200a0fc6:	80070713          	addi	a4,a4,-2048 # 200ff800 <_heap_end>
200a0fca:	00f76563          	bltu	a4,a5,200a0fd4 <_sbrk+0x26>
200a0fce:	80f1aa23          	sw	a5,-2028(gp) # 200c1024 <curbrk.0>
200a0fd2:	8082                	ret
200a0fd4:	557d                	li	a0,-1
200a0fd6:	8082                	ret

200a0fd8 <UHSIF_Clock_Set>:
200a0fd8:	aacff2ef          	jal	t0,200a0284 <__riscv_save_0>
200a0fdc:	40021737          	lui	a4,0x40021
200a0fe0:	435c                	lw	a5,4(a4)
200a0fe2:	9bf1                	andi	a5,a5,-4
200a0fe4:	c35c                	sw	a5,4(a4)
200a0fe6:	400217b7          	lui	a5,0x40021
200a0fea:	43d8                	lw	a4,4(a5)
200a0fec:	8b31                	andi	a4,a4,12
200a0fee:	ff75                	bnez	a4,200a0fea <UHSIF_Clock_Set+0x12>
200a0ff0:	4798                	lw	a4,8(a5)
200a0ff2:	76f1                	lui	a3,0xffffc
200a0ff4:	0ff68693          	addi	a3,a3,255 # ffffc0ff <USBSS_EP2_Tx_Th0_Buf+0xdfedc0ff>
200a0ff8:	49f71713          	bclri	a4,a4,0x1f
200a0ffc:	c798                	sw	a4,8(a5)
200a0ffe:	4398                	lw	a4,0(a5)
200a1000:	49871713          	bclri	a4,a4,0x18
200a1004:	c398                	sw	a4,0(a5)
200a1006:	4798                	lw	a4,8(a5)
200a1008:	9b01                	andi	a4,a4,-32
200a100a:	c798                	sw	a4,8(a5)
200a100c:	4798                	lw	a4,8(a5)
200a100e:	8d59                	or	a0,a0,a4
200a1010:	c788                	sw	a0,8(a5)
200a1012:	4798                	lw	a4,8(a5)
200a1014:	8f75                	and	a4,a4,a3
200a1016:	c798                	sw	a4,8(a5)
200a1018:	4798                	lw	a4,8(a5)
200a101a:	020006b7          	lui	a3,0x2000
200a101e:	c798                	sw	a4,8(a5)
200a1020:	4798                	lw	a4,8(a5)
200a1022:	f1f77713          	andi	a4,a4,-225
200a1026:	c798                	sw	a4,8(a5)
200a1028:	4798                	lw	a4,8(a5)
200a102a:	02076713          	ori	a4,a4,32
200a102e:	c798                	sw	a4,8(a5)
200a1030:	4398                	lw	a4,0(a5)
200a1032:	29871713          	bseti	a4,a4,0x18
200a1036:	c398                	sw	a4,0(a5)
200a1038:	400217b7          	lui	a5,0x40021
200a103c:	4398                	lw	a4,0(a5)
200a103e:	8f75                	and	a4,a4,a3
200a1040:	df75                	beqz	a4,200a103c <UHSIF_Clock_Set+0x64>
200a1042:	4798                	lw	a4,8(a5)
200a1044:	400216b7          	lui	a3,0x40021
200a1048:	29f71713          	bseti	a4,a4,0x1f
200a104c:	c798                	sw	a4,8(a5)
200a104e:	43d8                	lw	a4,4(a5)
200a1050:	9b71                	andi	a4,a4,-4
200a1052:	00276713          	ori	a4,a4,2
200a1056:	c3d8                	sw	a4,4(a5)
200a1058:	4721                	li	a4,8
200a105a:	42dc                	lw	a5,4(a3)
200a105c:	8bb1                	andi	a5,a5,12
200a105e:	fee79ee3          	bne	a5,a4,200a105a <UHSIF_Clock_Set+0x82>
200a1062:	ab2ff0ef          	jal	ra,200a0314 <SystemAndCoreClockUpdate>
200a1066:	000e1537          	lui	a0,0xe1
200a106a:	356d                	jal	200a0f14 <USART_Printf_Init>
200a106c:	06400513          	li	a0,100
200a1070:	359d                	jal	200a0ed6 <Delay_Ms>
200a1072:	a36ff06f          	j	200a02a8 <__riscv_restore_0>

200a1076 <Set_Logic_Para_Fun>:
200a1076:	a0eff2ef          	jal	t0,200a0284 <__riscv_save_0>
200a107a:	47bd                	li	a5,15
200a107c:	84aa                	mv	s1,a0
200a107e:	04b7e963          	bltu	a5,a1,200a10d0 <Set_Logic_Para_Fun+0x5a>
200a1082:	200a67b7          	lui	a5,0x200a6
200a1086:	a2c78793          	addi	a5,a5,-1492 # 200a5a2c <CSWTCH.69>
200a108a:	97ae                	add	a5,a5,a1
200a108c:	2380                	lbu	s0,0(a5)
200a108e:	200a67b7          	lui	a5,0x200a6
200a1092:	a1c78793          	addi	a5,a5,-1508 # 200a5a1c <CSWTCH.70>
200a1096:	95be                	add	a1,a1,a5
200a1098:	2188                	lbu	a0,0(a1)
200a109a:	200d27b7          	lui	a5,0x200d2
200a109e:	0a078713          	addi	a4,a5,160 # 200d20a0 <logic_adc_info>
200a10a2:	2734                	lbu	a3,10(a4)
200a10a4:	a320                	sb	s0,2(a4)
200a10a6:	4705                	li	a4,1
200a10a8:	0a078793          	addi	a5,a5,160
200a10ac:	00e69b63          	bne	a3,a4,200a10c2 <Set_Logic_Para_Fun+0x4c>
200a10b0:	4721                	li	a4,8
200a10b2:	02e48263          	beq	s1,a4,200a10d6 <Set_Logic_Para_Fun+0x60>
200a10b6:	4741                	li	a4,16
200a10b8:	00e49463          	bne	s1,a4,200a10c0 <Set_Logic_Para_Fun+0x4a>
200a10bc:	4541                	li	a0,16
200a10be:	444d                	li	s0,19
200a10c0:	a3a0                	sb	s0,2(a5)
200a10c2:	3f19                	jal	200a0fd8 <UHSIF_Clock_Set>
200a10c4:	85a2                	mv	a1,s0
200a10c6:	8526                	mv	a0,s1
200a10c8:	14b000ef          	jal	ra,200a1a12 <UHSIF_Set_Para>
200a10cc:	9dcff06f          	j	200a02a8 <__riscv_restore_0>
200a10d0:	4541                	li	a0,16
200a10d2:	440d                	li	s0,3
200a10d4:	b7d9                	j	200a109a <Set_Logic_Para_Fun+0x24>
200a10d6:	4541                	li	a0,16
200a10d8:	4425                	li	s0,9
200a10da:	b7dd                	j	200a10c0 <Set_Logic_Para_Fun+0x4a>

200a10dc <Dac_Init>:
200a10dc:	9a8ff2ef          	jal	t0,200a0284 <__riscv_save_0>
200a10e0:	1101                	addi	sp,sp,-32
200a10e2:	4585                	li	a1,1
200a10e4:	4511                	li	a0,4
200a10e6:	c202                	sw	zero,4(sp)
200a10e8:	c402                	sw	zero,8(sp)
200a10ea:	c602                	sw	zero,12(sp)
200a10ec:	c802                	sw	zero,16(sp)
200a10ee:	ca02                	sw	zero,20(sp)
200a10f0:	cc02                	sw	zero,24(sp)
200a10f2:	ce02                	sw	zero,28(sp)
200a10f4:	3c7d                	jal	200a0bb2 <RCC_HB2PeriphClockCmd>
200a10f6:	4585                	li	a1,1
200a10f8:	20000537          	lui	a0,0x20000
200a10fc:	3cc9                	jal	200a0bce <RCC_HB1PeriphClockCmd>
200a10fe:	40011537          	lui	a0,0x40011
200a1102:	47c1                	li	a5,16
200a1104:	004c                	addi	a1,sp,4
200a1106:	80050513          	addi	a0,a0,-2048 # 40010800 <USBSS_EP2_Tx_Th0_Buf+0x1fef0800>
200a110a:	827c                	sh	a5,4(sp)
200a110c:	c602                	sw	zero,12(sp)
200a110e:	cd4ff0ef          	jal	ra,200a05e2 <GPIO_Init>
200a1112:	080c                	addi	a1,sp,16
200a1114:	4501                	li	a0,0
200a1116:	c802                	sw	zero,16(sp)
200a1118:	ca02                	sw	zero,20(sp)
200a111a:	cc02                	sw	zero,24(sp)
200a111c:	ce02                	sw	zero,28(sp)
200a111e:	b62ff0ef          	jal	ra,200a0480 <DAC_Init>
200a1122:	4585                	li	a1,1
200a1124:	4501                	li	a0,0
200a1126:	b88ff0ef          	jal	ra,200a04ae <DAC_Cmd>
200a112a:	02200593          	li	a1,34
200a112e:	4501                	li	a0,0
200a1130:	b9cff0ef          	jal	ra,200a04cc <DAC_SetChannel1Data>
200a1134:	6105                	addi	sp,sp,32
200a1136:	972ff06f          	j	200a02a8 <__riscv_restore_0>

200a113a <DAC_OUT>:
200a113a:	85aa                	mv	a1,a0
200a113c:	4501                	li	a0,0
200a113e:	b8eff06f          	j	200a04cc <DAC_SetChannel1Data>

200a1142 <HSADC_Function_Init>:
200a1142:	942ff2ef          	jal	t0,200a0284 <__riscv_save_0>
200a1146:	7139                	addi	sp,sp,-64
200a1148:	02800613          	li	a2,40
200a114c:	4581                	li	a1,0
200a114e:	0828                	addi	a0,sp,24
200a1150:	97aff0ef          	jal	ra,200a02ca <memset>
200a1154:	200d2437          	lui	s0,0x200d2
200a1158:	0a040793          	addi	a5,s0,160 # 200d20a0 <logic_adc_info>
200a115c:	279c                	lbu	a5,8(a5)
200a115e:	c602                	sw	zero,12(sp)
200a1160:	c802                	sw	zero,16(sp)
200a1162:	ca02                	sw	zero,20(sp)
200a1164:	0a040413          	addi	s0,s0,160
200a1168:	e3cd                	bnez	a5,200a120a <HSADC_Function_Init+0xc8>
200a116a:	10000793          	li	a5,256
200a116e:	40012537          	lui	a0,0x40012
200a1172:	006c                	addi	a1,sp,12
200a1174:	c0050513          	addi	a0,a0,-1024 # 40011c00 <USBSS_EP2_Tx_Th0_Buf+0x1fef1c00>
200a1178:	867c                	sh	a5,12(sp)
200a117a:	c68ff0ef          	jal	ra,200a05e2 <GPIO_Init>
200a117e:	00100737          	lui	a4,0x100
200a1182:	070d                	addi	a4,a4,3 # 100003 <_data_lma+0xd9ecb>
200a1184:	d63a                	sw	a4,44(sp)
200a1186:	6711                	lui	a4,0x4
200a1188:	177d                	addi	a4,a4,-1 # 3fff <__stack_size+0x37ff>
200a118a:	02e11823          	sh	a4,48(sp)
200a118e:	3078                	lbu	a4,7(s0)
200a1190:	4785                	li	a5,1
200a1192:	de3e                	sw	a5,60(sp)
200a1194:	d03a                	sw	a4,32(sp)
200a1196:	200ca737          	lui	a4,0x200ca
200a119a:	8a070713          	addi	a4,a4,-1888 # 200c98a0 <ADC_BufA>
200a119e:	da3e                	sw	a5,52(sp)
200a11a0:	d23a                	sw	a4,36(sp)
200a11a2:	dc3e                	sw	a5,56(sp)
200a11a4:	200c1737          	lui	a4,0x200c1
200a11a8:	207c                	lbu	a5,6(s0)
200a11aa:	0a070713          	addi	a4,a4,160 # 200c10a0 <ADC_BufB>
200a11ae:	d43a                	sw	a4,40(sp)
200a11b0:	cc02                	sw	zero,24(sp)
200a11b2:	4721                	li	a4,8
200a11b4:	06e79163          	bne	a5,a4,200a1216 <HSADC_Function_Init+0xd4>
200a11b8:	08000793          	li	a5,128
200a11bc:	ce3e                	sw	a5,28(sp)
200a11be:	0828                	addi	a0,sp,24
200a11c0:	f58ff0ef          	jal	ra,200a0918 <HSADC_Init>
200a11c4:	241c                	lbu	a5,8(s0)
200a11c6:	4511                	li	a0,4
200a11c8:	c789                	beqz	a5,200a11d2 <HSADC_Function_Init+0x90>
200a11ca:	4705                	li	a4,1
200a11cc:	00e79563          	bne	a5,a4,200a11d6 <HSADC_Function_Init+0x94>
200a11d0:	4515                	li	a0,5
200a11d2:	fa6ff0ef          	jal	ra,200a0978 <HSADC_ChannelConfig>
200a11d6:	e000e7b7          	lui	a5,0xe000e
200a11da:	6741                	lui	a4,0x10
200a11dc:	10e7a823          	sw	a4,272(a5) # e000e110 <USBSS_EP2_Tx_Th0_Buf+0xbfeee110>
200a11e0:	4709                	li	a4,2
200a11e2:	48e78823          	sb	a4,1168(a5)
200a11e6:	4585                	li	a1,1
200a11e8:	20000513          	li	a0,512
200a11ec:	fbcff0ef          	jal	ra,200a09a8 <HSADC_ITConfig>
200a11f0:	20040e23          	sb	zero,540(s0)
200a11f4:	20040ea3          	sb	zero,541(s0)
200a11f8:	20040f23          	sb	zero,542(s0)
200a11fc:	000404a3          	sb	zero,9(s0)
200a1200:	20040fa3          	sb	zero,543(s0)
200a1204:	6121                	addi	sp,sp,64
200a1206:	8a2ff06f          	j	200a02a8 <__riscv_restore_0>
200a120a:	4705                	li	a4,1
200a120c:	f6e799e3          	bne	a5,a4,200a117e <HSADC_Function_Init+0x3c>
200a1210:	20000793          	li	a5,512
200a1214:	bfa9                	j	200a116e <HSADC_Function_Init+0x2c>
200a1216:	4729                	li	a4,10
200a1218:	fae793e3          	bne	a5,a4,200a11be <HSADC_Function_Init+0x7c>
200a121c:	ce02                	sw	zero,28(sp)
200a121e:	b745                	j	200a11be <HSADC_Function_Init+0x7c>

200a1220 <HSADC_Function_Start>:
200a1220:	864ff2ef          	jal	t0,200a0284 <__riscv_save_0>
200a1224:	4541                	li	a0,16
200a1226:	3b4d                	jal	200a0fd8 <UHSIF_Clock_Set>
200a1228:	3f29                	jal	200a1142 <HSADC_Function_Init>
200a122a:	4505                	li	a0,1
200a122c:	f34ff0ef          	jal	ra,200a0960 <HSADC_Cmd>
200a1230:	4505                	li	a0,1
200a1232:	f5eff0ef          	jal	ra,200a0990 <HSADC_SoftwareStartConvCmd>
200a1236:	872ff06f          	j	200a02a8 <__riscv_restore_0>

200a123a <HSADC_Function_Stop>:
200a123a:	84aff2ef          	jal	t0,200a0284 <__riscv_save_0>
200a123e:	200d27b7          	lui	a5,0x200d2
200a1242:	0a078793          	addi	a5,a5,160 # 200d20a0 <logic_adc_info>
200a1246:	20078e23          	sb	zero,540(a5)
200a124a:	20078ea3          	sb	zero,541(a5)
200a124e:	4501                	li	a0,0
200a1250:	20078f23          	sb	zero,542(a5)
200a1254:	000784a3          	sb	zero,9(a5)
200a1258:	f08ff0ef          	jal	ra,200a0960 <HSADC_Cmd>
200a125c:	e000e7b7          	lui	a5,0xe000e
200a1260:	6741                	lui	a4,0x10
200a1262:	18e7a823          	sw	a4,400(a5) # e000e190 <USBSS_EP2_Tx_Th0_Buf+0xbfeee190>
200a1266:	0000100f          	fence.i
200a126a:	400177b7          	lui	a5,0x40017
200a126e:	40078793          	addi	a5,a5,1024 # 40017400 <USBSS_EP2_Tx_Th0_Buf+0x1fef7400>
200a1272:	471d                	li	a4,7
200a1274:	c7d8                	sw	a4,12(a5)
200a1276:	4585                	li	a1,1
200a1278:	4509                	li	a0,2
200a127a:	3271                	jal	200a0c06 <RCC_HB2PeriphResetCmd>
200a127c:	4529                	li	a0,10
200a127e:	39a1                	jal	200a0ed6 <Delay_Ms>
200a1280:	4581                	li	a1,0
200a1282:	4509                	li	a0,2
200a1284:	3249                	jal	200a0c06 <RCC_HB2PeriphResetCmd>
200a1286:	822ff06f          	j	200a02a8 <__riscv_restore_0>

200a128a <LOGIC_Para_Init>:
200a128a:	ffbfe2ef          	jal	t0,200a0284 <__riscv_save_0>
200a128e:	1141                	addi	sp,sp,-16
200a1290:	4585                	li	a1,1
200a1292:	4521                	li	a0,8
200a1294:	91fff0ef          	jal	ra,200a0bb2 <RCC_HB2PeriphClockCmd>
200a1298:	200d27b7          	lui	a5,0x200d2
200a129c:	0a078413          	addi	s0,a5,160 # 200d20a0 <logic_adc_info>
200a12a0:	00040523          	sb	zero,10(s0)
200a12a4:	000405a3          	sb	zero,11(s0)
200a12a8:	0a079023          	sh	zero,160(a5)
200a12ac:	400114b7          	lui	s1,0x40011
200a12b0:	47e1                	li	a5,24
200a12b2:	00040623          	sb	zero,12(s0)
200a12b6:	827c                	sh	a5,4(sp)
200a12b8:	4941                	li	s2,16
200a12ba:	478d                	li	a5,3
200a12bc:	004c                	addi	a1,sp,4
200a12be:	c0048513          	addi	a0,s1,-1024 # 40010c00 <USBSS_EP2_Tx_Th0_Buf+0x1fef0c00>
200a12c2:	c43e                	sw	a5,8(sp)
200a12c4:	c64a                	sw	s2,12(sp)
200a12c6:	00040123          	sb	zero,2(s0)
200a12ca:	00042223          	sw	zero,4(s0)
200a12ce:	00041423          	sh	zero,8(s0)
200a12d2:	000406a3          	sb	zero,13(s0)
200a12d6:	b0cff0ef          	jal	ra,200a05e2 <GPIO_Init>
200a12da:	22041023          	sh	zero,544(s0)
200a12de:	22040123          	sb	zero,546(s0)
200a12e2:	c0048493          	addi	s1,s1,-1024
200a12e6:	47a1                	li	a5,8
200a12e8:	c8dc                	sw	a5,20(s1)
200a12ea:	0124a823          	sw	s2,16(s1)
200a12ee:	0141                	addi	sp,sp,16
200a12f0:	fb9fe06f          	j	200a02a8 <__riscv_restore_0>

200a12f4 <LOGIC_ADC_CMD_Process>:
200a12f4:	f91fe2ef          	jal	t0,200a0284 <__riscv_save_0>
200a12f8:	200d2437          	lui	s0,0x200d2
200a12fc:	0a040793          	addi	a5,s0,160 # 200d20a0 <logic_adc_info>
200a1300:	27dc                	lbu	a5,12(a5)
200a1302:	0a040413          	addi	s0,s0,160
200a1306:	e399                	bnez	a5,200a130c <LOGIC_ADC_CMD_Process+0x18>
200a1308:	343c                	lbu	a5,11(s0)
200a130a:	c7c9                	beqz	a5,200a1394 <LOGIC_ADC_CMD_Process+0xa0>
200a130c:	200d27b7          	lui	a5,0x200d2
200a1310:	3207c703          	lbu	a4,800(a5) # 200d2320 <USBSS_EP1_Rx_Buf>
200a1314:	000405a3          	sb	zero,11(s0)
200a1318:	00040623          	sb	zero,12(s0)
200a131c:	06070713          	addi	a4,a4,96 # 10060 <__stack_size+0xf860>
200a1320:	0ff77713          	zext.b	a4,a4
200a1324:	46b9                	li	a3,14
200a1326:	32078793          	addi	a5,a5,800
200a132a:	1ce6e363          	bltu	a3,a4,200a14f0 <LOGIC_ADC_CMD_Process+0x1fc>
200a132e:	200a66b7          	lui	a3,0x200a6
200a1332:	9c068693          	addi	a3,a3,-1600 # 200a59c0 <_read+0x236>
200a1336:	20d74733          	sh2add	a4,a4,a3
200a133a:	4318                	lw	a4,0(a4)
200a133c:	8702                	jr	a4
200a133e:	23a8                	lbu	a0,2(a5)
200a1340:	33ac                	lbu	a1,3(a5)
200a1342:	a008                	sb	a0,0(s0)
200a1344:	b00c                	sb	a1,1(s0)
200a1346:	3b05                	jal	200a1076 <Set_Logic_Para_Fun>
200a1348:	200d27b7          	lui	a5,0x200d2
200a134c:	1b000713          	li	a4,432
200a1350:	72e79023          	sh	a4,1824(a5) # 200d2720 <USBSS_EP1_Tx_Buf>
200a1354:	72078793          	addi	a5,a5,1824
200a1358:	00078123          	sb	zero,2(a5)
200a135c:	aa21                	j	200a1474 <LOGIC_ADC_CMD_Process+0x180>
200a135e:	23be                	lhu	a5,2(a5)
200a1360:	00879513          	slli	a0,a5,0x8
200a1364:	83a1                	srli	a5,a5,0x8
200a1366:	8d5d                	or	a0,a0,a5
200a1368:	08054533          	zext.h	a0,a0
200a136c:	a04a                	sh	a0,4(s0)
200a136e:	33f1                	jal	200a113a <DAC_OUT>
200a1370:	200d27b7          	lui	a5,0x200d2
200a1374:	1b100713          	li	a4,433
200a1378:	bfe1                	j	200a1350 <LOGIC_ADC_CMD_Process+0x5c>
200a137a:	2008                	lbu	a0,0(s0)
200a137c:	202c                	lbu	a1,2(s0)
200a137e:	2d51                	jal	200a1a12 <UHSIF_Set_Para>
200a1380:	4785                	li	a5,1
200a1382:	000406a3          	sb	zero,13(s0)
200a1386:	22f40123          	sb	a5,546(s0)
200a138a:	4505                	li	a0,1
200a138c:	22041023          	sh	zero,544(s0)
200a1390:	069020ef          	jal	ra,200a3bf8 <UHSIF_Start>
200a1394:	f15fe06f          	j	200a02a8 <__riscv_restore_0>
200a1398:	4501                	li	a0,0
200a139a:	05f020ef          	jal	ra,200a3bf8 <UHSIF_Start>
200a139e:	2539                	jal	200a19ac <UHSIF_Para_Init>
200a13a0:	400117b7          	lui	a5,0x40011
200a13a4:	22040123          	sb	zero,546(s0)
200a13a8:	22041023          	sh	zero,544(s0)
200a13ac:	c0078793          	addi	a5,a5,-1024 # 40010c00 <USBSS_EP2_Tx_Th0_Buf+0x1fef0c00>
200a13b0:	4741                	li	a4,16
200a13b2:	cbd8                	sw	a4,20(a5)
200a13b4:	000406a3          	sb	zero,13(s0)
200a13b8:	bff1                	j	200a1394 <LOGIC_ADC_CMD_Process+0xa0>
200a13ba:	200d27b7          	lui	a5,0x200d2
200a13be:	3b400713          	li	a4,948
200a13c2:	72e79023          	sh	a4,1824(a5) # 200d2720 <USBSS_EP1_Tx_Buf>
200a13c6:	2018                	lbu	a4,0(s0)
200a13c8:	72078793          	addi	a5,a5,1824
200a13cc:	00078123          	sb	zero,2(a5)
200a13d0:	b3b8                	sb	a4,3(a5)
200a13d2:	3018                	lbu	a4,1(s0)
200a13d4:	a3d8                	sb	a4,4(a5)
200a13d6:	a879                	j	200a1474 <LOGIC_ADC_CMD_Process+0x180>
200a13d8:	200d27b7          	lui	a5,0x200d2
200a13dc:	3b500713          	li	a4,949
200a13e0:	72e79023          	sh	a4,1824(a5) # 200d2720 <USBSS_EP1_Tx_Buf>
200a13e4:	205a                	lhu	a4,4(s0)
200a13e6:	72078793          	addi	a5,a5,1824
200a13ea:	00078123          	sb	zero,2(a5)
200a13ee:	00875693          	srli	a3,a4,0x8
200a13f2:	b3b4                	sb	a3,3(a5)
200a13f4:	b7c5                	j	200a13d4 <LOGIC_ADC_CMD_Process+0xe0>
200a13f6:	23be                	lhu	a5,2(a5)
200a13f8:	1b600713          	li	a4,438
200a13fc:	a07e                	sh	a5,6(s0)
200a13fe:	200d27b7          	lui	a5,0x200d2
200a1402:	b7b9                	j	200a1350 <LOGIC_ADC_CMD_Process+0x5c>
200a1404:	23bc                	lbu	a5,2(a5)
200a1406:	1b700713          	li	a4,439
200a140a:	a41c                	sb	a5,8(s0)
200a140c:	200d27b7          	lui	a5,0x200d2
200a1410:	b781                	j	200a1350 <LOGIC_ADC_CMD_Process+0x5c>
200a1412:	000406a3          	sb	zero,13(s0)
200a1416:	4785                	li	a5,1
200a1418:	22f40123          	sb	a5,546(s0)
200a141c:	22041023          	sh	zero,544(s0)
200a1420:	3501                	jal	200a1220 <HSADC_Function_Start>
200a1422:	bf8d                	j	200a1394 <LOGIC_ADC_CMD_Process+0xa0>
200a1424:	000406a3          	sb	zero,13(s0)
200a1428:	3d09                	jal	200a123a <HSADC_Function_Stop>
200a142a:	400117b7          	lui	a5,0x40011
200a142e:	22040123          	sb	zero,546(s0)
200a1432:	22041023          	sh	zero,544(s0)
200a1436:	c0078793          	addi	a5,a5,-1024 # 40010c00 <USBSS_EP2_Tx_Th0_Buf+0x1fef0c00>
200a143a:	4741                	li	a4,16
200a143c:	cbd8                	sw	a4,20(a5)
200a143e:	bf99                	j	200a1394 <LOGIC_ADC_CMD_Process+0xa0>
200a1440:	200d27b7          	lui	a5,0x200d2
200a1444:	3ba00713          	li	a4,954
200a1448:	72e79023          	sh	a4,1824(a5) # 200d2720 <USBSS_EP1_Tx_Buf>
200a144c:	2078                	lbu	a4,6(s0)
200a144e:	72078793          	addi	a5,a5,1824
200a1452:	00078123          	sb	zero,2(a5)
200a1456:	b3b8                	sb	a4,3(a5)
200a1458:	3078                	lbu	a4,7(s0)
200a145a:	bfad                	j	200a13d4 <LOGIC_ADC_CMD_Process+0xe0>
200a145c:	200d27b7          	lui	a5,0x200d2
200a1460:	2bb00713          	li	a4,699
200a1464:	72e79023          	sh	a4,1824(a5) # 200d2720 <USBSS_EP1_Tx_Buf>
200a1468:	2418                	lbu	a4,8(s0)
200a146a:	72078793          	addi	a5,a5,1824
200a146e:	00078123          	sb	zero,2(a5)
200a1472:	b3b8                	sb	a4,3(a5)
200a1474:	2438                	lbu	a4,10(s0)
200a1476:	4789                	li	a5,2
200a1478:	08f71163          	bne	a4,a5,200a14fa <LOGIC_ADC_CMD_Process+0x206>
200a147c:	200d2737          	lui	a4,0x200d2
200a1480:	400347b7          	lui	a5,0x40034
200a1484:	72070713          	addi	a4,a4,1824 # 200d2720 <USBSS_EP1_Tx_Buf>
200a1488:	0ce7a623          	sw	a4,204(a5) # 400340cc <USBSS_EP2_Tx_Th0_Buf+0x1ff140cc>
200a148c:	02000713          	li	a4,32
200a1490:	0ce79323          	sh	a4,198(a5)
200a1494:	4705                	li	a4,1
200a1496:	0ce78423          	sb	a4,200(a5)
200a149a:	bded                	j	200a1394 <LOGIC_ADC_CMD_Process+0xa0>
200a149c:	02000737          	lui	a4,0x2000
200a14a0:	200d27b7          	lui	a5,0x200d2
200a14a4:	3bc70713          	addi	a4,a4,956 # 20003bc <_data_lma+0x1fda284>
200a14a8:	72e7a023          	sw	a4,1824(a5) # 200d2720 <USBSS_EP1_Tx_Buf>
200a14ac:	72078793          	addi	a5,a5,1824
200a14b0:	4705                	li	a4,1
200a14b2:	b70d                	j	200a13d4 <LOGIC_ADC_CMD_Process+0xe0>
200a14b4:	910ff0ef          	jal	ra,200a05c4 <FLASH_Unlock_Fast>
200a14b8:	8181a503          	lw	a0,-2024(gp) # 200c1028 <Flash_Erase_Page_Size>
200a14bc:	08078437          	lui	s0,0x8078
200a14c0:	1471                	addi	s0,s0,-4 # 8077ffc <_data_lma+0x8051ec4>
200a14c2:	40a00533          	neg	a0,a0
200a14c6:	8d61                	and	a0,a0,s0
200a14c8:	85aff0ef          	jal	ra,200a0522 <FLASH_ErasePage>
200a14cc:	5aa565b7          	lui	a1,0x5aa56
200a14d0:	aa558593          	addi	a1,a1,-1371 # 5aa55aa5 <USBSS_EP2_Tx_Th0_Buf+0x3a935aa5>
200a14d4:	8522                	mv	a0,s0
200a14d6:	89aff0ef          	jal	ra,200a0570 <FLASH_ProgramWord>
200a14da:	400227b7          	lui	a5,0x40022
200a14de:	4b98                	lw	a4,16(a5)
200a14e0:	28f71713          	bseti	a4,a4,0xf
200a14e4:	cb98                	sw	a4,16(a5)
200a14e6:	4b98                	lw	a4,16(a5)
200a14e8:	08076713          	ori	a4,a4,128
200a14ec:	cb98                	sw	a4,16(a5)
200a14ee:	b55d                	j	200a1394 <LOGIC_ADC_CMD_Process+0xa0>
200a14f0:	200d27b7          	lui	a5,0x200d2
200a14f4:	1fa00713          	li	a4,506
200a14f8:	bda1                	j	200a1350 <LOGIC_ADC_CMD_Process+0x5c>
200a14fa:	2438                	lbu	a4,10(s0)
200a14fc:	4785                	li	a5,1
200a14fe:	e8f71be3          	bne	a4,a5,200a1394 <LOGIC_ADC_CMD_Process+0xa0>
200a1502:	200d27b7          	lui	a5,0x200d2
200a1506:	40030737          	lui	a4,0x40030
200a150a:	72078793          	addi	a5,a5,1824 # 200d2720 <USBSS_EP1_Tx_Buf>
200a150e:	c33c                	sw	a5,64(a4)
200a1510:	02000793          	li	a5,32
200a1514:	0af71023          	sh	a5,160(a4) # 400300a0 <USBSS_EP2_Tx_Th0_Buf+0x1ff100a0>
200a1518:	0a674783          	lbu	a5,166(a4)
200a151c:	0fc7f793          	andi	a5,a5,252
200a1520:	0027e793          	ori	a5,a5,2
200a1524:	0af70123          	sb	a5,162(a4)
200a1528:	b5b5                	j	200a1394 <LOGIC_ADC_CMD_Process+0xa0>

200a152a <LOGIC_UHSIF_Main_Process>:
200a152a:	200d27b7          	lui	a5,0x200d2
200a152e:	0a078713          	addi	a4,a5,160 # 200d20a0 <logic_adc_info>
200a1532:	2734                	lbu	a3,10(a4)
200a1534:	4709                	li	a4,2
200a1536:	0a078793          	addi	a5,a5,160
200a153a:	0ee69063          	bne	a3,a4,200a161a <LOGIC_UHSIF_Main_Process+0xf0>
200a153e:	2f98                	lbu	a4,24(a5)
200a1540:	e75d                	bnez	a4,200a15ee <LOGIC_UHSIF_Main_Process+0xc4>
200a1542:	3fb8                	lbu	a4,27(a5)
200a1544:	c74d                	beqz	a4,200a15ee <LOGIC_UHSIF_Main_Process+0xc4>
200a1546:	4705                	li	a4,1
200a1548:	af98                	sb	a4,24(a5)
200a154a:	2fb8                	lbu	a4,26(a5)
200a154c:	8b05                	andi	a4,a4,1
200a154e:	e34d                	bnez	a4,200a15f0 <LOGIC_UHSIF_Main_Process+0xc6>
200a1550:	4b94                	lw	a3,16(a5)
200a1552:	40034737          	lui	a4,0x40034
200a1556:	0ed72623          	sw	a3,236(a4) # 400340ec <USBSS_EP2_Tx_Th0_Buf+0x1ff140ec>
200a155a:	2fb8                	lbu	a4,26(a5)
200a155c:	20f72733          	sh1add	a4,a4,a5
200a1560:	2f76                	lhu	a3,30(a4)
200a1562:	2fb8                	lbu	a4,26(a5)
200a1564:	3ff6f613          	andi	a2,a3,1023
200a1568:	20f72733          	sh1add	a4,a4,a5
200a156c:	00071f23          	sh	zero,30(a4)
200a1570:	00a6d713          	srli	a4,a3,0xa
200a1574:	c241                	beqz	a2,200a15f4 <LOGIC_UHSIF_Main_Process+0xca>
200a1576:	0705                	addi	a4,a4,1
200a1578:	400345b7          	lui	a1,0x40034
200a157c:	0ec59323          	sh	a2,230(a1) # 400340e6 <USBSS_EP2_Tx_Th0_Buf+0x1ff140e6>
200a1580:	0ff77713          	zext.b	a4,a4
200a1584:	0ee58423          	sb	a4,232(a1)
200a1588:	2fb8                	lbu	a4,26(a5)
200a158a:	8b05                	andi	a4,a4,1
200a158c:	e73d                	bnez	a4,200a15fa <LOGIC_UHSIF_Main_Process+0xd0>
200a158e:	4b98                	lw	a4,16(a5)
200a1590:	9736                	add	a4,a4,a3
200a1592:	cb98                	sw	a4,16(a5)
200a1594:	2fb8                	lbu	a4,26(a5)
200a1596:	0705                	addi	a4,a4,1
200a1598:	0ff77713          	zext.b	a4,a4
200a159c:	afb8                	sb	a4,26(a5)
200a159e:	0ff0000f          	fence
200a15a2:	0ff0000f          	fence
200a15a6:	2fb4                	lbu	a3,26(a5)
200a15a8:	473d                	li	a4,15
200a15aa:	04e69c63          	bne	a3,a4,200a1602 <LOGIC_UHSIF_Main_Process+0xd8>
200a15ae:	20120737          	lui	a4,0x20120
200a15b2:	00070713          	mv	a4,a4
200a15b6:	cb98                	sw	a4,16(a5)
200a15b8:	0ff0000f          	fence
200a15bc:	e000e737          	lui	a4,0xe000e
200a15c0:	40000637          	lui	a2,0x40000
200a15c4:	18070693          	addi	a3,a4,384 # e000e180 <USBSS_EP2_Tx_Th0_Buf+0xbfeee180>
200a15c8:	c2d0                	sw	a2,4(a3)
200a15ca:	0000100f          	fence.i
200a15ce:	000205b7          	lui	a1,0x20
200a15d2:	ca8c                	sw	a1,16(a3)
200a15d4:	0000100f          	fence.i
200a15d8:	3fb4                	lbu	a3,27(a5)
200a15da:	16fd                	addi	a3,a3,-1
200a15dc:	0ff6f693          	zext.b	a3,a3
200a15e0:	bfb4                	sb	a3,27(a5)
200a15e2:	10070793          	addi	a5,a4,256
200a15e6:	cb8c                	sw	a1,16(a5)
200a15e8:	c3d0                	sw	a2,4(a5)
200a15ea:	0ff0000f          	fence
200a15ee:	8082                	ret
200a15f0:	4bd4                	lw	a3,20(a5)
200a15f2:	b785                	j	200a1552 <LOGIC_UHSIF_Main_Process+0x28>
200a15f4:	40000613          	li	a2,1024
200a15f8:	b741                	j	200a1578 <LOGIC_UHSIF_Main_Process+0x4e>
200a15fa:	4bd8                	lw	a4,20(a5)
200a15fc:	9736                	add	a4,a4,a3
200a15fe:	cbd8                	sw	a4,20(a5)
200a1600:	bf51                	j	200a1594 <LOGIC_UHSIF_Main_Process+0x6a>
200a1602:	2fb4                	lbu	a3,26(a5)
200a1604:	4741                	li	a4,16
200a1606:	fae699e3          	bne	a3,a4,200a15b8 <LOGIC_UHSIF_Main_Process+0x8e>
200a160a:	20100737          	lui	a4,0x20100
200a160e:	00070713          	mv	a4,a4
200a1612:	cbd8                	sw	a4,20(a5)
200a1614:	00078d23          	sb	zero,26(a5)
200a1618:	b745                	j	200a15b8 <LOGIC_UHSIF_Main_Process+0x8e>
200a161a:	27b8                	lbu	a4,10(a5)
200a161c:	4605                	li	a2,1
200a161e:	0ff77693          	zext.b	a3,a4
200a1622:	fcc716e3          	bne	a4,a2,200a15ee <LOGIC_UHSIF_Main_Process+0xc4>
200a1626:	3f98                	lbu	a4,25(a5)
200a1628:	f379                	bnez	a4,200a15ee <LOGIC_UHSIF_Main_Process+0xc4>
200a162a:	3fb8                	lbu	a4,27(a5)
200a162c:	d369                	beqz	a4,200a15ee <LOGIC_UHSIF_Main_Process+0xc4>
200a162e:	bf94                	sb	a3,25(a5)
200a1630:	2fb8                	lbu	a4,26(a5)
200a1632:	8b05                	andi	a4,a4,1
200a1634:	e73d                	bnez	a4,200a16a2 <LOGIC_UHSIF_Main_Process+0x178>
200a1636:	4b94                	lw	a3,16(a5)
200a1638:	40030737          	lui	a4,0x40030
200a163c:	c374                	sw	a3,68(a4)
200a163e:	2fb8                	lbu	a4,26(a5)
200a1640:	40030637          	lui	a2,0x40030
200a1644:	20f72733          	sh1add	a4,a4,a5
200a1648:	2f76                	lhu	a3,30(a4)
200a164a:	2fb8                	lbu	a4,26(a5)
200a164c:	20f72733          	sh1add	a4,a4,a5
200a1650:	00071f23          	sh	zero,30(a4) # 4003001e <USBSS_EP2_Tx_Th0_Buf+0x1ff1001e>
200a1654:	0ad61223          	sh	a3,164(a2) # 400300a4 <USBSS_EP2_Tx_Th0_Buf+0x1ff100a4>
200a1658:	0a664703          	lbu	a4,166(a2)
200a165c:	0fc77713          	andi	a4,a4,252
200a1660:	00276713          	ori	a4,a4,2
200a1664:	0ae60323          	sb	a4,166(a2)
200a1668:	2fb8                	lbu	a4,26(a5)
200a166a:	8b05                	andi	a4,a4,1
200a166c:	ef0d                	bnez	a4,200a16a6 <LOGIC_UHSIF_Main_Process+0x17c>
200a166e:	4b98                	lw	a4,16(a5)
200a1670:	9736                	add	a4,a4,a3
200a1672:	cb98                	sw	a4,16(a5)
200a1674:	2fb8                	lbu	a4,26(a5)
200a1676:	0705                	addi	a4,a4,1
200a1678:	0ff77713          	zext.b	a4,a4
200a167c:	afb8                	sb	a4,26(a5)
200a167e:	0ff0000f          	fence
200a1682:	2fb4                	lbu	a3,26(a5)
200a1684:	473d                	li	a4,15
200a1686:	02e69463          	bne	a3,a4,200a16ae <LOGIC_UHSIF_Main_Process+0x184>
200a168a:	20120737          	lui	a4,0x20120
200a168e:	00070713          	mv	a4,a4
200a1692:	cb98                	sw	a4,16(a5)
200a1694:	0ff0000f          	fence
200a1698:	e000e737          	lui	a4,0xe000e
200a169c:	01000637          	lui	a2,0x1000
200a16a0:	b715                	j	200a15c4 <LOGIC_UHSIF_Main_Process+0x9a>
200a16a2:	4bd4                	lw	a3,20(a5)
200a16a4:	bf51                	j	200a1638 <LOGIC_UHSIF_Main_Process+0x10e>
200a16a6:	4bd8                	lw	a4,20(a5)
200a16a8:	9736                	add	a4,a4,a3
200a16aa:	cbd8                	sw	a4,20(a5)
200a16ac:	b7e1                	j	200a1674 <LOGIC_UHSIF_Main_Process+0x14a>
200a16ae:	2fb4                	lbu	a3,26(a5)
200a16b0:	4741                	li	a4,16
200a16b2:	fee691e3          	bne	a3,a4,200a1694 <LOGIC_UHSIF_Main_Process+0x16a>
200a16b6:	20100737          	lui	a4,0x20100
200a16ba:	00070713          	mv	a4,a4
200a16be:	cbd8                	sw	a4,20(a5)
200a16c0:	00078d23          	sb	zero,26(a5)
200a16c4:	bfc1                	j	200a1694 <LOGIC_UHSIF_Main_Process+0x16a>

200a16c6 <HSADC_IRQHandler>:
200a16c6:	20000513          	li	a0,512
200a16ca:	af8ff0ef          	jal	ra,200a09c2 <HSADC_GetITStatus>
200a16ce:	cd05                	beqz	a0,200a1706 <HSADC_IRQHandler+0x40>
200a16d0:	400177b7          	lui	a5,0x40017
200a16d4:	40078793          	addi	a5,a5,1024 # 40017400 <USBSS_EP2_Tx_Th0_Buf+0x1fef7400>
200a16d8:	47d8                	lw	a4,12(a5)
200a16da:	8b41                	andi	a4,a4,16
200a16dc:	c71d                	beqz	a4,200a170a <HSADC_IRQHandler+0x44>
200a16de:	200ca737          	lui	a4,0x200ca
200a16e2:	8a070713          	addi	a4,a4,-1888 # 200c98a0 <ADC_BufA>
200a16e6:	cbd8                	sw	a4,20(a5)
200a16e8:	200d2737          	lui	a4,0x200d2
200a16ec:	0a070713          	addi	a4,a4,160 # 200d20a0 <logic_adc_info>
200a16f0:	21e74783          	lbu	a5,542(a4)
200a16f4:	20000513          	li	a0,512
200a16f8:	0785                	addi	a5,a5,1
200a16fa:	0ff7f793          	zext.b	a5,a5
200a16fe:	20f70f23          	sb	a5,542(a4)
200a1702:	adcff0ef          	jal	ra,200a09de <HSADC_ClearITPendingBit>
200a1706:	30200073          	mret
200a170a:	200c1737          	lui	a4,0x200c1
200a170e:	0a070713          	addi	a4,a4,160 # 200c10a0 <ADC_BufB>
200a1712:	cf98                	sw	a4,24(a5)
200a1714:	bfd1                	j	200a16e8 <HSADC_IRQHandler+0x22>

200a1716 <LOGIC_ADC_Main_Process>:
200a1716:	200d27b7          	lui	a5,0x200d2
200a171a:	0a078713          	addi	a4,a5,160 # 200d20a0 <logic_adc_info>
200a171e:	2734                	lbu	a3,10(a4)
200a1720:	4709                	li	a4,2
200a1722:	0a078793          	addi	a5,a5,160
200a1726:	08e69963          	bne	a3,a4,200a17b8 <LOGIC_ADC_Main_Process+0xa2>
200a172a:	21c7c703          	lbu	a4,540(a5)
200a172e:	ef3d                	bnez	a4,200a17ac <LOGIC_ADC_Main_Process+0x96>
200a1730:	21e7c703          	lbu	a4,542(a5)
200a1734:	cf25                	beqz	a4,200a17ac <LOGIC_ADC_Main_Process+0x96>
200a1736:	4705                	li	a4,1
200a1738:	20e78e23          	sb	a4,540(a5)
200a173c:	21f7c703          	lbu	a4,543(a5)
200a1740:	8b05                	andi	a4,a4,1
200a1742:	e735                	bnez	a4,200a17ae <LOGIC_ADC_Main_Process+0x98>
200a1744:	200ca737          	lui	a4,0x200ca
200a1748:	8a070713          	addi	a4,a4,-1888 # 200c98a0 <ADC_BufA>
200a174c:	400346b7          	lui	a3,0x40034
200a1750:	10e6a623          	sw	a4,268(a3) # 4003410c <USBSS_EP2_Tx_Th0_Buf+0x1ff1410c>
200a1754:	40034737          	lui	a4,0x40034
200a1758:	40000693          	li	a3,1024
200a175c:	10d71323          	sh	a3,262(a4) # 40034106 <USBSS_EP2_Tx_Th0_Buf+0x1ff14106>
200a1760:	46c1                	li	a3,16
200a1762:	10d70423          	sb	a3,264(a4)
200a1766:	21f7c703          	lbu	a4,543(a5)
200a176a:	0705                	addi	a4,a4,1
200a176c:	0ff77713          	zext.b	a4,a4
200a1770:	20e78fa3          	sb	a4,543(a5)
200a1774:	0ff0000f          	fence
200a1778:	e000e737          	lui	a4,0xe000e
200a177c:	40000637          	lui	a2,0x40000
200a1780:	18070693          	addi	a3,a4,384 # e000e180 <USBSS_EP2_Tx_Th0_Buf+0xbfeee180>
200a1784:	c2d0                	sw	a2,4(a3)
200a1786:	0000100f          	fence.i
200a178a:	65c1                	lui	a1,0x10
200a178c:	ca8c                	sw	a1,16(a3)
200a178e:	0000100f          	fence.i
200a1792:	21e7c683          	lbu	a3,542(a5)
200a1796:	16fd                	addi	a3,a3,-1
200a1798:	0ff6f693          	zext.b	a3,a3
200a179c:	20d78f23          	sb	a3,542(a5)
200a17a0:	10070793          	addi	a5,a4,256
200a17a4:	cb8c                	sw	a1,16(a5)
200a17a6:	c3d0                	sw	a2,4(a5)
200a17a8:	0ff0000f          	fence
200a17ac:	8082                	ret
200a17ae:	200c1737          	lui	a4,0x200c1
200a17b2:	0a070713          	addi	a4,a4,160 # 200c10a0 <ADC_BufB>
200a17b6:	bf59                	j	200a174c <LOGIC_ADC_Main_Process+0x36>
200a17b8:	27b8                	lbu	a4,10(a5)
200a17ba:	4605                	li	a2,1
200a17bc:	0ff77693          	zext.b	a3,a4
200a17c0:	fec716e3          	bne	a4,a2,200a17ac <LOGIC_ADC_Main_Process+0x96>
200a17c4:	21d7c703          	lbu	a4,541(a5)
200a17c8:	f375                	bnez	a4,200a17ac <LOGIC_ADC_Main_Process+0x96>
200a17ca:	21e7c703          	lbu	a4,542(a5)
200a17ce:	df79                	beqz	a4,200a17ac <LOGIC_ADC_Main_Process+0x96>
200a17d0:	20d78ea3          	sb	a3,541(a5)
200a17d4:	21f7c703          	lbu	a4,543(a5)
200a17d8:	8b05                	andi	a4,a4,1
200a17da:	e339                	bnez	a4,200a1820 <LOGIC_ADC_Main_Process+0x10a>
200a17dc:	200ca737          	lui	a4,0x200ca
200a17e0:	8a070713          	addi	a4,a4,-1888 # 200c98a0 <ADC_BufA>
200a17e4:	400306b7          	lui	a3,0x40030
200a17e8:	c6b8                	sw	a4,72(a3)
200a17ea:	400306b7          	lui	a3,0x40030
200a17ee:	6711                	lui	a4,0x4
200a17f0:	0ae69423          	sh	a4,168(a3) # 400300a8 <USBSS_EP2_Tx_Th0_Buf+0x1ff100a8>
200a17f4:	0aa6c703          	lbu	a4,170(a3)
200a17f8:	0fc77713          	andi	a4,a4,252
200a17fc:	00276713          	ori	a4,a4,2
200a1800:	0ae68523          	sb	a4,170(a3)
200a1804:	21f7c703          	lbu	a4,543(a5)
200a1808:	0705                	addi	a4,a4,1 # 4001 <__stack_size+0x3801>
200a180a:	0ff77713          	zext.b	a4,a4
200a180e:	20e78fa3          	sb	a4,543(a5)
200a1812:	0ff0000f          	fence
200a1816:	e000e737          	lui	a4,0xe000e
200a181a:	01000637          	lui	a2,0x1000
200a181e:	b78d                	j	200a1780 <LOGIC_ADC_Main_Process+0x6a>
200a1820:	200c1737          	lui	a4,0x200c1
200a1824:	0a070713          	addi	a4,a4,160 # 200c10a0 <ADC_BufB>
200a1828:	bf75                	j	200a17e4 <LOGIC_ADC_Main_Process+0xce>

200a182a <LOGIC_ADC_RAMOVER_Process>:
200a182a:	a5bfe2ef          	jal	t0,200a0284 <__riscv_save_0>
200a182e:	200d27b7          	lui	a5,0x200d2
200a1832:	0a078713          	addi	a4,a5,160 # 200d20a0 <logic_adc_info>
200a1836:	3f34                	lbu	a3,27(a4)
200a1838:	473d                	li	a4,15
200a183a:	0a078413          	addi	s0,a5,160
200a183e:	00d77863          	bgeu	a4,a3,200a184e <LOGIC_ADC_RAMOVER_Process+0x24>
200a1842:	200a6537          	lui	a0,0x200a6
200a1846:	9fc50513          	addi	a0,a0,-1540 # 200a59fc <_read+0x272>
200a184a:	5d5020ef          	jal	ra,200a461e <puts>
200a184e:	21e44703          	lbu	a4,542(s0)
200a1852:	4785                	li	a5,1
200a1854:	00e7f863          	bgeu	a5,a4,200a1864 <LOGIC_ADC_RAMOVER_Process+0x3a>
200a1858:	200a6537          	lui	a0,0x200a6
200a185c:	a0850513          	addi	a0,a0,-1528 # 200a5a08 <_read+0x27e>
200a1860:	5bf020ef          	jal	ra,200a461e <puts>
200a1864:	a45fe06f          	j	200a02a8 <__riscv_restore_0>

200a1868 <Get_Flash_Size>:
200a1868:	400227b7          	lui	a5,0x40022
200a186c:	57dc                	lw	a5,44(a5)
200a186e:	10000737          	lui	a4,0x10000
200a1872:	8ff9                	and	a5,a5,a4
200a1874:	c789                	beqz	a5,200a187e <Get_Flash_Size+0x16>
200a1876:	6789                	lui	a5,0x2
200a1878:	80f1ac23          	sw	a5,-2024(gp) # 200c1028 <Flash_Erase_Page_Size>
200a187c:	8082                	ret
200a187e:	6785                	lui	a5,0x1
200a1880:	bfe5                	j	200a1878 <Get_Flash_Size+0x10>

200a1882 <IAP_JUMP_Process>:
200a1882:	080787b7          	lui	a5,0x8078
200a1886:	ffc7a703          	lw	a4,-4(a5) # 8077ffc <_data_lma+0x8051ec4>
200a188a:	5aa567b7          	lui	a5,0x5aa56
200a188e:	aa578793          	addi	a5,a5,-1371 # 5aa55aa5 <USBSS_EP2_Tx_Th0_Buf+0x3a935aa5>
200a1892:	02f71563          	bne	a4,a5,200a18bc <IAP_JUMP_Process+0x3a>
200a1896:	9effe2ef          	jal	t0,200a0284 <__riscv_save_0>
200a189a:	200a6537          	lui	a0,0x200a6
200a189e:	a1450513          	addi	a0,a0,-1516 # 200a5a14 <_read+0x28a>
200a18a2:	57d020ef          	jal	ra,200a461e <puts>
200a18a6:	4529                	li	a0,10
200a18a8:	e2eff0ef          	jal	ra,200a0ed6 <Delay_Ms>
200a18ac:	beef07b7          	lui	a5,0xbeef0
200a18b0:	e000e737          	lui	a4,0xe000e
200a18b4:	08078793          	addi	a5,a5,128 # beef0080 <USBSS_EP2_Tx_Th0_Buf+0x9edd0080>
200a18b8:	c73c                	sw	a5,72(a4)
200a18ba:	a001                	j	200a18ba <IAP_JUMP_Process+0x38>
200a18bc:	8082                	ret

200a18be <TIM1_INT_Init>:
200a18be:	9c7fe2ef          	jal	t0,200a0284 <__riscv_save_0>
200a18c2:	1141                	addi	sp,sp,-16
200a18c4:	84aa                	mv	s1,a0
200a18c6:	842e                	mv	s0,a1
200a18c8:	28b01513          	bseti	a0,zero,0xb
200a18cc:	4585                	li	a1,1
200a18ce:	c202                	sw	zero,4(sp)
200a18d0:	c402                	sw	zero,8(sp)
200a18d2:	00011623          	sh	zero,12(sp)
200a18d6:	adcff0ef          	jal	ra,200a0bb2 <RCC_HB2PeriphClockCmd>
200a18da:	8260                	sh	s0,4(sp)
200a18dc:	40013437          	lui	s0,0x40013
200a18e0:	47a9                	li	a5,10
200a18e2:	004c                	addi	a1,sp,4
200a18e4:	c0040513          	addi	a0,s0,-1024 # 40012c00 <USBSS_EP2_Tx_Th0_Buf+0x1fef2c00>
200a18e8:	865c                	sb	a5,12(sp)
200a18ea:	8464                	sh	s1,8(sp)
200a18ec:	00011523          	sh	zero,10(sp)
200a18f0:	00011323          	sh	zero,6(sp)
200a18f4:	bdcff0ef          	jal	ra,200a0cd0 <TIM_TimeBaseInit>
200a18f8:	c0040513          	addi	a0,s0,-1024
200a18fc:	4585                	li	a1,1
200a18fe:	c90ff0ef          	jal	ra,200a0d8e <TIM_ClearITPendingBit>
200a1902:	e000e7b7          	lui	a5,0xe000e
200a1906:	440783a3          	sb	zero,1095(a5) # e000e447 <USBSS_EP2_Tx_Th0_Buf+0xbfeee447>
200a190a:	08000713          	li	a4,128
200a190e:	10e7a423          	sw	a4,264(a5)
200a1912:	4605                	li	a2,1
200a1914:	c0040513          	addi	a0,s0,-1024
200a1918:	4585                	li	a1,1
200a191a:	c4aff0ef          	jal	ra,200a0d64 <TIM_ITConfig>
200a191e:	4585                	li	a1,1
200a1920:	c0040513          	addi	a0,s0,-1024
200a1924:	c28ff0ef          	jal	ra,200a0d4c <TIM_Cmd>
200a1928:	0141                	addi	sp,sp,16
200a192a:	97ffe06f          	j	200a02a8 <__riscv_restore_0>

200a192e <TIM1_UP_IRQHandler>:
200a192e:	40013537          	lui	a0,0x40013
200a1932:	4585                	li	a1,1
200a1934:	c0050513          	addi	a0,a0,-1024 # 40012c00 <USBSS_EP2_Tx_Th0_Buf+0x1fef2c00>
200a1938:	c3eff0ef          	jal	ra,200a0d76 <TIM_GetITStatus>
200a193c:	4785                	li	a5,1
200a193e:	02f51a63          	bne	a0,a5,200a1972 <TIM1_UP_IRQHandler+0x44>
200a1942:	200d27b7          	lui	a5,0x200d2
200a1946:	0a078793          	addi	a5,a5,160 # 200d20a0 <logic_adc_info>
200a194a:	2227c703          	lbu	a4,546(a5)
200a194e:	c315                	beqz	a4,200a1972 <TIM1_UP_IRQHandler+0x44>
200a1950:	2207d703          	lhu	a4,544(a5)
200a1954:	0705                	addi	a4,a4,1 # e000e001 <USBSS_EP2_Tx_Th0_Buf+0xbfeee001>
200a1956:	08074733          	zext.h	a4,a4
200a195a:	22e79023          	sh	a4,544(a5)
200a195e:	2207d703          	lhu	a4,544(a5)
200a1962:	400117b7          	lui	a5,0x40011
200a1966:	c0078793          	addi	a5,a5,-1024 # 40010c00 <USBSS_EP2_Tx_Th0_Buf+0x1fef0c00>
200a196a:	8b05                	andi	a4,a4,1
200a196c:	cf01                	beqz	a4,200a1984 <TIM1_UP_IRQHandler+0x56>
200a196e:	4741                	li	a4,16
200a1970:	cb98                	sw	a4,16(a5)
200a1972:	40013537          	lui	a0,0x40013
200a1976:	4585                	li	a1,1
200a1978:	c0050513          	addi	a0,a0,-1024 # 40012c00 <USBSS_EP2_Tx_Th0_Buf+0x1fef2c00>
200a197c:	c12ff0ef          	jal	ra,200a0d8e <TIM_ClearITPendingBit>
200a1980:	30200073          	mret
200a1984:	4741                	li	a4,16
200a1986:	cbd8                	sw	a4,20(a5)
200a1988:	b7ed                	j	200a1972 <TIM1_UP_IRQHandler+0x44>

200a198a <Led_Time_Init>:
200a198a:	8fbfe2ef          	jal	t0,200a0284 <__riscv_save_0>
200a198e:	6509                	lui	a0,0x2
200a1990:	19000593          	li	a1,400
200a1994:	71050513          	addi	a0,a0,1808 # 2710 <__stack_size+0x1f10>
200a1998:	371d                	jal	200a18be <TIM1_INT_Init>
200a199a:	40013537          	lui	a0,0x40013
200a199e:	4585                	li	a1,1
200a19a0:	c0050513          	addi	a0,a0,-1024 # 40012c00 <USBSS_EP2_Tx_Th0_Buf+0x1fef2c00>
200a19a4:	ba8ff0ef          	jal	ra,200a0d4c <TIM_Cmd>
200a19a8:	901fe06f          	j	200a02a8 <__riscv_restore_0>

200a19ac <UHSIF_Para_Init>:
200a19ac:	20120737          	lui	a4,0x20120
200a19b0:	00070713          	mv	a4,a4
200a19b4:	200d27b7          	lui	a5,0x200d2
200a19b8:	0a078793          	addi	a5,a5,160 # 200d20a0 <logic_adc_info>
200a19bc:	00875693          	srli	a3,a4,0x8
200a19c0:	00078c23          	sb	zero,24(a5)
200a19c4:	ab98                	sb	a4,16(a5)
200a19c6:	bb94                	sb	a3,17(a5)
200a19c8:	01075693          	srli	a3,a4,0x10
200a19cc:	8361                	srli	a4,a4,0x18
200a19ce:	00078ca3          	sb	zero,25(a5)
200a19d2:	bbb8                	sb	a4,19(a5)
200a19d4:	20100737          	lui	a4,0x20100
200a19d8:	00078d23          	sb	zero,26(a5)
200a19dc:	00070713          	mv	a4,a4
200a19e0:	00078da3          	sb	zero,27(a5)
200a19e4:	abb4                	sb	a3,18(a5)
200a19e6:	200d2537          	lui	a0,0x200d2
200a19ea:	00875693          	srli	a3,a4,0x8
200a19ee:	abd8                	sb	a4,20(a5)
200a19f0:	bbd4                	sb	a3,21(a5)
200a19f2:	00078e23          	sb	zero,28(a5)
200a19f6:	01075693          	srli	a3,a4,0x10
200a19fa:	0ff00613          	li	a2,255
200a19fe:	8361                	srli	a4,a4,0x18
200a1a00:	4581                	li	a1,0
200a1a02:	0be50513          	addi	a0,a0,190 # 200d20be <logic_adc_info+0x1e>
200a1a06:	abf4                	sb	a3,22(a5)
200a1a08:	bbf8                	sb	a4,23(a5)
200a1a0a:	00078ea3          	sb	zero,29(a5)
200a1a0e:	8bdfe06f          	j	200a02ca <memset>

200a1a12 <UHSIF_Set_Para>:
200a1a12:	873fe2ef          	jal	t0,200a0284 <__riscv_save_0>
200a1a16:	1141                	addi	sp,sp,-16
200a1a18:	842a                	mv	s0,a0
200a1a1a:	4501                	li	a0,0
200a1a1c:	c62e                	sw	a1,12(sp)
200a1a1e:	1da020ef          	jal	ra,200a3bf8 <UHSIF_Start>
200a1a22:	3769                	jal	200a19ac <UHSIF_Para_Init>
200a1a24:	46b2                	lw	a3,12(sp)
200a1a26:	ff040713          	addi	a4,s0,-16
200a1a2a:	00173713          	seqz	a4,a4
200a1a2e:	4605                	li	a2,1
200a1a30:	4589                	li	a1,2
200a1a32:	4501                	li	a0,0
200a1a34:	1e9010ef          	jal	ra,200a341c <UHSIF_GPIO_Init>
200a1a38:	25c020ef          	jal	ra,200a3c94 <UHSIF_Cfg>
200a1a3c:	201206b7          	lui	a3,0x20120
200a1a40:	4701                	li	a4,0
200a1a42:	00068693          	mv	a3,a3
200a1a46:	4621                	li	a2,8
200a1a48:	4581                	li	a1,0
200a1a4a:	4501                	li	a0,0
200a1a4c:	05a020ef          	jal	ra,200a3aa6 <UHSIF_Line_Cfg>
200a1a50:	201006b7          	lui	a3,0x20100
200a1a54:	4701                	li	a4,0
200a1a56:	00068693          	mv	a3,a3
200a1a5a:	4621                	li	a2,8
200a1a5c:	4581                	li	a1,0
200a1a5e:	4505                	li	a0,1
200a1a60:	046020ef          	jal	ra,200a3aa6 <UHSIF_Line_Cfg>
200a1a64:	0141                	addi	sp,sp,16
200a1a66:	843fe06f          	j	200a02a8 <__riscv_restore_0>

200a1a6a <UHSIF_Line0_IN_Callback>:
200a1a6a:	c921                	beqz	a0,200a1aba <UHSIF_Line0_IN_Callback+0x50>
200a1a6c:	819fe2ef          	jal	t0,200a0284 <__riscv_save_0>
200a1a70:	200d2437          	lui	s0,0x200d2
200a1a74:	0a040493          	addi	s1,s0,160 # 200d20a0 <logic_adc_info>
200a1a78:	2cdc                	lbu	a5,28(s1)
200a1a7a:	2ccc                	lbu	a1,28(s1)
200a1a7c:	08054733          	zext.h	a4,a0
200a1a80:	2097c7b3          	sh2add	a5,a5,s1
200a1a84:	8321                	srli	a4,a4,0x8
200a1a86:	afe8                	sb	a0,30(a5)
200a1a88:	4601                	li	a2,0
200a1a8a:	4501                	li	a0,0
200a1a8c:	bff8                	sb	a4,31(a5)
200a1a8e:	5e2020ef          	jal	ra,200a4070 <UHSIF_Trans_Cfg>
200a1a92:	2cdc                	lbu	a5,28(s1)
200a1a94:	471d                	li	a4,7
200a1a96:	0785                	addi	a5,a5,1
200a1a98:	0ff7f793          	zext.b	a5,a5
200a1a9c:	acdc                	sb	a5,28(s1)
200a1a9e:	2cd4                	lbu	a3,28(s1)
200a1aa0:	0a040793          	addi	a5,s0,160
200a1aa4:	00d77463          	bgeu	a4,a3,200a1aac <UHSIF_Line0_IN_Callback+0x42>
200a1aa8:	00078e23          	sb	zero,28(a5)
200a1aac:	3fb8                	lbu	a4,27(a5)
200a1aae:	0705                	addi	a4,a4,1 # 20100001 <USBSS_EP2_Tx_Th1_Buf+0x1>
200a1ab0:	0ff77713          	zext.b	a4,a4
200a1ab4:	bfb8                	sb	a4,27(a5)
200a1ab6:	ff2fe06f          	j	200a02a8 <__riscv_restore_0>
200a1aba:	8082                	ret

200a1abc <UHSIF_Line1_IN_Callback>:
200a1abc:	c931                	beqz	a0,200a1b10 <UHSIF_Line1_IN_Callback+0x54>
200a1abe:	fc6fe2ef          	jal	t0,200a0284 <__riscv_save_0>
200a1ac2:	200d2437          	lui	s0,0x200d2
200a1ac6:	0a040493          	addi	s1,s0,160 # 200d20a0 <logic_adc_info>
200a1aca:	3cdc                	lbu	a5,29(s1)
200a1acc:	3ccc                	lbu	a1,29(s1)
200a1ace:	08054733          	zext.h	a4,a0
200a1ad2:	2097c7b3          	sh2add	a5,a5,s1
200a1ad6:	8321                	srli	a4,a4,0x8
200a1ad8:	02a78023          	sb	a0,32(a5)
200a1adc:	4601                	li	a2,0
200a1ade:	4505                	li	a0,1
200a1ae0:	02e780a3          	sb	a4,33(a5)
200a1ae4:	58c020ef          	jal	ra,200a4070 <UHSIF_Trans_Cfg>
200a1ae8:	3cdc                	lbu	a5,29(s1)
200a1aea:	471d                	li	a4,7
200a1aec:	0785                	addi	a5,a5,1
200a1aee:	0ff7f793          	zext.b	a5,a5
200a1af2:	bcdc                	sb	a5,29(s1)
200a1af4:	3cd4                	lbu	a3,29(s1)
200a1af6:	0a040793          	addi	a5,s0,160
200a1afa:	00d77463          	bgeu	a4,a3,200a1b02 <UHSIF_Line1_IN_Callback+0x46>
200a1afe:	00078ea3          	sb	zero,29(a5)
200a1b02:	3fb8                	lbu	a4,27(a5)
200a1b04:	0705                	addi	a4,a4,1
200a1b06:	0ff77713          	zext.b	a4,a4
200a1b0a:	bfb8                	sb	a4,27(a5)
200a1b0c:	f9cfe06f          	j	200a02a8 <__riscv_restore_0>
200a1b10:	8082                	ret

200a1b12 <UHSIF_Line2_IN_Callback>:
200a1b12:	8082                	ret

200a1b14 <UHSIF_Line3_IN_Callback>:
200a1b14:	8082                	ret

200a1b16 <UHSIF_Line0_OUT_Callback>:
200a1b16:	8082                	ret

200a1b18 <UHSIF_Line1_OUT_Callback>:
200a1b18:	8082                	ret

200a1b1a <UHSIF_Line2_OUT_Callback>:
200a1b1a:	8082                	ret

200a1b1c <UHSIF_Line3_OUT_Callback>:
200a1b1c:	8082                	ret

200a1b1e <USBHS_RCC_Init.part.0>:
200a1b1e:	f66fe2ef          	jal	t0,200a0284 <__riscv_save_0>
200a1b22:	400217b7          	lui	a5,0x40021
200a1b26:	479c                	lw	a5,8(a5)
200a1b28:	70000737          	lui	a4,0x70000
200a1b2c:	8ff9                	and	a5,a5,a4
200a1b2e:	40000737          	lui	a4,0x40000
200a1b32:	02e78863          	beq	a5,a4,200a1b62 <USBHS_RCC_Init.part.0+0x44>
200a1b36:	4501                	li	a0,0
200a1b38:	8eaff0ef          	jal	ra,200a0c22 <RCC_USBHS_PLLCmd>
200a1b3c:	4501                	li	a0,0
200a1b3e:	956ff0ef          	jal	ra,200a0c94 <RCC_USBHSPLLCLKConfig>
200a1b42:	4501                	li	a0,0
200a1b44:	962ff0ef          	jal	ra,200a0ca6 <RCC_USBHSPLLReferConfig>
200a1b48:	4501                	li	a0,0
200a1b4a:	96eff0ef          	jal	ra,200a0cb8 <RCC_USBHSPLLClockSourceDivConfig>
200a1b4e:	4505                	li	a0,1
200a1b50:	8d2ff0ef          	jal	ra,200a0c22 <RCC_USBHS_PLLCmd>
200a1b54:	400216b7          	lui	a3,0x40021
200a1b58:	00200737          	lui	a4,0x200
200a1b5c:	429c                	lw	a5,0(a3)
200a1b5e:	8ff9                	and	a5,a5,a4
200a1b60:	dff5                	beqz	a5,200a1b5c <USBHS_RCC_Init.part.0+0x3e>
200a1b62:	4505                	li	a0,1
200a1b64:	900ff0ef          	jal	ra,200a0c64 <RCC_UTMIcmd>
200a1b68:	4585                	li	a1,1
200a1b6a:	28b01513          	bseti	a0,zero,0xb
200a1b6e:	828ff0ef          	jal	ra,200a0b96 <RCC_HBPeriphClockCmd>
200a1b72:	f36fe06f          	j	200a02a8 <__riscv_restore_0>

200a1b76 <USB_TestMode_Deal>:
200a1b76:	8581c783          	lbu	a5,-1960(gp) # 200c1068 <USBHS_Test_Flag>
200a1b7a:	07f7f793          	andi	a5,a5,127
200a1b7e:	84f18c23          	sb	a5,-1960(gp) # 200c1068 <USBHS_Test_Flag>
200a1b82:	84c1d683          	lhu	a3,-1972(gp) # 200c105c <USBHS_SetupReqIndex>
200a1b86:	10000713          	li	a4,256
200a1b8a:	02e69363          	bne	a3,a4,200a1bb0 <USB_TestMode_Deal+0x3a>
200a1b8e:	400307b7          	lui	a5,0x40030
200a1b92:	33d8                	lbu	a4,5(a5)
200a1b94:	0f077713          	andi	a4,a4,240
200a1b98:	b3d8                	sb	a4,5(a5)
200a1b9a:	33d8                	lbu	a4,5(a5)
200a1b9c:	00176713          	ori	a4,a4,1
200a1ba0:	b3d8                	sb	a4,5(a5)
200a1ba2:	40030737          	lui	a4,0x40030
200a1ba6:	335c                	lbu	a5,5(a4)
200a1ba8:	0807e793          	ori	a5,a5,128
200a1bac:	b35c                	sb	a5,5(a4)
200a1bae:	8082                	ret
200a1bb0:	84c1d683          	lhu	a3,-1972(gp) # 200c105c <USBHS_SetupReqIndex>
200a1bb4:	20000713          	li	a4,512
200a1bb8:	00e69c63          	bne	a3,a4,200a1bd0 <USB_TestMode_Deal+0x5a>
200a1bbc:	400307b7          	lui	a5,0x40030
200a1bc0:	33d8                	lbu	a4,5(a5)
200a1bc2:	0f077713          	andi	a4,a4,240
200a1bc6:	b3d8                	sb	a4,5(a5)
200a1bc8:	33d8                	lbu	a4,5(a5)
200a1bca:	00276713          	ori	a4,a4,2
200a1bce:	bfc9                	j	200a1ba0 <USB_TestMode_Deal+0x2a>
200a1bd0:	84c1d683          	lhu	a3,-1972(gp) # 200c105c <USBHS_SetupReqIndex>
200a1bd4:	30000713          	li	a4,768
200a1bd8:	00e69c63          	bne	a3,a4,200a1bf0 <USB_TestMode_Deal+0x7a>
200a1bdc:	400307b7          	lui	a5,0x40030
200a1be0:	33d8                	lbu	a4,5(a5)
200a1be2:	0f077713          	andi	a4,a4,240
200a1be6:	b3d8                	sb	a4,5(a5)
200a1be8:	33d8                	lbu	a4,5(a5)
200a1bea:	00876713          	ori	a4,a4,8
200a1bee:	bf4d                	j	200a1ba0 <USB_TestMode_Deal+0x2a>
200a1bf0:	84c1d703          	lhu	a4,-1972(gp) # 200c105c <USBHS_SetupReqIndex>
200a1bf4:	40000793          	li	a5,1024
200a1bf8:	faf715e3          	bne	a4,a5,200a1ba2 <USB_TestMode_Deal+0x2c>
200a1bfc:	400307b7          	lui	a5,0x40030
200a1c00:	33d8                	lbu	a4,5(a5)
200a1c02:	0f077713          	andi	a4,a4,240
200a1c06:	b3d8                	sb	a4,5(a5)
200a1c08:	200c1737          	lui	a4,0x200c1
200a1c0c:	c8070713          	addi	a4,a4,-896 # 200c0c80 <IFTest_Buf>
200a1c10:	c7f8                	sw	a4,76(a5)
200a1c12:	03500713          	li	a4,53
200a1c16:	0ae79623          	sh	a4,172(a5) # 400300ac <USBSS_EP2_Tx_Th0_Buf+0x1ff100ac>
200a1c1a:	4709                	li	a4,2
200a1c1c:	0ae78723          	sb	a4,174(a5)
200a1c20:	33d8                	lbu	a4,5(a5)
200a1c22:	00476713          	ori	a4,a4,4
200a1c26:	bfad                	j	200a1ba0 <USB_TestMode_Deal+0x2a>

200a1c28 <USBHS_Device_Endp_Init>:
200a1c28:	400307b7          	lui	a5,0x40030
200a1c2c:	473d                	li	a4,15
200a1c2e:	ab9a                	sh	a4,16(a5)
200a1c30:	abba                	sh	a4,18(a5)
200a1c32:	04000713          	li	a4,64
200a1c36:	cff8                	sw	a4,92(a5)
200a1c38:	20000713          	li	a4,512
200a1c3c:	d3b8                	sw	a4,96(a5)
200a1c3e:	d3f8                	sw	a4,100(a5)
200a1c40:	d7b8                	sw	a4,104(a5)
200a1c42:	200d2737          	lui	a4,0x200d2
200a1c46:	2c470713          	addi	a4,a4,708 # 200d22c4 <USBHS_EP0_Buf>
200a1c4a:	d398                	sw	a4,32(a5)
200a1c4c:	200d2737          	lui	a4,0x200d2
200a1c50:	32070713          	addi	a4,a4,800 # 200d2320 <USBSS_EP1_Rx_Buf>
200a1c54:	d3d8                	sw	a4,36(a5)
200a1c56:	08079e23          	sh	zero,156(a5) # 4003009c <USBSS_EP2_Tx_Th0_Buf+0x1ff1009c>
200a1c5a:	08078f23          	sb	zero,158(a5)
200a1c5e:	4709                	li	a4,2
200a1c60:	08e78fa3          	sb	a4,159(a5)
200a1c64:	0ae781a3          	sb	a4,163(a5)
200a1c68:	0ae783a3          	sb	a4,167(a5)
200a1c6c:	0ae785a3          	sb	a4,171(a5)
200a1c70:	0a079023          	sh	zero,160(a5)
200a1c74:	abda                	sh	a4,20(a5)
200a1c76:	bf98                	sb	a4,25(a5)
200a1c78:	af98                	sb	a4,24(a5)
200a1c7a:	0a078123          	sb	zero,162(a5)
200a1c7e:	0a079223          	sh	zero,164(a5)
200a1c82:	2bda                	lhu	a4,20(a5)
200a1c84:	00476713          	ori	a4,a4,4
200a1c88:	abda                	sh	a4,20(a5)
200a1c8a:	3f98                	lbu	a4,25(a5)
200a1c8c:	00476713          	ori	a4,a4,4
200a1c90:	bf98                	sb	a4,25(a5)
200a1c92:	2f98                	lbu	a4,24(a5)
200a1c94:	00476713          	ori	a4,a4,4
200a1c98:	af98                	sb	a4,24(a5)
200a1c9a:	0a078323          	sb	zero,166(a5)
200a1c9e:	0a079423          	sh	zero,168(a5)
200a1ca2:	2bda                	lhu	a4,20(a5)
200a1ca4:	00876713          	ori	a4,a4,8
200a1ca8:	abda                	sh	a4,20(a5)
200a1caa:	3f98                	lbu	a4,25(a5)
200a1cac:	00876713          	ori	a4,a4,8
200a1cb0:	bf98                	sb	a4,25(a5)
200a1cb2:	2f98                	lbu	a4,24(a5)
200a1cb4:	00876713          	ori	a4,a4,8
200a1cb8:	af98                	sb	a4,24(a5)
200a1cba:	0a078523          	sb	zero,170(a5)
200a1cbe:	8082                	ret

200a1cc0 <USBHS_RCC_Init>:
200a1cc0:	dc4fe2ef          	jal	t0,200a0284 <__riscv_save_0>
200a1cc4:	c501                	beqz	a0,200a1ccc <USBHS_RCC_Init+0xc>
200a1cc6:	3da1                	jal	200a1b1e <USBHS_RCC_Init.part.0>
200a1cc8:	de0fe06f          	j	200a02a8 <__riscv_restore_0>
200a1ccc:	4581                	li	a1,0
200a1cce:	28b01513          	bseti	a0,zero,0xb
200a1cd2:	ec5fe0ef          	jal	ra,200a0b96 <RCC_HBPeriphClockCmd>
200a1cd6:	4501                	li	a0,0
200a1cd8:	f8dfe0ef          	jal	ra,200a0c64 <RCC_UTMIcmd>
200a1cdc:	400217b7          	lui	a5,0x40021
200a1ce0:	479c                	lw	a5,8(a5)
200a1ce2:	70000737          	lui	a4,0x70000
200a1ce6:	8ff9                	and	a5,a5,a4
200a1ce8:	40000737          	lui	a4,0x40000
200a1cec:	fce78ee3          	beq	a5,a4,200a1cc8 <USBHS_RCC_Init+0x8>
200a1cf0:	4501                	li	a0,0
200a1cf2:	f31fe0ef          	jal	ra,200a0c22 <RCC_USBHS_PLLCmd>
200a1cf6:	bfc9                	j	200a1cc8 <USBHS_RCC_Init+0x8>

200a1cf8 <USBHS_Device_Init>:
200a1cf8:	d8cfe2ef          	jal	t0,200a0284 <__riscv_save_0>
200a1cfc:	c51d                	beqz	a0,200a1d2a <USBHS_Device_Init+0x32>
200a1cfe:	3505                	jal	200a1b1e <USBHS_RCC_Init.part.0>
200a1d00:	40030437          	lui	s0,0x40030
200a1d04:	47a5                	li	a5,9
200a1d06:	a01c                	sb	a5,0(s0)
200a1d08:	05f00793          	li	a5,95
200a1d0c:	a03c                	sb	a5,2(s0)
200a1d0e:	3f29                	jal	200a1c28 <USBHS_Device_Endp_Init>
200a1d10:	4785                	li	a5,1
200a1d12:	b01c                	sb	a5,1(s0)
200a1d14:	fb800793          	li	a5,-72
200a1d18:	a01c                	sb	a5,0(s0)
200a1d1a:	01000737          	lui	a4,0x1000
200a1d1e:	e000e7b7          	lui	a5,0xe000e
200a1d22:	10e7a223          	sw	a4,260(a5) # e000e104 <USBSS_EP2_Tx_Th0_Buf+0xbfeee104>
200a1d26:	d82fe06f          	j	200a02a8 <__riscv_restore_0>
200a1d2a:	400307b7          	lui	a5,0x40030
200a1d2e:	470d                	li	a4,3
200a1d30:	a398                	sb	a4,0(a5)
200a1d32:	e000e7b7          	lui	a5,0xe000e
200a1d36:	01000737          	lui	a4,0x1000
200a1d3a:	18e7a223          	sw	a4,388(a5) # e000e184 <USBSS_EP2_Tx_Th0_Buf+0xbfeee184>
200a1d3e:	0000100f          	fence.i
200a1d42:	3fbd                	jal	200a1cc0 <USBHS_RCC_Init>
200a1d44:	b7cd                	j	200a1d26 <USBHS_Device_Init+0x2e>

200a1d46 <USBHS_IRQHandler>:
200a1d46:	1101                	addi	sp,sp,-32
200a1d48:	cc26                	sw	s1,24(sp)
200a1d4a:	ce22                	sw	s0,28(sp)
200a1d4c:	ca4a                	sw	s2,20(sp)
200a1d4e:	c84e                	sw	s3,16(sp)
200a1d50:	c652                	sw	s4,12(sp)
200a1d52:	c456                	sw	s5,8(sp)
200a1d54:	c25a                	sw	s6,4(sp)
200a1d56:	400304b7          	lui	s1,0x40030
200a1d5a:	2494                	lbu	a3,8(s1)
200a1d5c:	3498                	lbu	a4,9(s1)
200a1d5e:	0ff6f793          	zext.b	a5,a3
200a1d62:	8ac1                	andi	a3,a3,16
200a1d64:	08068ee3          	beqz	a3,200a2600 <USBHS_IRQHandler+0x8ba>
200a1d68:	0ff77713          	zext.b	a4,a4
200a1d6c:	01077693          	andi	a3,a4,16
200a1d70:	00777793          	andi	a5,a4,7
200a1d74:	6a069e63          	bnez	a3,200a2430 <USBHS_IRQHandler+0x6ea>
200a1d78:	468d                	li	a3,3
200a1d7a:	68d78063          	beq	a5,a3,200a23fa <USBHS_IRQHandler+0x6b4>
200a1d7e:	8b11                	andi	a4,a4,4
200a1d80:	ef19                	bnez	a4,200a1d9e <USBHS_IRQHandler+0x58>
200a1d82:	cfa1                	beqz	a5,200a1dda <USBHS_IRQHandler+0x94>
200a1d84:	4705                	li	a4,1
200a1d86:	62e78c63          	beq	a5,a4,200a23be <USBHS_IRQHandler+0x678>
200a1d8a:	4472                	lw	s0,28(sp)
200a1d8c:	44e2                	lw	s1,24(sp)
200a1d8e:	4952                	lw	s2,20(sp)
200a1d90:	49c2                	lw	s3,16(sp)
200a1d92:	4a32                	lw	s4,12(sp)
200a1d94:	4aa2                	lw	s5,8(sp)
200a1d96:	4b12                	lw	s6,4(sp)
200a1d98:	6105                	addi	sp,sp,32
200a1d9a:	30200073          	mret
200a1d9e:	4715                	li	a4,5
200a1da0:	fee795e3          	bne	a5,a4,200a1d8a <USBHS_IRQHandler+0x44>
200a1da4:	0b34c783          	lbu	a5,179(s1) # 400300b3 <USBSS_EP2_Tx_Th0_Buf+0x1ff100b3>
200a1da8:	07f7f793          	andi	a5,a5,127
200a1dac:	0af489a3          	sb	a5,179(s1)
200a1db0:	0b34c783          	lbu	a5,179(s1)
200a1db4:	8bc1                	andi	a5,a5,16
200a1db6:	cb89                	beqz	a5,200a1dc8 <USBHS_IRQHandler+0x82>
200a1db8:	0904d783          	lhu	a5,144(s1)
200a1dbc:	0b34c783          	lbu	a5,179(s1)
200a1dc0:	0047c793          	xori	a5,a5,4
200a1dc4:	0af489a3          	sb	a5,179(s1)
200a1dc8:	0b34c783          	lbu	a5,179(s1)
200a1dcc:	0fc7f793          	andi	a5,a5,252
200a1dd0:	0027e793          	ori	a5,a5,2
200a1dd4:	0af489a3          	sb	a5,179(s1)
200a1dd8:	bf4d                	j	200a1d8a <USBHS_IRQHandler+0x44>
200a1dda:	09f4c783          	lbu	a5,159(s1)
200a1dde:	07f7f793          	andi	a5,a5,127
200a1de2:	08f48fa3          	sb	a5,159(s1)
200a1de6:	09f4c783          	lbu	a5,159(s1)
200a1dea:	8ba1                	andi	a5,a5,8
200a1dec:	5a078963          	beqz	a5,200a239e <USBHS_IRQHandler+0x658>
200a1df0:	200d2ab7          	lui	s5,0x200d2
200a1df4:	2c4a8713          	addi	a4,s5,708 # 200d22c4 <USBHS_EP0_Buf>
200a1df8:	231c                	lbu	a5,0(a4)
200a1dfa:	2336                	lhu	a3,2(a4)
200a1dfc:	84f18823          	sb	a5,-1968(gp) # 200c1060 <USBHS_SetupReqType>
200a1e00:	331c                	lbu	a5,1(a4)
200a1e02:	84f188a3          	sb	a5,-1967(gp) # 200c1061 <USBHS_SetupReqCode>
200a1e06:	237e                	lhu	a5,6(a4)
200a1e08:	235a                	lhu	a4,4(a4)
200a1e0a:	84f19523          	sh	a5,-1974(gp) # 200c105a <USBHS_SetupReqLen>
200a1e0e:	84d19723          	sh	a3,-1970(gp) # 200c105e <USBHS_SetupReqValue>
200a1e12:	84e19623          	sh	a4,-1972(gp) # 200c105c <USBHS_SetupReqIndex>
200a1e16:	8501ca03          	lbu	s4,-1968(gp) # 200c1060 <USBHS_SetupReqType>
200a1e1a:	2c4a8693          	addi	a3,s5,708
200a1e1e:	060a7a13          	andi	s4,s4,96
200a1e22:	2a0a1563          	bnez	s4,200a20cc <USBHS_IRQHandler+0x386>
200a1e26:	8511c583          	lbu	a1,-1967(gp) # 200c1061 <USBHS_SetupReqCode>
200a1e2a:	452d                	li	a0,11
200a1e2c:	0ff5f713          	zext.b	a4,a1
200a1e30:	28b56e63          	bltu	a0,a1,200a20cc <USBHS_IRQHandler+0x386>
200a1e34:	200a65b7          	lui	a1,0x200a6
200a1e38:	a3c58593          	addi	a1,a1,-1476 # 200a5a3c <CSWTCH.69+0x10>
200a1e3c:	20b74733          	sh2add	a4,a4,a1
200a1e40:	4318                	lw	a4,0(a4)
200a1e42:	8702                	jr	a4
200a1e44:	84e1d703          	lhu	a4,-1970(gp) # 200c105e <USBHS_SetupReqValue>
200a1e48:	4699                	li	a3,6
200a1e4a:	8321                	srli	a4,a4,0x8
200a1e4c:	177d                	addi	a4,a4,-1 # ffffff <_data_lma+0xfd9ec7>
200a1e4e:	0ff77713          	zext.b	a4,a4
200a1e52:	10e6ed63          	bltu	a3,a4,200a1f6c <USBHS_IRQHandler+0x226>
200a1e56:	200a66b7          	lui	a3,0x200a6
200a1e5a:	a6c68693          	addi	a3,a3,-1428 # 200a5a6c <CSWTCH.69+0x40>
200a1e5e:	20d74733          	sh2add	a4,a4,a3
200a1e62:	4318                	lw	a4,0(a4)
200a1e64:	8702                	jr	a4
200a1e66:	200a67b7          	lui	a5,0x200a6
200a1e6a:	c8478793          	addi	a5,a5,-892 # 200a5c84 <MyDevDescr>
200a1e6e:	2384                	lbu	s1,0(a5)
200a1e70:	84f1aa23          	sw	a5,-1964(gp) # 200c1064 <pUSBHS_Descr>
200a1e74:	a835                	j	200a1eb0 <USBHS_IRQHandler+0x16a>
200a1e76:	400307b7          	lui	a5,0x40030
200a1e7a:	27b8                	lbu	a4,10(a5)
200a1e7c:	60471713          	sext.b	a4,a4
200a1e80:	0a075863          	bgez	a4,200a1f30 <USBHS_IRQHandler+0x1ea>
200a1e84:	4705                	li	a4,1
200a1e86:	84e18223          	sb	a4,-1980(gp) # 200c1054 <USBHS_DevSpeed>
200a1e8a:	20000713          	li	a4,512
200a1e8e:	84e19323          	sh	a4,-1978(gp) # 200c1056 <USBHS_DevMaxPackLen>
200a1e92:	8441c703          	lbu	a4,-1980(gp) # 200c1054 <USBHS_DevSpeed>
200a1e96:	4785                	li	a5,1
200a1e98:	0af71163          	bne	a4,a5,200a1f3a <USBHS_IRQHandler+0x1f4>
200a1e9c:	200a67b7          	lui	a5,0x200a6
200a1ea0:	c4878793          	addi	a5,a5,-952 # 200a5c48 <MyCfgDescr_HS>
200a1ea4:	33a4                	lbu	s1,3(a5)
200a1ea6:	23b8                	lbu	a4,2(a5)
200a1ea8:	84f1aa23          	sw	a5,-1964(gp) # 200c1064 <pUSBHS_Descr>
200a1eac:	04a2                	slli	s1,s1,0x8
200a1eae:	8cd9                	or	s1,s1,a4
200a1eb0:	84a1d783          	lhu	a5,-1974(gp) # 200c105a <USBHS_SetupReqLen>
200a1eb4:	00f4f463          	bgeu	s1,a5,200a1ebc <USBHS_IRQHandler+0x176>
200a1eb8:	84919523          	sh	s1,-1974(gp) # 200c105a <USBHS_SetupReqLen>
200a1ebc:	84a1d703          	lhu	a4,-1974(gp) # 200c105a <USBHS_SetupReqLen>
200a1ec0:	03f00793          	li	a5,63
200a1ec4:	04000493          	li	s1,64
200a1ec8:	00e7e663          	bltu	a5,a4,200a1ed4 <USBHS_IRQHandler+0x18e>
200a1ecc:	84a1d483          	lhu	s1,-1974(gp) # 200c105a <USBHS_SetupReqLen>
200a1ed0:	0804c4b3          	zext.h	s1,s1
200a1ed4:	8541ab03          	lw	s6,-1964(gp) # 200c1064 <pUSBHS_Descr>
200a1ed8:	8626                	mv	a2,s1
200a1eda:	2c4a8513          	addi	a0,s5,708
200a1ede:	85da                	mv	a1,s6
200a1ee0:	bd4fe0ef          	jal	ra,200a02b4 <memcpy>
200a1ee4:	9b26                	add	s6,s6,s1
200a1ee6:	8561aa23          	sw	s6,-1964(gp) # 200c1064 <pUSBHS_Descr>
200a1eea:	0ff00793          	li	a5,255
200a1eee:	1cfa0f63          	beq	s4,a5,200a20cc <USBHS_IRQHandler+0x386>
200a1ef2:	8501c783          	lbu	a5,-1968(gp) # 200c1060 <USBHS_SetupReqType>
200a1ef6:	60479793          	sext.b	a5,a5
200a1efa:	4807d363          	bgez	a5,200a2380 <USBHS_IRQHandler+0x63a>
200a1efe:	84a1d703          	lhu	a4,-1974(gp) # 200c105a <USBHS_SetupReqLen>
200a1f02:	04000793          	li	a5,64
200a1f06:	00e7e663          	bltu	a5,a4,200a1f12 <USBHS_IRQHandler+0x1cc>
200a1f0a:	84a1d783          	lhu	a5,-1974(gp) # 200c105a <USBHS_SetupReqLen>
200a1f0e:	0807c7b3          	zext.h	a5,a5
200a1f12:	84a1d703          	lhu	a4,-1974(gp) # 200c105a <USBHS_SetupReqLen>
200a1f16:	8f1d                	sub	a4,a4,a5
200a1f18:	08074733          	zext.h	a4,a4
200a1f1c:	84e19523          	sh	a4,-1974(gp) # 200c105a <USBHS_SetupReqLen>
200a1f20:	40030737          	lui	a4,0x40030
200a1f24:	08f71e23          	sh	a5,156(a4) # 4003009c <USBSS_EP2_Tx_Th0_Buf+0x1ff1009c>
200a1f28:	4799                	li	a5,6
200a1f2a:	08f70f23          	sb	a5,158(a4)
200a1f2e:	bdb1                	j	200a1d8a <USBHS_IRQHandler+0x44>
200a1f30:	84018223          	sb	zero,-1980(gp) # 200c1054 <USBHS_DevSpeed>
200a1f34:	04000713          	li	a4,64
200a1f38:	bf99                	j	200a1e8e <USBHS_IRQHandler+0x148>
200a1f3a:	200a67b7          	lui	a5,0x200a6
200a1f3e:	c0c78793          	addi	a5,a5,-1012 # 200a5c0c <MyCfgDescr_FS>
200a1f42:	b78d                	j	200a1ea4 <USBHS_IRQHandler+0x15e>
200a1f44:	84e1d783          	lhu	a5,-1970(gp) # 200c105e <USBHS_SetupReqValue>
200a1f48:	4709                	li	a4,2
200a1f4a:	0ff7f793          	zext.b	a5,a5
200a1f4e:	02e78863          	beq	a5,a4,200a1f7e <USBHS_IRQHandler+0x238>
200a1f52:	00f76a63          	bltu	a4,a5,200a1f66 <USBHS_IRQHandler+0x220>
200a1f56:	ef99                	bnez	a5,200a1f74 <USBHS_IRQHandler+0x22e>
200a1f58:	82018793          	addi	a5,gp,-2016 # 200c1030 <MyLangDescr>
200a1f5c:	2384                	lbu	s1,0(a5)
200a1f5e:	84f1aa23          	sw	a5,-1964(gp) # 200c1064 <pUSBHS_Descr>
200a1f62:	4a01                	li	s4,0
200a1f64:	b7b1                	j	200a1eb0 <USBHS_IRQHandler+0x16a>
200a1f66:	470d                	li	a4,3
200a1f68:	02e78063          	beq	a5,a4,200a1f88 <USBHS_IRQHandler+0x242>
200a1f6c:	4481                	li	s1,0
200a1f6e:	0ff00a13          	li	s4,255
200a1f72:	bf3d                	j	200a1eb0 <USBHS_IRQHandler+0x16a>
200a1f74:	200a67b7          	lui	a5,0x200a6
200a1f78:	b7c78793          	addi	a5,a5,-1156 # 200a5b7c <MyManuInfo>
200a1f7c:	bdcd                	j	200a1e6e <USBHS_IRQHandler+0x128>
200a1f7e:	200a67b7          	lui	a5,0x200a6
200a1f82:	b5478793          	addi	a5,a5,-1196 # 200a5b54 <MyProdInfo>
200a1f86:	b5e5                	j	200a1e6e <USBHS_IRQHandler+0x128>
200a1f88:	200a67b7          	lui	a5,0x200a6
200a1f8c:	b3c78793          	addi	a5,a5,-1220 # 200a5b3c <MySerNumInfo>
200a1f90:	bdf9                	j	200a1e6e <USBHS_IRQHandler+0x128>
200a1f92:	200a67b7          	lui	a5,0x200a6
200a1f96:	c0078793          	addi	a5,a5,-1024 # 200a5c00 <MyQuaDesc>
200a1f9a:	bdd1                	j	200a1e6e <USBHS_IRQHandler+0x128>
200a1f9c:	8441c683          	lbu	a3,-1980(gp) # 200c1054 <USBHS_DevSpeed>
200a1fa0:	4705                	li	a4,1
200a1fa2:	02e69d63          	bne	a3,a4,200a1fdc <USBHS_IRQHandler+0x296>
200a1fa6:	200a67b7          	lui	a5,0x200a6
200a1faa:	c0c78793          	addi	a5,a5,-1012 # 200a5c0c <MyCfgDescr_FS>
200a1fae:	33a4                	lbu	s1,3(a5)
200a1fb0:	23b8                	lbu	a4,2(a5)
200a1fb2:	200a65b7          	lui	a1,0x200a6
200a1fb6:	04a2                	slli	s1,s1,0x8
200a1fb8:	8cd9                	or	s1,s1,a4
200a1fba:	200c1537          	lui	a0,0x200c1
200a1fbe:	ffe48613          	addi	a2,s1,-2
200a1fc2:	c0e58593          	addi	a1,a1,-1010 # 200a5c0e <MyCfgDescr_FS+0x2>
200a1fc6:	cba50513          	addi	a0,a0,-838 # 200c0cba <TAB_USB_HS_OSC_DESC+0x2>
200a1fca:	aeafe0ef          	jal	ra,200a02b4 <memcpy>
200a1fce:	200c17b7          	lui	a5,0x200c1
200a1fd2:	cb878793          	addi	a5,a5,-840 # 200c0cb8 <TAB_USB_HS_OSC_DESC>
200a1fd6:	84f1aa23          	sw	a5,-1964(gp) # 200c1064 <pUSBHS_Descr>
200a1fda:	bdd9                	j	200a1eb0 <USBHS_IRQHandler+0x16a>
200a1fdc:	8441c783          	lbu	a5,-1980(gp) # 200c1054 <USBHS_DevSpeed>
200a1fe0:	0ff7fa13          	zext.b	s4,a5
200a1fe4:	f7c1                	bnez	a5,200a1f6c <USBHS_IRQHandler+0x226>
200a1fe6:	200a67b7          	lui	a5,0x200a6
200a1fea:	c4878793          	addi	a5,a5,-952 # 200a5c48 <MyCfgDescr_HS>
200a1fee:	33a4                	lbu	s1,3(a5)
200a1ff0:	23b8                	lbu	a4,2(a5)
200a1ff2:	200a65b7          	lui	a1,0x200a6
200a1ff6:	04a2                	slli	s1,s1,0x8
200a1ff8:	8cd9                	or	s1,s1,a4
200a1ffa:	200c1537          	lui	a0,0x200c1
200a1ffe:	ffe48613          	addi	a2,s1,-2
200a2002:	c4a58593          	addi	a1,a1,-950 # 200a5c4a <MyCfgDescr_HS+0x2>
200a2006:	cf650513          	addi	a0,a0,-778 # 200c0cf6 <TAB_USB_FS_OSC_DESC+0x2>
200a200a:	aaafe0ef          	jal	ra,200a02b4 <memcpy>
200a200e:	200c17b7          	lui	a5,0x200c1
200a2012:	cf478793          	addi	a5,a5,-780 # 200c0cf4 <TAB_USB_FS_OSC_DESC>
200a2016:	b7c1                	j	200a1fd6 <USBHS_IRQHandler+0x290>
200a2018:	84e1d783          	lhu	a5,-1970(gp) # 200c105e <USBHS_SetupReqValue>
200a201c:	0ff7f793          	zext.b	a5,a5
200a2020:	84f18423          	sb	a5,-1976(gp) # 200c1058 <USBHS_DevAddr>
200a2024:	b5f9                	j	200a1ef2 <USBHS_IRQHandler+0x1ac>
200a2026:	8491c783          	lbu	a5,-1975(gp) # 200c1059 <USBHS_DevConfig>
200a202a:	a29c                	sb	a5,0(a3)
200a202c:	84a1d703          	lhu	a4,-1974(gp) # 200c105a <USBHS_SetupReqLen>
200a2030:	4785                	li	a5,1
200a2032:	ece7f0e3          	bgeu	a5,a4,200a1ef2 <USBHS_IRQHandler+0x1ac>
200a2036:	84f19523          	sh	a5,-1974(gp) # 200c105a <USBHS_SetupReqLen>
200a203a:	bd65                	j	200a1ef2 <USBHS_IRQHandler+0x1ac>
200a203c:	84e1d783          	lhu	a5,-1970(gp) # 200c105e <USBHS_SetupReqValue>
200a2040:	4691                	li	a3,4
200a2042:	0ff7f793          	zext.b	a5,a5
200a2046:	84f184a3          	sb	a5,-1975(gp) # 200c1059 <USBHS_DevConfig>
200a204a:	4705                	li	a4,1
200a204c:	84e18123          	sb	a4,-1982(gp) # 200c1052 <USBHS_DevEnumStatus>
200a2050:	84d18da3          	sb	a3,-1957(gp) # 200c106b <USB_Enum_Status>
200a2054:	200d27b7          	lui	a5,0x200d2
200a2058:	0a078793          	addi	a5,a5,160 # 200d20a0 <logic_adc_info>
200a205c:	a7b8                	sb	a4,10(a5)
200a205e:	400117b7          	lui	a5,0x40011
200a2062:	c0078793          	addi	a5,a5,-1024 # 40010c00 <USBSS_EP2_Tx_Th0_Buf+0x1fef0c00>
200a2066:	4741                	li	a4,16
200a2068:	cbd8                	sw	a4,20(a5)
200a206a:	b561                	j	200a1ef2 <USBHS_IRQHandler+0x1ac>
200a206c:	8501c703          	lbu	a4,-1968(gp) # 200c1060 <USBHS_SetupReqType>
200a2070:	8b7d                	andi	a4,a4,31
200a2072:	ef19                	bnez	a4,200a2090 <USBHS_IRQHandler+0x34a>
200a2074:	84e1d783          	lhu	a5,-1970(gp) # 200c105e <USBHS_SetupReqValue>
200a2078:	4705                	li	a4,1
200a207a:	0ff7f793          	zext.b	a5,a5
200a207e:	04e79763          	bne	a5,a4,200a20cc <USBHS_IRQHandler+0x386>
200a2082:	8431c783          	lbu	a5,-1981(gp) # 200c1053 <USBHS_DevSleepStatus>
200a2086:	0fe7f793          	andi	a5,a5,254
200a208a:	84f181a3          	sb	a5,-1981(gp) # 200c1053 <USBHS_DevSleepStatus>
200a208e:	b595                	j	200a1ef2 <USBHS_IRQHandler+0x1ac>
200a2090:	8501c703          	lbu	a4,-1968(gp) # 200c1060 <USBHS_SetupReqType>
200a2094:	4689                	li	a3,2
200a2096:	8b7d                	andi	a4,a4,31
200a2098:	02d71a63          	bne	a4,a3,200a20cc <USBHS_IRQHandler+0x386>
200a209c:	84e1d783          	lhu	a5,-1970(gp) # 200c105e <USBHS_SetupReqValue>
200a20a0:	0ff7f793          	zext.b	a5,a5
200a20a4:	e785                	bnez	a5,200a20cc <USBHS_IRQHandler+0x386>
200a20a6:	84c1d783          	lhu	a5,-1972(gp) # 200c105c <USBHS_SetupReqIndex>
200a20aa:	08100693          	li	a3,129
200a20ae:	0ff7f793          	zext.b	a5,a5
200a20b2:	04d78763          	beq	a5,a3,200a2100 <USBHS_IRQHandler+0x3ba>
200a20b6:	02f6e363          	bltu	a3,a5,200a20dc <USBHS_IRQHandler+0x396>
200a20ba:	468d                	li	a3,3
200a20bc:	04d78763          	beq	a5,a3,200a210a <USBHS_IRQHandler+0x3c4>
200a20c0:	4695                	li	a3,5
200a20c2:	04d78e63          	beq	a5,a3,200a211e <USBHS_IRQHandler+0x3d8>
200a20c6:	4685                	li	a3,1
200a20c8:	02d78763          	beq	a5,a3,200a20f6 <USBHS_IRQHandler+0x3b0>
200a20cc:	400307b7          	lui	a5,0x40030
200a20d0:	4715                	li	a4,5
200a20d2:	08e78f23          	sb	a4,158(a5) # 4003009e <USBSS_EP2_Tx_Th0_Buf+0x1ff1009e>
200a20d6:	08e78fa3          	sb	a4,159(a5)
200a20da:	b945                	j	200a1d8a <USBHS_IRQHandler+0x44>
200a20dc:	08400713          	li	a4,132
200a20e0:	02e78a63          	beq	a5,a4,200a2114 <USBHS_IRQHandler+0x3ce>
200a20e4:	08600713          	li	a4,134
200a20e8:	fee792e3          	bne	a5,a4,200a20cc <USBHS_IRQHandler+0x386>
200a20ec:	400307b7          	lui	a5,0x40030
200a20f0:	0a078b23          	sb	zero,182(a5) # 400300b6 <USBSS_EP2_Tx_Th0_Buf+0x1ff100b6>
200a20f4:	bbfd                	j	200a1ef2 <USBHS_IRQHandler+0x1ac>
200a20f6:	400307b7          	lui	a5,0x40030
200a20fa:	0ae781a3          	sb	a4,163(a5) # 400300a3 <USBSS_EP2_Tx_Th0_Buf+0x1ff100a3>
200a20fe:	bbd5                	j	200a1ef2 <USBHS_IRQHandler+0x1ac>
200a2100:	400307b7          	lui	a5,0x40030
200a2104:	0a078123          	sb	zero,162(a5) # 400300a2 <USBSS_EP2_Tx_Th0_Buf+0x1ff100a2>
200a2108:	b3ed                	j	200a1ef2 <USBHS_IRQHandler+0x1ac>
200a210a:	400307b7          	lui	a5,0x40030
200a210e:	0ae785a3          	sb	a4,171(a5) # 400300ab <USBSS_EP2_Tx_Th0_Buf+0x1ff100ab>
200a2112:	b3c5                	j	200a1ef2 <USBHS_IRQHandler+0x1ac>
200a2114:	400307b7          	lui	a5,0x40030
200a2118:	0a078723          	sb	zero,174(a5) # 400300ae <USBSS_EP2_Tx_Th0_Buf+0x1ff100ae>
200a211c:	bbd9                	j	200a1ef2 <USBHS_IRQHandler+0x1ac>
200a211e:	400307b7          	lui	a5,0x40030
200a2122:	0ae789a3          	sb	a4,179(a5) # 400300b3 <USBSS_EP2_Tx_Th0_Buf+0x1ff100b3>
200a2126:	b3f1                	j	200a1ef2 <USBHS_IRQHandler+0x1ac>
200a2128:	8501c703          	lbu	a4,-1968(gp) # 200c1060 <USBHS_SetupReqType>
200a212c:	8b7d                	andi	a4,a4,31
200a212e:	eb41                	bnez	a4,200a21be <USBHS_IRQHandler+0x478>
200a2130:	84e1d703          	lhu	a4,-1970(gp) # 200c105e <USBHS_SetupReqValue>
200a2134:	4685                	li	a3,1
200a2136:	0ff77713          	zext.b	a4,a4
200a213a:	02d71c63          	bne	a4,a3,200a2172 <USBHS_IRQHandler+0x42c>
200a213e:	8441c783          	lbu	a5,-1980(gp) # 200c1054 <USBHS_DevSpeed>
200a2142:	00e79963          	bne	a5,a4,200a2154 <USBHS_IRQHandler+0x40e>
200a2146:	200a67b7          	lui	a5,0x200a6
200a214a:	c4f7c783          	lbu	a5,-945(a5) # 200a5c4f <MyCfgDescr_HS+0x7>
200a214e:	0207f793          	andi	a5,a5,32
200a2152:	eb99                	bnez	a5,200a2168 <USBHS_IRQHandler+0x422>
200a2154:	8441c783          	lbu	a5,-1980(gp) # 200c1054 <USBHS_DevSpeed>
200a2158:	fbb5                	bnez	a5,200a20cc <USBHS_IRQHandler+0x386>
200a215a:	200a67b7          	lui	a5,0x200a6
200a215e:	c137c783          	lbu	a5,-1005(a5) # 200a5c13 <MyCfgDescr_FS+0x7>
200a2162:	0207f793          	andi	a5,a5,32
200a2166:	d3bd                	beqz	a5,200a20cc <USBHS_IRQHandler+0x386>
200a2168:	8431c783          	lbu	a5,-1981(gp) # 200c1053 <USBHS_DevSleepStatus>
200a216c:	0017e793          	ori	a5,a5,1
200a2170:	bf29                	j	200a208a <USBHS_IRQHandler+0x344>
200a2172:	84e1d783          	lhu	a5,-1970(gp) # 200c105e <USBHS_SetupReqValue>
200a2176:	4709                	li	a4,2
200a2178:	0ff7f793          	zext.b	a5,a5
200a217c:	f4e798e3          	bne	a5,a4,200a20cc <USBHS_IRQHandler+0x386>
200a2180:	84c1d703          	lhu	a4,-1972(gp) # 200c105c <USBHS_SetupReqIndex>
200a2184:	10000793          	li	a5,256
200a2188:	02f70463          	beq	a4,a5,200a21b0 <USBHS_IRQHandler+0x46a>
200a218c:	84c1d703          	lhu	a4,-1972(gp) # 200c105c <USBHS_SetupReqIndex>
200a2190:	20000793          	li	a5,512
200a2194:	00f70e63          	beq	a4,a5,200a21b0 <USBHS_IRQHandler+0x46a>
200a2198:	84c1d703          	lhu	a4,-1972(gp) # 200c105c <USBHS_SetupReqIndex>
200a219c:	30000793          	li	a5,768
200a21a0:	00f70863          	beq	a4,a5,200a21b0 <USBHS_IRQHandler+0x46a>
200a21a4:	84c1d703          	lhu	a4,-1972(gp) # 200c105c <USBHS_SetupReqIndex>
200a21a8:	40000793          	li	a5,1024
200a21ac:	d4f713e3          	bne	a4,a5,200a1ef2 <USBHS_IRQHandler+0x1ac>
200a21b0:	8581c783          	lbu	a5,-1960(gp) # 200c1068 <USBHS_Test_Flag>
200a21b4:	0807e793          	ori	a5,a5,128
200a21b8:	84f18c23          	sb	a5,-1960(gp) # 200c1068 <USBHS_Test_Flag>
200a21bc:	bb1d                	j	200a1ef2 <USBHS_IRQHandler+0x1ac>
200a21be:	8501c703          	lbu	a4,-1968(gp) # 200c1060 <USBHS_SetupReqType>
200a21c2:	4689                	li	a3,2
200a21c4:	8b7d                	andi	a4,a4,31
200a21c6:	d2d716e3          	bne	a4,a3,200a1ef2 <USBHS_IRQHandler+0x1ac>
200a21ca:	84e1d783          	lhu	a5,-1970(gp) # 200c105e <USBHS_SetupReqValue>
200a21ce:	0ff7f793          	zext.b	a5,a5
200a21d2:	d20790e3          	bnez	a5,200a1ef2 <USBHS_IRQHandler+0x1ac>
200a21d6:	84c1d783          	lhu	a5,-1972(gp) # 200c105c <USBHS_SetupReqIndex>
200a21da:	08100713          	li	a4,129
200a21de:	0ff7f793          	zext.b	a5,a5
200a21e2:	04e78b63          	beq	a5,a4,200a2238 <USBHS_IRQHandler+0x4f2>
200a21e6:	02f76663          	bltu	a4,a5,200a2212 <USBHS_IRQHandler+0x4cc>
200a21ea:	470d                	li	a4,3
200a21ec:	06e78163          	beq	a5,a4,200a224e <USBHS_IRQHandler+0x508>
200a21f0:	4715                	li	a4,5
200a21f2:	08e78463          	beq	a5,a4,200a227a <USBHS_IRQHandler+0x534>
200a21f6:	4705                	li	a4,1
200a21f8:	ece79ae3          	bne	a5,a4,200a20cc <USBHS_IRQHandler+0x386>
200a21fc:	40030737          	lui	a4,0x40030
200a2200:	0a374783          	lbu	a5,163(a4) # 400300a3 <USBSS_EP2_Tx_Th0_Buf+0x1ff100a3>
200a2204:	0fc7f793          	andi	a5,a5,252
200a2208:	0017e793          	ori	a5,a5,1
200a220c:	0af701a3          	sb	a5,163(a4)
200a2210:	b1cd                	j	200a1ef2 <USBHS_IRQHandler+0x1ac>
200a2212:	08400713          	li	a4,132
200a2216:	04e78763          	beq	a5,a4,200a2264 <USBHS_IRQHandler+0x51e>
200a221a:	08600713          	li	a4,134
200a221e:	eae797e3          	bne	a5,a4,200a20cc <USBHS_IRQHandler+0x386>
200a2222:	40030737          	lui	a4,0x40030
200a2226:	0b674783          	lbu	a5,182(a4) # 400300b6 <USBSS_EP2_Tx_Th0_Buf+0x1ff100b6>
200a222a:	0fc7f793          	andi	a5,a5,252
200a222e:	0017e793          	ori	a5,a5,1
200a2232:	0af70b23          	sb	a5,182(a4)
200a2236:	b975                	j	200a1ef2 <USBHS_IRQHandler+0x1ac>
200a2238:	40030737          	lui	a4,0x40030
200a223c:	0a274783          	lbu	a5,162(a4) # 400300a2 <USBSS_EP2_Tx_Th0_Buf+0x1ff100a2>
200a2240:	0fc7f793          	andi	a5,a5,252
200a2244:	0017e793          	ori	a5,a5,1
200a2248:	0af70123          	sb	a5,162(a4)
200a224c:	b15d                	j	200a1ef2 <USBHS_IRQHandler+0x1ac>
200a224e:	40030737          	lui	a4,0x40030
200a2252:	0ab74783          	lbu	a5,171(a4) # 400300ab <USBSS_EP2_Tx_Th0_Buf+0x1ff100ab>
200a2256:	0fc7f793          	andi	a5,a5,252
200a225a:	0017e793          	ori	a5,a5,1
200a225e:	0af705a3          	sb	a5,171(a4)
200a2262:	b941                	j	200a1ef2 <USBHS_IRQHandler+0x1ac>
200a2264:	40030737          	lui	a4,0x40030
200a2268:	0ae74783          	lbu	a5,174(a4) # 400300ae <USBSS_EP2_Tx_Th0_Buf+0x1ff100ae>
200a226c:	0fc7f793          	andi	a5,a5,252
200a2270:	0017e793          	ori	a5,a5,1
200a2274:	0af70723          	sb	a5,174(a4)
200a2278:	b9ad                	j	200a1ef2 <USBHS_IRQHandler+0x1ac>
200a227a:	40030737          	lui	a4,0x40030
200a227e:	0b374783          	lbu	a5,179(a4) # 400300b3 <USBSS_EP2_Tx_Th0_Buf+0x1ff100b3>
200a2282:	0fc7f793          	andi	a5,a5,252
200a2286:	0017e793          	ori	a5,a5,1
200a228a:	0af709a3          	sb	a5,179(a4)
200a228e:	b195                	j	200a1ef2 <USBHS_IRQHandler+0x1ac>
200a2290:	00068023          	sb	zero,0(a3)
200a2294:	bb61                	j	200a202c <USBHS_IRQHandler+0x2e6>
200a2296:	8501c783          	lbu	a5,-1968(gp) # 200c1060 <USBHS_SetupReqType>
200a229a:	2c0a9223          	sh	zero,708(s5)
200a229e:	4709                	li	a4,2
200a22a0:	8bfd                	andi	a5,a5,31
200a22a2:	0ae79e63          	bne	a5,a4,200a235e <USBHS_IRQHandler+0x618>
200a22a6:	84c1d703          	lhu	a4,-1972(gp) # 200c105c <USBHS_SetupReqIndex>
200a22aa:	08100613          	li	a2,129
200a22ae:	0ff77713          	zext.b	a4,a4
200a22b2:	06c70563          	beq	a4,a2,200a231c <USBHS_IRQHandler+0x5d6>
200a22b6:	02e66363          	bltu	a2,a4,200a22dc <USBHS_IRQHandler+0x596>
200a22ba:	460d                	li	a2,3
200a22bc:	06c70d63          	beq	a4,a2,200a2336 <USBHS_IRQHandler+0x5f0>
200a22c0:	4615                	li	a2,5
200a22c2:	08c70463          	beq	a4,a2,200a234a <USBHS_IRQHandler+0x604>
200a22c6:	4785                	li	a5,1
200a22c8:	04f70263          	beq	a4,a5,200a230c <USBHS_IRQHandler+0x5c6>
200a22cc:	84a1d703          	lhu	a4,-1974(gp) # 200c105a <USBHS_SetupReqLen>
200a22d0:	4789                	li	a5,2
200a22d2:	dee7fde3          	bgeu	a5,a4,200a20cc <USBHS_IRQHandler+0x386>
200a22d6:	84f19523          	sh	a5,-1974(gp) # 200c105a <USBHS_SetupReqLen>
200a22da:	bbcd                	j	200a20cc <USBHS_IRQHandler+0x386>
200a22dc:	08400613          	li	a2,132
200a22e0:	06c70063          	beq	a4,a2,200a2340 <USBHS_IRQHandler+0x5fa>
200a22e4:	08600613          	li	a2,134
200a22e8:	06c70663          	beq	a4,a2,200a2354 <USBHS_IRQHandler+0x60e>
200a22ec:	08200613          	li	a2,130
200a22f0:	fcc71ee3          	bne	a4,a2,200a22cc <USBHS_IRQHandler+0x586>
200a22f4:	40030737          	lui	a4,0x40030
200a22f8:	0a674703          	lbu	a4,166(a4) # 400300a6 <USBSS_EP2_Tx_Th0_Buf+0x1ff100a6>
200a22fc:	8b0d                	andi	a4,a4,3
200a22fe:	4605                	li	a2,1
200a2300:	00c71363          	bne	a4,a2,200a2306 <USBHS_IRQHandler+0x5c0>
200a2304:	a298                	sb	a4,0(a3)
200a2306:	84a1d703          	lhu	a4,-1974(gp) # 200c105a <USBHS_SetupReqLen>
200a230a:	b325                	j	200a2032 <USBHS_IRQHandler+0x2ec>
200a230c:	400307b7          	lui	a5,0x40030
200a2310:	0a37c783          	lbu	a5,163(a5) # 400300a3 <USBSS_EP2_Tx_Th0_Buf+0x1ff100a3>
200a2314:	8b8d                	andi	a5,a5,3
200a2316:	00e79363          	bne	a5,a4,200a231c <USBHS_IRQHandler+0x5d6>
200a231a:	a29c                	sb	a5,0(a3)
200a231c:	400307b7          	lui	a5,0x40030
200a2320:	0a27c783          	lbu	a5,162(a5) # 400300a2 <USBSS_EP2_Tx_Th0_Buf+0x1ff100a2>
200a2324:	4705                	li	a4,1
200a2326:	8b8d                	andi	a5,a5,3
200a2328:	00e79363          	bne	a5,a4,200a232e <USBHS_IRQHandler+0x5e8>
200a232c:	a29c                	sb	a5,0(a3)
200a232e:	84a1d703          	lhu	a4,-1974(gp) # 200c105a <USBHS_SetupReqLen>
200a2332:	4789                	li	a5,2
200a2334:	b9fd                	j	200a2032 <USBHS_IRQHandler+0x2ec>
200a2336:	40030737          	lui	a4,0x40030
200a233a:	0ab74703          	lbu	a4,171(a4) # 400300ab <USBSS_EP2_Tx_Th0_Buf+0x1ff100ab>
200a233e:	bf7d                	j	200a22fc <USBHS_IRQHandler+0x5b6>
200a2340:	40030737          	lui	a4,0x40030
200a2344:	0ae74703          	lbu	a4,174(a4) # 400300ae <USBSS_EP2_Tx_Th0_Buf+0x1ff100ae>
200a2348:	bf55                	j	200a22fc <USBHS_IRQHandler+0x5b6>
200a234a:	40030737          	lui	a4,0x40030
200a234e:	0b374703          	lbu	a4,179(a4) # 400300b3 <USBSS_EP2_Tx_Th0_Buf+0x1ff100b3>
200a2352:	b76d                	j	200a22fc <USBHS_IRQHandler+0x5b6>
200a2354:	40030737          	lui	a4,0x40030
200a2358:	0b674703          	lbu	a4,182(a4) # 400300b6 <USBSS_EP2_Tx_Th0_Buf+0x1ff100b6>
200a235c:	b745                	j	200a22fc <USBHS_IRQHandler+0x5b6>
200a235e:	8501c783          	lbu	a5,-1968(gp) # 200c1060 <USBHS_SetupReqType>
200a2362:	8bfd                	andi	a5,a5,31
200a2364:	cb81                	beqz	a5,200a2374 <USBHS_IRQHandler+0x62e>
200a2366:	84a1d783          	lhu	a5,-1974(gp) # 200c105a <USBHS_SetupReqLen>
200a236a:	b8f774e3          	bgeu	a4,a5,200a1ef2 <USBHS_IRQHandler+0x1ac>
200a236e:	84e19523          	sh	a4,-1974(gp) # 200c105a <USBHS_SetupReqLen>
200a2372:	b641                	j	200a1ef2 <USBHS_IRQHandler+0x1ac>
200a2374:	8431c783          	lbu	a5,-1981(gp) # 200c1053 <USBHS_DevSleepStatus>
200a2378:	8b85                	andi	a5,a5,1
200a237a:	d7f5                	beqz	a5,200a2366 <USBHS_IRQHandler+0x620>
200a237c:	a298                	sb	a4,0(a3)
200a237e:	b7e5                	j	200a2366 <USBHS_IRQHandler+0x620>
200a2380:	84a1d783          	lhu	a5,-1974(gp) # 200c105a <USBHS_SetupReqLen>
200a2384:	eb89                	bnez	a5,200a2396 <USBHS_IRQHandler+0x650>
200a2386:	400307b7          	lui	a5,0x40030
200a238a:	08079e23          	sh	zero,156(a5) # 4003009c <USBSS_EP2_Tx_Th0_Buf+0x1ff1009c>
200a238e:	4719                	li	a4,6
200a2390:	08e78f23          	sb	a4,158(a5)
200a2394:	badd                	j	200a1d8a <USBHS_IRQHandler+0x44>
200a2396:	400307b7          	lui	a5,0x40030
200a239a:	4719                	li	a4,6
200a239c:	bb2d                	j	200a20d6 <USBHS_IRQHandler+0x390>
200a239e:	08048fa3          	sb	zero,159(s1)
200a23a2:	07c4d783          	lhu	a5,124(s1)
200a23a6:	8501c783          	lbu	a5,-1968(gp) # 200c1060 <USBHS_SetupReqType>
200a23aa:	0607f793          	andi	a5,a5,96
200a23ae:	c399                	beqz	a5,200a23b4 <USBHS_IRQHandler+0x66e>
200a23b0:	84019523          	sh	zero,-1974(gp) # 200c105a <USBHS_SetupReqLen>
200a23b4:	84a1d783          	lhu	a5,-1974(gp) # 200c105a <USBHS_SetupReqLen>
200a23b8:	9c0799e3          	bnez	a5,200a1d8a <USBHS_IRQHandler+0x44>
200a23bc:	b7e9                	j	200a2386 <USBHS_IRQHandler+0x640>
200a23be:	0a34c703          	lbu	a4,163(s1)
200a23c2:	07f77713          	andi	a4,a4,127
200a23c6:	0ae481a3          	sb	a4,163(s1)
200a23ca:	0a34c703          	lbu	a4,163(s1)
200a23ce:	8b41                	andi	a4,a4,16
200a23d0:	cf01                	beqz	a4,200a23e8 <USBHS_IRQHandler+0x6a2>
200a23d2:	200d2737          	lui	a4,0x200d2
200a23d6:	0a070713          	addi	a4,a4,160 # 200d20a0 <logic_adc_info>
200a23da:	a75c                	sb	a5,12(a4)
200a23dc:	0a34c783          	lbu	a5,163(s1)
200a23e0:	0047c793          	xori	a5,a5,4
200a23e4:	0af481a3          	sb	a5,163(s1)
200a23e8:	0a34c783          	lbu	a5,163(s1)
200a23ec:	0fc7f793          	andi	a5,a5,252
200a23f0:	0027e793          	ori	a5,a5,2
200a23f4:	0af481a3          	sb	a5,163(s1)
200a23f8:	ba49                	j	200a1d8a <USBHS_IRQHandler+0x44>
200a23fa:	0ab4c783          	lbu	a5,171(s1)
200a23fe:	07f7f793          	andi	a5,a5,127
200a2402:	0af485a3          	sb	a5,171(s1)
200a2406:	0ab4c783          	lbu	a5,171(s1)
200a240a:	8bc1                	andi	a5,a5,16
200a240c:	cb89                	beqz	a5,200a241e <USBHS_IRQHandler+0x6d8>
200a240e:	0884d783          	lhu	a5,136(s1)
200a2412:	0ab4c783          	lbu	a5,171(s1)
200a2416:	0047c793          	xori	a5,a5,4
200a241a:	0af485a3          	sb	a5,171(s1)
200a241e:	0ab4c783          	lbu	a5,171(s1)
200a2422:	0fc7f793          	andi	a5,a5,252
200a2426:	0027e793          	ori	a5,a5,2
200a242a:	0af485a3          	sb	a5,171(s1)
200a242e:	bab1                	j	200a1d8a <USBHS_IRQHandler+0x44>
200a2430:	4719                	li	a4,6
200a2432:	94f76ce3          	bltu	a4,a5,200a1d8a <USBHS_IRQHandler+0x44>
200a2436:	200a6737          	lui	a4,0x200a6
200a243a:	a8870713          	addi	a4,a4,-1400 # 200a5a88 <CSWTCH.69+0x5c>
200a243e:	20e7c7b3          	sh2add	a5,a5,a4
200a2442:	439c                	lw	a5,0(a5)
200a2444:	8782                	jr	a5
200a2446:	400307b7          	lui	a5,0x40030
200a244a:	09e7c703          	lbu	a4,158(a5) # 4003009e <USBSS_EP2_Tx_Th0_Buf+0x1ff1009e>
200a244e:	07f77713          	andi	a4,a4,127
200a2452:	08e78f23          	sb	a4,158(a5)
200a2456:	84a1d703          	lhu	a4,-1974(gp) # 200c105a <USBHS_SetupReqLen>
200a245a:	e701                	bnez	a4,200a2462 <USBHS_IRQHandler+0x71c>
200a245c:	4719                	li	a4,6
200a245e:	08e78fa3          	sb	a4,159(a5)
200a2462:	8501c783          	lbu	a5,-1968(gp) # 200c1060 <USBHS_SetupReqType>
200a2466:	0607f793          	andi	a5,a5,96
200a246a:	efad                	bnez	a5,200a24e4 <USBHS_IRQHandler+0x79e>
200a246c:	8511c783          	lbu	a5,-1967(gp) # 200c1061 <USBHS_SetupReqCode>
200a2470:	4695                	li	a3,5
200a2472:	0ff7f713          	zext.b	a4,a5
200a2476:	08d78063          	beq	a5,a3,200a24f6 <USBHS_IRQHandler+0x7b0>
200a247a:	4799                	li	a5,6
200a247c:	08f71563          	bne	a4,a5,200a2506 <USBHS_IRQHandler+0x7c0>
200a2480:	84a1d703          	lhu	a4,-1974(gp) # 200c105a <USBHS_SetupReqLen>
200a2484:	03f00793          	li	a5,63
200a2488:	04000413          	li	s0,64
200a248c:	00e7e663          	bltu	a5,a4,200a2498 <USBHS_IRQHandler+0x752>
200a2490:	84a1d403          	lhu	s0,-1974(gp) # 200c105a <USBHS_SetupReqLen>
200a2494:	08044433          	zext.h	s0,s0
200a2498:	8541a903          	lw	s2,-1964(gp) # 200c1064 <pUSBHS_Descr>
200a249c:	200d2537          	lui	a0,0x200d2
200a24a0:	8622                	mv	a2,s0
200a24a2:	85ca                	mv	a1,s2
200a24a4:	2c450513          	addi	a0,a0,708 # 200d22c4 <USBHS_EP0_Buf>
200a24a8:	e0dfd0ef          	jal	ra,200a02b4 <memcpy>
200a24ac:	84a1d783          	lhu	a5,-1974(gp) # 200c105a <USBHS_SetupReqLen>
200a24b0:	9922                	add	s2,s2,s0
200a24b2:	8521aa23          	sw	s2,-1964(gp) # 200c1064 <pUSBHS_Descr>
200a24b6:	8f81                	sub	a5,a5,s0
200a24b8:	0807c7b3          	zext.h	a5,a5
200a24bc:	84f19523          	sh	a5,-1974(gp) # 200c105a <USBHS_SetupReqLen>
200a24c0:	400307b7          	lui	a5,0x40030
200a24c4:	08879e23          	sh	s0,156(a5) # 4003009c <USBSS_EP2_Tx_Th0_Buf+0x1ff1009c>
200a24c8:	09e7c703          	lbu	a4,158(a5)
200a24cc:	00474713          	xori	a4,a4,4
200a24d0:	08e78f23          	sb	a4,158(a5)
200a24d4:	09e7c703          	lbu	a4,158(a5)
200a24d8:	0fc77713          	andi	a4,a4,252
200a24dc:	00276713          	ori	a4,a4,2
200a24e0:	08e78f23          	sb	a4,158(a5)
200a24e4:	8581c783          	lbu	a5,-1960(gp) # 200c1068 <USBHS_Test_Flag>
200a24e8:	60479793          	sext.b	a5,a5
200a24ec:	8807dfe3          	bgez	a5,200a1d8a <USBHS_IRQHandler+0x44>
200a24f0:	e86ff0ef          	jal	ra,200a1b76 <USB_TestMode_Deal>
200a24f4:	b859                	j	200a1d8a <USBHS_IRQHandler+0x44>
200a24f6:	8481c783          	lbu	a5,-1976(gp) # 200c1058 <USBHS_DevAddr>
200a24fa:	40030737          	lui	a4,0x40030
200a24fe:	0ff7f793          	zext.b	a5,a5
200a2502:	b33c                	sb	a5,3(a4)
200a2504:	b7c5                	j	200a24e4 <USBHS_IRQHandler+0x79e>
200a2506:	400307b7          	lui	a5,0x40030
200a250a:	08079e23          	sh	zero,156(a5) # 4003009c <USBSS_EP2_Tx_Th0_Buf+0x1ff1009c>
200a250e:	bfd9                	j	200a24e4 <USBHS_IRQHandler+0x79e>
200a2510:	400307b7          	lui	a5,0x40030
200a2514:	0a27c703          	lbu	a4,162(a5) # 400300a2 <USBSS_EP2_Tx_Th0_Buf+0x1ff100a2>
200a2518:	0fc77713          	andi	a4,a4,252
200a251c:	0ae78123          	sb	a4,162(a5)
200a2520:	0a27c703          	lbu	a4,162(a5)
200a2524:	07f77713          	andi	a4,a4,127
200a2528:	0ae78123          	sb	a4,162(a5)
200a252c:	85fff06f          	j	200a1d8a <USBHS_IRQHandler+0x44>
200a2530:	200d27b7          	lui	a5,0x200d2
200a2534:	0a078793          	addi	a5,a5,160 # 200d20a0 <logic_adc_info>
200a2538:	00078ca3          	sb	zero,25(a5)
200a253c:	400307b7          	lui	a5,0x40030
200a2540:	0a67c703          	lbu	a4,166(a5) # 400300a6 <USBSS_EP2_Tx_Th0_Buf+0x1ff100a6>
200a2544:	0fc77713          	andi	a4,a4,252
200a2548:	0ae78323          	sb	a4,166(a5)
200a254c:	0a67c703          	lbu	a4,166(a5)
200a2550:	07f77713          	andi	a4,a4,127
200a2554:	0ae78323          	sb	a4,166(a5)
200a2558:	833ff06f          	j	200a1d8a <USBHS_IRQHandler+0x44>
200a255c:	200d27b7          	lui	a5,0x200d2
200a2560:	0a078793          	addi	a5,a5,160 # 200d20a0 <logic_adc_info>
200a2564:	20078ea3          	sb	zero,541(a5)
200a2568:	400307b7          	lui	a5,0x40030
200a256c:	0aa7c703          	lbu	a4,170(a5) # 400300aa <USBSS_EP2_Tx_Th0_Buf+0x1ff100aa>
200a2570:	0fc77713          	andi	a4,a4,252
200a2574:	0ae78523          	sb	a4,170(a5)
200a2578:	0aa7c703          	lbu	a4,170(a5)
200a257c:	07f77713          	andi	a4,a4,127
200a2580:	0ae78523          	sb	a4,170(a5)
200a2584:	807ff06f          	j	200a1d8a <USBHS_IRQHandler+0x44>
200a2588:	400307b7          	lui	a5,0x40030
200a258c:	0ae7c703          	lbu	a4,174(a5) # 400300ae <USBSS_EP2_Tx_Th0_Buf+0x1ff100ae>
200a2590:	07f77713          	andi	a4,a4,127
200a2594:	0ae78723          	sb	a4,174(a5)
200a2598:	0ae7c703          	lbu	a4,174(a5)
200a259c:	0fc77713          	andi	a4,a4,252
200a25a0:	0ae78723          	sb	a4,174(a5)
200a25a4:	0ae7c703          	lbu	a4,174(a5)
200a25a8:	00474713          	xori	a4,a4,4
200a25ac:	0ae78723          	sb	a4,174(a5)
200a25b0:	0ab7c703          	lbu	a4,171(a5)
200a25b4:	0fc77713          	andi	a4,a4,252
200a25b8:	00276713          	ori	a4,a4,2
200a25bc:	0ae785a3          	sb	a4,171(a5)
200a25c0:	fcaff06f          	j	200a1d8a <USBHS_IRQHandler+0x44>
200a25c4:	400307b7          	lui	a5,0x40030
200a25c8:	0b67c703          	lbu	a4,182(a5) # 400300b6 <USBSS_EP2_Tx_Th0_Buf+0x1ff100b6>
200a25cc:	07f77713          	andi	a4,a4,127
200a25d0:	0ae78b23          	sb	a4,182(a5)
200a25d4:	0b67c703          	lbu	a4,182(a5)
200a25d8:	0fc77713          	andi	a4,a4,252
200a25dc:	0ae78b23          	sb	a4,182(a5)
200a25e0:	0b67c703          	lbu	a4,182(a5)
200a25e4:	00474713          	xori	a4,a4,4
200a25e8:	0ae78b23          	sb	a4,182(a5)
200a25ec:	0b37c703          	lbu	a4,179(a5)
200a25f0:	0fc77713          	andi	a4,a4,252
200a25f4:	00276713          	ori	a4,a4,2
200a25f8:	0ae789a3          	sb	a4,179(a5)
200a25fc:	f8eff06f          	j	200a1d8a <USBHS_IRQHandler+0x44>
200a2600:	0407f713          	andi	a4,a5,64
200a2604:	c711                	beqz	a4,200a2610 <USBHS_IRQHandler+0x8ca>
200a2606:	04000793          	li	a5,64
200a260a:	a49c                	sb	a5,8(s1)
200a260c:	f7eff06f          	j	200a1d8a <USBHS_IRQHandler+0x44>
200a2610:	0027f713          	andi	a4,a5,2
200a2614:	cb05                	beqz	a4,200a2644 <USBHS_IRQHandler+0x8fe>
200a2616:	4789                	li	a5,2
200a2618:	a49c                	sb	a5,8(s1)
200a261a:	24b8                	lbu	a4,10(s1)
200a261c:	8b09                	andi	a4,a4,2
200a261e:	cb19                	beqz	a4,200a2634 <USBHS_IRQHandler+0x8ee>
200a2620:	8431c703          	lbu	a4,-1981(gp) # 200c1053 <USBHS_DevSleepStatus>
200a2624:	00276713          	ori	a4,a4,2
200a2628:	84e181a3          	sb	a4,-1981(gp) # 200c1053 <USBHS_DevSleepStatus>
200a262c:	8431c783          	lbu	a5,-1981(gp) # 200c1053 <USBHS_DevSleepStatus>
200a2630:	f5aff06f          	j	200a1d8a <USBHS_IRQHandler+0x44>
200a2634:	8431c703          	lbu	a4,-1981(gp) # 200c1053 <USBHS_DevSleepStatus>
200a2638:	0fd77713          	andi	a4,a4,253
200a263c:	84e181a3          	sb	a4,-1981(gp) # 200c1053 <USBHS_DevSleepStatus>
200a2640:	f4aff06f          	j	200a1d8a <USBHS_IRQHandler+0x44>
200a2644:	0017f713          	andi	a4,a5,1
200a2648:	d369                	beqz	a4,200a260a <USBHS_IRQHandler+0x8c4>
200a264a:	840184a3          	sb	zero,-1975(gp) # 200c1059 <USBHS_DevConfig>
200a264e:	84018423          	sb	zero,-1976(gp) # 200c1058 <USBHS_DevAddr>
200a2652:	840181a3          	sb	zero,-1981(gp) # 200c1053 <USBHS_DevSleepStatus>
200a2656:	84018123          	sb	zero,-1982(gp) # 200c1052 <USBHS_DevEnumStatus>
200a265a:	000481a3          	sb	zero,3(s1)
200a265e:	dcaff0ef          	jal	ra,200a1c28 <USBHS_Device_Endp_Init>
200a2662:	4705                	li	a4,1
200a2664:	a498                	sb	a4,8(s1)
200a2666:	85b1c683          	lbu	a3,-1957(gp) # 200c106b <USB_Enum_Status>
200a266a:	00e68763          	beq	a3,a4,200a2678 <USBHS_IRQHandler+0x932>
200a266e:	85b1c683          	lbu	a3,-1957(gp) # 200c106b <USB_Enum_Status>
200a2672:	4711                	li	a4,4
200a2674:	f0e69b63          	bne	a3,a4,200a1d8a <USBHS_IRQHandler+0x44>
200a2678:	4709                	li	a4,2
200a267a:	84e18da3          	sb	a4,-1957(gp) # 200c106b <USB_Enum_Status>
200a267e:	e000e7b7          	lui	a5,0xe000e
200a2682:	40000737          	lui	a4,0x40000
200a2686:	10e7a223          	sw	a4,260(a5) # e000e104 <USBSS_EP2_Tx_Th0_Buf+0xbfeee104>
200a268a:	80000737          	lui	a4,0x80000
200a268e:	10e7a223          	sw	a4,260(a5)
200a2692:	4505                	li	a0,1
200a2694:	2ad1                	jal	200a2868 <USB_Timer_Start>
200a2696:	4505                	li	a0,1
200a2698:	21c5                	jal	200a2b78 <USBSS_Device_Init>
200a269a:	ef0ff06f          	j	200a1d8a <USBHS_IRQHandler+0x44>

200a269e <USB_Timer_Start.part.0>:
200a269e:	40014737          	lui	a4,0x40014
200a26a2:	c2071223          	sh	zero,-988(a4) # 40013c24 <USBSS_EP2_Tx_Th0_Buf+0x1fef3c24>
200a26a6:	56f9                	li	a3,-2
200a26a8:	c0d71823          	sh	a3,-1008(a4)
200a26ac:	20000637          	lui	a2,0x20000
200a26b0:	e000e6b7          	lui	a3,0xe000e
200a26b4:	10c6a423          	sw	a2,264(a3) # e000e108 <USBSS_EP2_Tx_Th0_Buf+0xbfeee108>
200a26b8:	c0c75683          	lhu	a3,-1012(a4)
200a26bc:	0016e693          	ori	a3,a3,1
200a26c0:	c0d71623          	sh	a3,-1012(a4)
200a26c4:	c0075783          	lhu	a5,-1024(a4)
200a26c8:	0017e793          	ori	a5,a5,1
200a26cc:	c0f71023          	sh	a5,-1024(a4)
200a26d0:	8082                	ret

200a26d2 <USBSS_PLL_Init.part.0>:
200a26d2:	40021737          	lui	a4,0x40021
200a26d6:	431c                	lw	a5,0(a4)
200a26d8:	400216b7          	lui	a3,0x40021
200a26dc:	29679793          	bseti	a5,a5,0x16
200a26e0:	c31c                	sw	a5,0(a4)
200a26e2:	00800737          	lui	a4,0x800
200a26e6:	429c                	lw	a5,0(a3)
200a26e8:	8ff9                	and	a5,a5,a4
200a26ea:	dff5                	beqz	a5,200a26e6 <USBSS_PLL_Init.part.0+0x14>
200a26ec:	8082                	ret

200a26ee <USBSS_RCC_Init.part.0>:
200a26ee:	b97fd2ef          	jal	t0,200a0284 <__riscv_save_0>
200a26f2:	4581                	li	a1,0
200a26f4:	6505                	lui	a0,0x1
200a26f6:	ca0fe0ef          	jal	ra,200a0b96 <RCC_HBPeriphClockCmd>
200a26fa:	4501                	li	a0,0
200a26fc:	d68fe0ef          	jal	ra,200a0c64 <RCC_UTMIcmd>
200a2700:	4501                	li	a0,0
200a2702:	d4cfe0ef          	jal	ra,200a0c4e <RCC_PIPECmd>
200a2706:	400217b7          	lui	a5,0x40021
200a270a:	479c                	lw	a5,8(a5)
200a270c:	70000737          	lui	a4,0x70000
200a2710:	8ff9                	and	a5,a5,a4
200a2712:	00e78563          	beq	a5,a4,200a271c <USBSS_RCC_Init.part.0+0x2e>
200a2716:	4501                	li	a0,0
200a2718:	d20fe0ef          	jal	ra,200a0c38 <RCC_USBSS_PLLCmd>
200a271c:	b8dfd06f          	j	200a02a8 <__riscv_restore_0>

200a2720 <USBSS_RCC_Init>:
200a2720:	b65fd2ef          	jal	t0,200a0284 <__riscv_save_0>
200a2724:	c10d                	beqz	a0,200a2746 <USBSS_RCC_Init+0x26>
200a2726:	3775                	jal	200a26d2 <USBSS_PLL_Init.part.0>
200a2728:	4585                	li	a1,1
200a272a:	6505                	lui	a0,0x1
200a272c:	c6afe0ef          	jal	ra,200a0b96 <RCC_HBPeriphClockCmd>
200a2730:	4505                	li	a0,1
200a2732:	d1cfe0ef          	jal	ra,200a0c4e <RCC_PIPECmd>
200a2736:	4505                	li	a0,1
200a2738:	d2cfe0ef          	jal	ra,200a0c64 <RCC_UTMIcmd>
200a273c:	4505                	li	a0,1
200a273e:	cfafe0ef          	jal	ra,200a0c38 <RCC_USBSS_PLLCmd>
200a2742:	b67fd06f          	j	200a02a8 <__riscv_restore_0>
200a2746:	3765                	jal	200a26ee <USBSS_RCC_Init.part.0>
200a2748:	bfed                	j	200a2742 <USBSS_RCC_Init+0x22>

200a274a <USBSS_Device_Endp_Deinit>:
200a274a:	400347b7          	lui	a5,0x40034
200a274e:	5bb8                	lw	a4,112(a5)
200a2750:	00276713          	ori	a4,a4,2
200a2754:	dbb8                	sw	a4,112(a5)
200a2756:	5bb8                	lw	a4,112(a5)
200a2758:	9b75                	andi	a4,a4,-3
200a275a:	dbb8                	sw	a4,112(a5)
200a275c:	8082                	ret

200a275e <USBSS_Device_Endp_Init>:
200a275e:	b27fd2ef          	jal	t0,200a0284 <__riscv_save_0>
200a2762:	37e5                	jal	200a274a <USBSS_Device_Endp_Deinit>
200a2764:	400347b7          	lui	a5,0x40034
200a2768:	4739                	li	a4,14
200a276a:	08e79023          	sh	a4,128(a5) # 40034080 <USBSS_EP2_Tx_Th0_Buf+0x1ff14080>
200a276e:	08e79123          	sh	a4,130(a5)
200a2772:	0807a223          	sw	zero,132(a5)
200a2776:	200d36b7          	lui	a3,0x200d3
200a277a:	0807a423          	sw	zero,136(a5)
200a277e:	08078713          	addi	a4,a5,128
200a2782:	b2068693          	addi	a3,a3,-1248 # 200d2b20 <USBSS_EP0_Buf>
200a2786:	c754                	sw	a3,12(a4)
200a2788:	cb14                	sw	a3,16(a4)
200a278a:	200d26b7          	lui	a3,0x200d2
200a278e:	32068693          	addi	a3,a3,800 # 200d2320 <USBSS_EP1_Rx_Buf>
200a2792:	cf74                	sw	a3,92(a4)
200a2794:	46c1                	li	a3,16
200a2796:	0cd78c23          	sb	a3,216(a5)
200a279a:	200d26b7          	lui	a3,0x200d2
200a279e:	72068693          	addi	a3,a3,1824 # 200d2720 <USBSS_EP1_Tx_Buf>
200a27a2:	c774                	sw	a3,76(a4)
200a27a4:	40000713          	li	a4,1024
200a27a8:	0ce79323          	sh	a4,198(a5)
200a27ac:	afdfd06f          	j	200a02a8 <__riscv_restore_0>

200a27b0 <USBSS_Reset_Init>:
200a27b0:	ad5fd2ef          	jal	t0,200a0284 <__riscv_save_0>
200a27b4:	c10d                	beqz	a0,200a27d6 <USBSS_Reset_Init+0x26>
200a27b6:	400347b7          	lui	a5,0x40034
200a27ba:	5bb8                	lw	a4,112(a5)
200a27bc:	00476713          	ori	a4,a4,4
200a27c0:	dbb8                	sw	a4,112(a5)
200a27c2:	4705                	li	a4,1
200a27c4:	dbf8                	sw	a4,116(a5)
200a27c6:	00070737          	lui	a4,0x70
200a27ca:	02170713          	addi	a4,a4,33 # 70021 <_data_lma+0x49ee9>
200a27ce:	dbb8                	sw	a4,112(a5)
200a27d0:	3779                	jal	200a275e <USBSS_Device_Endp_Init>
200a27d2:	ad7fd06f          	j	200a02a8 <__riscv_restore_0>
200a27d6:	40034437          	lui	s0,0x40034
200a27da:	4791                	li	a5,4
200a27dc:	d83c                	sw	a5,112(s0)
200a27de:	401c                	lw	a5,0(s0)
200a27e0:	800004b7          	lui	s1,0x80000
200a27e4:	00848713          	addi	a4,s1,8 # 80000008 <USBSS_EP2_Tx_Th0_Buf+0x5fee0008>
200a27e8:	8fd9                	or	a5,a5,a4
200a27ea:	c01c                	sw	a5,0(s0)
200a27ec:	06400513          	li	a0,100
200a27f0:	ea8fe0ef          	jal	ra,200a0e98 <Delay_Us>
200a27f4:	583c                	lw	a5,112(s0)
200a27f6:	14dd                	addi	s1,s1,-9
200a27f8:	9bed                	andi	a5,a5,-5
200a27fa:	d83c                	sw	a5,112(s0)
200a27fc:	401c                	lw	a5,0(s0)
200a27fe:	8fe5                	and	a5,a5,s1
200a2800:	c01c                	sw	a5,0(s0)
200a2802:	35f5                	jal	200a26ee <USBSS_RCC_Init.part.0>
200a2804:	b7f9                	j	200a27d2 <USBSS_Reset_Init+0x22>

200a2806 <USB_Timer_Init>:
200a2806:	a7ffd2ef          	jal	t0,200a0284 <__riscv_save_0>
200a280a:	1101                	addi	sp,sp,-32
200a280c:	4585                	li	a1,1
200a280e:	00400537          	lui	a0,0x400
200a2812:	c202                	sw	zero,4(sp)
200a2814:	c402                	sw	zero,8(sp)
200a2816:	c602                	sw	zero,12(sp)
200a2818:	b9afe0ef          	jal	ra,200a0bb2 <RCC_HB2PeriphClockCmd>
200a281c:	0808                	addi	a0,sp,16
200a281e:	9cefe0ef          	jal	ra,200a09ec <RCC_GetClocksFreq>
200a2822:	6785                	lui	a5,0x1
200a2824:	38778793          	addi	a5,a5,903 # 1387 <__stack_size+0xb87>
200a2828:	c43e                	sw	a5,8(sp)
200a282a:	47d2                	lw	a5,20(sp)
200a282c:	6709                	lui	a4,0x2
200a282e:	71070713          	addi	a4,a4,1808 # 2710 <__stack_size+0x1f10>
200a2832:	02e7d7b3          	divu	a5,a5,a4
200a2836:	40014437          	lui	s0,0x40014
200a283a:	004c                	addi	a1,sp,4
200a283c:	c0040513          	addi	a0,s0,-1024 # 40013c00 <USBSS_EP2_Tx_Th0_Buf+0x1fef3c00>
200a2840:	00011623          	sh	zero,12(sp)
200a2844:	00011323          	sh	zero,6(sp)
200a2848:	17fd                	addi	a5,a5,-1
200a284a:	827c                	sh	a5,4(sp)
200a284c:	d4efe0ef          	jal	ra,200a0d9a <TIM9_12_TimeBaseInit>
200a2850:	4585                	li	a1,1
200a2852:	c0040513          	addi	a0,s0,-1024
200a2856:	d38fe0ef          	jal	ra,200a0d8e <TIM_ClearITPendingBit>
200a285a:	e000e7b7          	lui	a5,0xe000e
200a285e:	44078ea3          	sb	zero,1117(a5) # e000e45d <USBSS_EP2_Tx_Th0_Buf+0xbfeee45d>
200a2862:	6105                	addi	sp,sp,32
200a2864:	a45fd06f          	j	200a02a8 <__riscv_restore_0>

200a2868 <USB_Timer_Start>:
200a2868:	c111                	beqz	a0,200a286c <USB_Timer_Start+0x4>
200a286a:	bd15                	j	200a269e <USB_Timer_Start.part.0>
200a286c:	e000e7b7          	lui	a5,0xe000e
200a2870:	20000737          	lui	a4,0x20000
200a2874:	18e7a423          	sw	a4,392(a5) # e000e188 <USBSS_EP2_Tx_Th0_Buf+0xbfeee188>
200a2878:	0000100f          	fence.i
200a287c:	40014737          	lui	a4,0x40014
200a2880:	c0c75783          	lhu	a5,-1012(a4) # 40013c0c <USBSS_EP2_Tx_Th0_Buf+0x1fef3c0c>
200a2884:	0807c7b3          	zext.h	a5,a5
200a2888:	9bf9                	andi	a5,a5,-2
200a288a:	0807c7b3          	zext.h	a5,a5
200a288e:	c0f71623          	sh	a5,-1012(a4)
200a2892:	c0075783          	lhu	a5,-1024(a4)
200a2896:	0807c7b3          	zext.h	a5,a5
200a289a:	9bf9                	andi	a5,a5,-2
200a289c:	0807c7b3          	zext.h	a5,a5
200a28a0:	c0f71023          	sh	a5,-1024(a4)
200a28a4:	8082                	ret

200a28a6 <USBSS_LINK_Handle>:
200a28a6:	9dffd2ef          	jal	t0,200a0284 <__riscv_save_0>
200a28aa:	491c                	lw	a5,16(a0)
200a28ac:	4558                	lw	a4,12(a0)
200a28ae:	842a                	mv	s0,a0
200a28b0:	10075a63          	bgez	a4,200a29c4 <USBSS_LINK_Handle+0x11e>
200a28b4:	6705                	lui	a4,0x1
200a28b6:	f0070693          	addi	a3,a4,-256 # f00 <__stack_size+0x700>
200a28ba:	8ff5                	and	a5,a5,a3
200a28bc:	800006b7          	lui	a3,0x80000
200a28c0:	c554                	sw	a3,12(a0)
200a28c2:	50000693          	li	a3,1280
200a28c6:	00d79863          	bne	a5,a3,200a28d6 <USBSS_LINK_Handle+0x30>
200a28ca:	200d27b7          	lui	a5,0x200d2
200a28ce:	30079223          	sh	zero,772(a5) # 200d2304 <USBSS_Dev_Info>
200a28d2:	9d7fd06f          	j	200a02a8 <__riscv_restore_0>
200a28d6:	28b01693          	bseti	a3,zero,0xb
200a28da:	02d79a63          	bne	a5,a3,200a290e <USBSS_LINK_Handle+0x68>
200a28de:	8591c703          	lbu	a4,-1959(gp) # 200c1069 <link_low_power.0>
200a28e2:	db65                	beqz	a4,200a28d2 <USBSS_LINK_Handle+0x2c>
200a28e4:	06400513          	li	a0,100
200a28e8:	84018ca3          	sb	zero,-1959(gp) # 200c1069 <link_low_power.0>
200a28ec:	dacfe0ef          	jal	ra,200a0e98 <Delay_Us>
200a28f0:	400347b7          	lui	a5,0x40034
200a28f4:	00926737          	lui	a4,0x926
200a28f8:	1f878693          	addi	a3,a5,504 # 400341f8 <USBSS_EP2_Tx_Th0_Buf+0x1ff141f8>
200a28fc:	7c870713          	addi	a4,a4,1992 # 9267c8 <_data_lma+0x900690>
200a2900:	c298                	sw	a4,0(a3)
200a2902:	1fc78793          	addi	a5,a5,508
200a2906:	4705                	li	a4,1
200a2908:	c398                	sw	a4,0(a5)
200a290a:	439c                	lw	a5,0(a5)
200a290c:	b7d9                	j	200a28d2 <USBSS_LINK_Handle+0x2c>
200a290e:	40000693          	li	a3,1024
200a2912:	04d79463          	bne	a5,a3,200a295a <USBSS_LINK_Handle+0xb4>
200a2916:	415c                	lw	a5,4(a0)
200a2918:	9bbd                	andi	a5,a5,-17
200a291a:	c15c                	sw	a5,4(a0)
200a291c:	85b1c703          	lbu	a4,-1957(gp) # 200c106b <USB_Enum_Status>
200a2920:	e711                	bnez	a4,200a292c <USBSS_LINK_Handle+0x86>
200a2922:	4705                	li	a4,1
200a2924:	84e18da3          	sb	a4,-1957(gp) # 200c106b <USB_Enum_Status>
200a2928:	3b9d                	jal	200a269e <USB_Timer_Start.part.0>
200a292a:	b765                	j	200a28d2 <USBSS_LINK_Handle+0x2c>
200a292c:	85b1c683          	lbu	a3,-1957(gp) # 200c106b <USB_Enum_Status>
200a2930:	4709                	li	a4,2
200a2932:	00e69963          	bne	a3,a4,200a2944 <USBSS_LINK_Handle+0x9e>
200a2936:	470d                	li	a4,3
200a2938:	4501                	li	a0,0
200a293a:	84e18da3          	sb	a4,-1957(gp) # 200c106b <USB_Enum_Status>
200a293e:	bbaff0ef          	jal	ra,200a1cf8 <USBHS_Device_Init>
200a2942:	b7dd                	j	200a2928 <USBSS_LINK_Handle+0x82>
200a2944:	85b1c683          	lbu	a3,-1957(gp) # 200c106b <USB_Enum_Status>
200a2948:	4711                	li	a4,4
200a294a:	f8e694e3          	bne	a3,a4,200a28d2 <USBSS_LINK_Handle+0x2c>
200a294e:	84018da3          	sb	zero,-1957(gp) # 200c106b <USB_Enum_Status>
200a2952:	4505                	li	a0,1
200a2954:	ba4ff0ef          	jal	ra,200a1cf8 <USBHS_Device_Init>
200a2958:	bfad                	j	200a28d2 <USBSS_LINK_Handle+0x2c>
200a295a:	30000693          	li	a3,768
200a295e:	02d79263          	bne	a5,a3,200a2982 <USBSS_LINK_Handle+0xdc>
200a2962:	4685                	li	a3,1
200a2964:	84d18ca3          	sb	a3,-1959(gp) # 200c1069 <link_low_power.0>
200a2968:	00926737          	lui	a4,0x926
200a296c:	400347b7          	lui	a5,0x40034
200a2970:	1f878613          	addi	a2,a5,504 # 400341f8 <USBSS_EP2_Tx_Th0_Buf+0x1ff141f8>
200a2974:	5c870713          	addi	a4,a4,1480 # 9265c8 <_data_lma+0x900490>
200a2978:	c218                	sw	a4,0(a2)
200a297a:	1fc78793          	addi	a5,a5,508
200a297e:	c394                	sw	a3,0(a5)
200a2980:	b769                	j	200a290a <USBSS_LINK_Handle+0x64>
200a2982:	10000693          	li	a3,256
200a2986:	fcd78ee3          	beq	a5,a3,200a2962 <USBSS_LINK_Handle+0xbc>
200a298a:	20000693          	li	a3,512
200a298e:	fcd78ae3          	beq	a5,a3,200a2962 <USBSS_LINK_Handle+0xbc>
200a2992:	90070713          	addi	a4,a4,-1792
200a2996:	00e79f63          	bne	a5,a4,200a29b4 <USBSS_LINK_Handle+0x10e>
200a299a:	200d27b7          	lui	a5,0x200d2
200a299e:	4505                	li	a0,1
200a29a0:	30079223          	sh	zero,772(a5) # 200d2304 <USBSS_Dev_Info>
200a29a4:	3531                	jal	200a27b0 <USBSS_Reset_Init>
200a29a6:	84018e23          	sb	zero,-1956(gp) # 200c106c <USBSS_DevEnumStatus>
200a29aa:	405c                	lw	a5,4(s0)
200a29ac:	49079793          	bclri	a5,a5,0x10
200a29b0:	c05c                	sw	a5,4(s0)
200a29b2:	b705                	j	200a28d2 <USBSS_LINK_Handle+0x2c>
200a29b4:	60000713          	li	a4,1536
200a29b8:	f0e79de3          	bne	a5,a4,200a28d2 <USBSS_LINK_Handle+0x2c>
200a29bc:	4705                	li	a4,1
200a29be:	84e18da3          	sb	a4,-1957(gp) # 200c106b <USB_Enum_Status>
200a29c2:	bf41                	j	200a2952 <USBSS_LINK_Handle+0xac>
200a29c4:	40077793          	andi	a5,a4,1024
200a29c8:	cb81                	beqz	a5,200a29d8 <USBSS_LINK_Handle+0x132>
200a29ca:	40000793          	li	a5,1024
200a29ce:	c55c                	sw	a5,12(a0)
200a29d0:	84018e23          	sb	zero,-1956(gp) # 200c106c <USBSS_DevEnumStatus>
200a29d4:	491c                	lw	a5,16(a0)
200a29d6:	bdf5                	j	200a28d2 <USBSS_LINK_Handle+0x2c>
200a29d8:	008007b7          	lui	a5,0x800
200a29dc:	00f776b3          	and	a3,a4,a5
200a29e0:	ca91                	beqz	a3,200a29f4 <USBSS_LINK_Handle+0x14e>
200a29e2:	c55c                	sw	a5,12(a0)
200a29e4:	415c                	lw	a5,4(a0)
200a29e6:	0107e793          	ori	a5,a5,16
200a29ea:	c15c                	sw	a5,4(a0)
200a29ec:	415c                	lw	a5,4(a0)
200a29ee:	0807e793          	ori	a5,a5,128
200a29f2:	bf7d                	j	200a29b0 <USBSS_LINK_Handle+0x10a>
200a29f4:	004007b7          	lui	a5,0x400
200a29f8:	00f776b3          	and	a3,a4,a5
200a29fc:	c28d                	beqz	a3,200a2a1e <USBSS_LINK_Handle+0x178>
200a29fe:	c55c                	sw	a5,12(a0)
200a2a00:	28000793          	li	a5,640
200a2a04:	d17c                	sw	a5,100(a0)
200a2a06:	411c                	lw	a5,0(a0)
200a2a08:	8b85                	andi	a5,a5,1
200a2a0a:	c799                	beqz	a5,200a2a18 <USBSS_LINK_Handle+0x172>
200a2a0c:	67c1                	lui	a5,0x10
200a2a0e:	0791                	addi	a5,a5,4 # 10004 <__stack_size+0xf804>
200a2a10:	d43c                	sw	a5,104(s0)
200a2a12:	06042623          	sw	zero,108(s0)
200a2a16:	bd75                	j	200a28d2 <USBSS_LINK_Handle+0x2c>
200a2a18:	000207b7          	lui	a5,0x20
200a2a1c:	bfcd                	j	200a2a0e <USBSS_LINK_Handle+0x168>
200a2a1e:	002007b7          	lui	a5,0x200
200a2a22:	00f776b3          	and	a3,a4,a5
200a2a26:	c2e1                	beqz	a3,200a2ae6 <USBSS_LINK_Handle+0x240>
200a2a28:	c55c                	sw	a5,12(a0)
200a2a2a:	4d3c                	lw	a5,88(a0)
200a2a2c:	4114                	lw	a3,0(a0)
200a2a2e:	1e07f713          	andi	a4,a5,480
200a2a32:	8a85                	andi	a3,a3,1
200a2a34:	c685                	beqz	a3,200a2a5c <USBSS_LINK_Handle+0x1b6>
200a2a36:	08000793          	li	a5,128
200a2a3a:	00f71863          	bne	a4,a5,200a2a4a <USBSS_LINK_Handle+0x1a4>
200a2a3e:	2a000793          	li	a5,672
200a2a42:	d17c                	sw	a5,100(a0)
200a2a44:	06052423          	sw	zero,104(a0) # 400068 <_data_lma+0x3d9f30>
200a2a48:	b7e9                	j	200a2a12 <USBSS_LINK_Handle+0x16c>
200a2a4a:	0c000793          	li	a5,192
200a2a4e:	e8f712e3          	bne	a4,a5,200a28d2 <USBSS_LINK_Handle+0x2c>
200a2a52:	497c                	lw	a5,84(a0)
200a2a54:	29e79793          	bseti	a5,a5,0x1e
200a2a58:	c97c                	sw	a5,84(a0)
200a2a5a:	bda5                	j	200a28d2 <USBSS_LINK_Handle+0x2c>
200a2a5c:	0a000693          	li	a3,160
200a2a60:	02d71463          	bne	a4,a3,200a2a88 <USBSS_LINK_Handle+0x1e2>
200a2a64:	2c000793          	li	a5,704
200a2a68:	d17c                	sw	a5,100(a0)
200a2a6a:	06052423          	sw	zero,104(a0)
200a2a6e:	06052623          	sw	zero,108(a0)
200a2a72:	497c                	lw	a5,84(a0)
200a2a74:	4711                	li	a4,4
200a2a76:	29e79793          	bseti	a5,a5,0x1e
200a2a7a:	c97c                	sw	a5,84(a0)
200a2a7c:	4501                	li	a0,0
200a2a7e:	84e18da3          	sb	a4,-1957(gp) # 200c106b <USB_Enum_Status>
200a2a82:	33dd                	jal	200a2868 <USB_Timer_Start>
200a2a84:	4501                	li	a0,0
200a2a86:	b5f9                	j	200a2954 <USBSS_LINK_Handle+0xae>
200a2a88:	04000693          	li	a3,64
200a2a8c:	00d71763          	bne	a4,a3,200a2a9a <USBSS_LINK_Handle+0x1f4>
200a2a90:	83a5                	srli	a5,a5,0x9
200a2a92:	0ff7f793          	zext.b	a5,a5
200a2a96:	bd5c                	sb	a5,29(a0)
200a2a98:	bd2d                	j	200a28d2 <USBSS_LINK_Handle+0x2c>
200a2a9a:	02000793          	li	a5,32
200a2a9e:	e2f71ae3          	bne	a4,a5,200a28d2 <USBSS_LINK_Handle+0x2c>
200a2aa2:	4d3c                	lw	a5,88(a0)
200a2aa4:	200d26b7          	lui	a3,0x200d2
200a2aa8:	4007f793          	andi	a5,a5,1024
200a2aac:	c385                	beqz	a5,200a2acc <USBSS_LINK_Handle+0x226>
200a2aae:	400347b7          	lui	a5,0x40034
200a2ab2:	4398                	lw	a4,0(a5)
200a2ab4:	29071713          	bseti	a4,a4,0x10
200a2ab8:	c398                	sw	a4,0(a5)
200a2aba:	4398                	lw	a4,0(a5)
200a2abc:	29171713          	bseti	a4,a4,0x11
200a2ac0:	c398                	sw	a4,0(a5)
200a2ac2:	10100793          	li	a5,257
200a2ac6:	30f69223          	sh	a5,772(a3) # 200d2304 <USBSS_Dev_Info>
200a2aca:	b521                	j	200a28d2 <USBSS_LINK_Handle+0x2c>
200a2acc:	400347b7          	lui	a5,0x40034
200a2ad0:	4398                	lw	a4,0(a5)
200a2ad2:	49071713          	bclri	a4,a4,0x10
200a2ad6:	c398                	sw	a4,0(a5)
200a2ad8:	4398                	lw	a4,0(a5)
200a2ada:	49171713          	bclri	a4,a4,0x11
200a2ade:	c398                	sw	a4,0(a5)
200a2ae0:	30069223          	sh	zero,772(a3)
200a2ae4:	b3fd                	j	200a28d2 <USBSS_LINK_Handle+0x2c>
200a2ae6:	6789                	lui	a5,0x2
200a2ae8:	8f7d                	and	a4,a4,a5
200a2aea:	de0704e3          	beqz	a4,200a28d2 <USBSS_LINK_Handle+0x2c>
200a2aee:	c55c                	sw	a5,12(a0)
200a2af0:	491c                	lw	a5,16(a0)
200a2af2:	8b89                	andi	a5,a5,2
200a2af4:	dc078fe3          	beqz	a5,200a28d2 <USBSS_LINK_Handle+0x2c>
200a2af8:	4505                	li	a0,1
200a2afa:	84018e23          	sb	zero,-1956(gp) # 200c106c <USBSS_DevEnumStatus>
200a2afe:	394d                	jal	200a27b0 <USBSS_Reset_Init>
200a2b00:	405c                	lw	a5,4(s0)
200a2b02:	0107e793          	ori	a5,a5,16
200a2b06:	c05c                	sw	a5,4(s0)
200a2b08:	0001                	nop
200a2b0a:	0001                	nop
200a2b0c:	0001                	nop
200a2b0e:	0001                	nop
200a2b10:	405c                	lw	a5,4(s0)
200a2b12:	9bbd                	andi	a5,a5,-17
200a2b14:	bd71                	j	200a29b0 <USBSS_LINK_Handle+0x10a>

200a2b16 <SET_Device_Address>:
200a2b16:	59bc                	lw	a5,112(a1)
200a2b18:	0562                	slli	a0,a0,0x18
200a2b1a:	07a2                	slli	a5,a5,0x8
200a2b1c:	83a1                	srli	a5,a5,0x8
200a2b1e:	d9bc                	sw	a5,112(a1)
200a2b20:	59bc                	lw	a5,112(a1)
200a2b22:	8d5d                	or	a0,a0,a5
200a2b24:	d9a8                	sw	a0,112(a1)
200a2b26:	8082                	ret

200a2b28 <USBSS_CFG_MOD>:
200a2b28:	400347b7          	lui	a5,0x40034
200a2b2c:	00838737          	lui	a4,0x838
200a2b30:	1f878693          	addi	a3,a5,504 # 400341f8 <USBSS_EP2_Tx_Th0_Buf+0x1ff141f8>
200a2b34:	c1270713          	addi	a4,a4,-1006 # 837c12 <_data_lma+0x811ada>
200a2b38:	c298                	sw	a4,0(a3)
200a2b3a:	1fc78793          	addi	a5,a5,508
200a2b3e:	4705                	li	a4,1
200a2b40:	c398                	sw	a4,0(a5)
200a2b42:	4390                	lw	a2,0(a5)
200a2b44:	008d8637          	lui	a2,0x8d8
200a2b48:	9aa60613          	addi	a2,a2,-1622 # 8d79aa <_data_lma+0x8b1872>
200a2b4c:	c290                	sw	a2,0(a3)
200a2b4e:	c398                	sw	a4,0(a5)
200a2b50:	4390                	lw	a2,0(a5)
200a2b52:	00954637          	lui	a2,0x954
200a2b56:	43060613          	addi	a2,a2,1072 # 954430 <_data_lma+0x92e2f8>
200a2b5a:	c290                	sw	a2,0(a3)
200a2b5c:	c398                	sw	a4,0(a5)
200a2b5e:	4390                	lw	a2,0(a5)
200a2b60:	00930637          	lui	a2,0x930
200a2b64:	0641                	addi	a2,a2,16 # 930010 <_data_lma+0x909ed8>
200a2b66:	c290                	sw	a2,0(a3)
200a2b68:	c398                	sw	a4,0(a5)
200a2b6a:	439c                	lw	a5,0(a5)
200a2b6c:	b0054737          	lui	a4,0xb0054
200a2b70:	5003c7b7          	lui	a5,0x5003c
200a2b74:	cf98                	sw	a4,24(a5)
200a2b76:	8082                	ret

200a2b78 <USBSS_Device_Init>:
200a2b78:	f0cfd2ef          	jal	t0,200a0284 <__riscv_save_0>
200a2b7c:	c551                	beqz	a0,200a2c08 <USBSS_Device_Init+0x90>
200a2b7e:	4505                	li	a0,1
200a2b80:	ba1ff0ef          	jal	ra,200a2720 <USBSS_RCC_Init>
200a2b84:	400347b7          	lui	a5,0x40034
200a2b88:	34800713          	li	a4,840
200a2b8c:	c398                	sw	a4,0(a5)
200a2b8e:	4749                	li	a4,18
200a2b90:	c3d8                	sw	a4,4(a5)
200a2b92:	00208737          	lui	a4,0x208
200a2b96:	34070713          	addi	a4,a4,832 # 208340 <_data_lma+0x1e2208>
200a2b9a:	c398                	sw	a4,0(a5)
200a2b9c:	0507d703          	lhu	a4,80(a5) # 40034050 <USBSS_EP2_Tx_Th0_Buf+0x1ff14050>
200a2ba0:	20076713          	ori	a4,a4,512
200a2ba4:	04e79823          	sh	a4,80(a5)
200a2ba8:	4398                	lw	a4,0(a5)
200a2baa:	00276713          	ori	a4,a4,2
200a2bae:	c398                	sw	a4,0(a5)
200a2bb0:	80e02737          	lui	a4,0x80e02
200a2bb4:	40070713          	addi	a4,a4,1024 # 80e02400 <USBSS_EP2_Tx_Th0_Buf+0x60ce2400>
200a2bb8:	c798                	sw	a4,8(a5)
200a2bba:	4709                	li	a4,2
200a2bbc:	c3d8                	sw	a4,4(a5)
200a2bbe:	07800713          	li	a4,120
200a2bc2:	b7ba                	sh	a4,42(a5)
200a2bc4:	03200713          	li	a4,50
200a2bc8:	02e78423          	sb	a4,40(a5)
200a2bcc:	02078623          	sb	zero,44(a5)
200a2bd0:	02078823          	sb	zero,48(a5)
200a2bd4:	5bb8                	lw	a4,112(a5)
200a2bd6:	00476713          	ori	a4,a4,4
200a2bda:	dbb8                	sw	a4,112(a5)
200a2bdc:	4705                	li	a4,1
200a2bde:	dbf8                	sw	a4,116(a5)
200a2be0:	00070737          	lui	a4,0x70
200a2be4:	02170713          	addi	a4,a4,33 # 70021 <_data_lma+0x49ee9>
200a2be8:	dbb8                	sw	a4,112(a5)
200a2bea:	3f3d                	jal	200a2b28 <USBSS_CFG_MOD>
200a2bec:	b73ff0ef          	jal	ra,200a275e <USBSS_Device_Endp_Init>
200a2bf0:	e000e7b7          	lui	a5,0xe000e
200a2bf4:	40000737          	lui	a4,0x40000
200a2bf8:	10e7a223          	sw	a4,260(a5) # e000e104 <USBSS_EP2_Tx_Th0_Buf+0xbfeee104>
200a2bfc:	80000737          	lui	a4,0x80000
200a2c00:	10e7a223          	sw	a4,260(a5)
200a2c04:	ea4fd06f          	j	200a02a8 <__riscv_restore_0>
200a2c08:	e000e7b7          	lui	a5,0xe000e
200a2c0c:	800004b7          	lui	s1,0x80000
200a2c10:	1897a223          	sw	s1,388(a5) # e000e184 <USBSS_EP2_Tx_Th0_Buf+0xbfeee184>
200a2c14:	0000100f          	fence.i
200a2c18:	40000737          	lui	a4,0x40000
200a2c1c:	18e7a223          	sw	a4,388(a5)
200a2c20:	0000100f          	fence.i
200a2c24:	40034437          	lui	s0,0x40034
200a2c28:	4791                	li	a5,4
200a2c2a:	d83c                	sw	a5,112(s0)
200a2c2c:	401c                	lw	a5,0(s0)
200a2c2e:	00848713          	addi	a4,s1,8 # 80000008 <USBSS_EP2_Tx_Th0_Buf+0x5fee0008>
200a2c32:	06400513          	li	a0,100
200a2c36:	8fd9                	or	a5,a5,a4
200a2c38:	c01c                	sw	a5,0(s0)
200a2c3a:	a5efe0ef          	jal	ra,200a0e98 <Delay_Us>
200a2c3e:	583c                	lw	a5,112(s0)
200a2c40:	14dd                	addi	s1,s1,-9
200a2c42:	9bed                	andi	a5,a5,-5
200a2c44:	d83c                	sw	a5,112(s0)
200a2c46:	401c                	lw	a5,0(s0)
200a2c48:	8fe5                	and	a5,a5,s1
200a2c4a:	c01c                	sw	a5,0(s0)
200a2c4c:	aa3ff0ef          	jal	ra,200a26ee <USBSS_RCC_Init.part.0>
200a2c50:	bf55                	j	200a2c04 <USBSS_Device_Init+0x8c>

200a2c52 <TIM12_IRQHandler>:
200a2c52:	1141                	addi	sp,sp,-16
200a2c54:	c426                	sw	s1,8(sp)
200a2c56:	400144b7          	lui	s1,0x40014
200a2c5a:	4585                	li	a1,1
200a2c5c:	c0048513          	addi	a0,s1,-1024 # 40013c00 <USBSS_EP2_Tx_Th0_Buf+0x1fef3c00>
200a2c60:	c622                	sw	s0,12(sp)
200a2c62:	914fe0ef          	jal	ra,200a0d76 <TIM_GetITStatus>
200a2c66:	4785                	li	a5,1
200a2c68:	06f51163          	bne	a0,a5,200a2cca <TIM12_IRQHandler+0x78>
200a2c6c:	842a                	mv	s0,a0
200a2c6e:	4585                	li	a1,1
200a2c70:	c0048513          	addi	a0,s1,-1024
200a2c74:	91afe0ef          	jal	ra,200a0d8e <TIM_ClearITPendingBit>
200a2c78:	85b1c783          	lbu	a5,-1957(gp) # 200c106b <USB_Enum_Status>
200a2c7c:	00879c63          	bne	a5,s0,200a2c94 <TIM12_IRQHandler+0x42>
200a2c80:	85a1c783          	lbu	a5,-1958(gp) # 200c106a <u3_first_count.1>
200a2c84:	4689                	li	a3,2
200a2c86:	0785                	addi	a5,a5,1
200a2c88:	0ff7f793          	zext.b	a5,a5
200a2c8c:	04f6e463          	bltu	a3,a5,200a2cd4 <TIM12_IRQHandler+0x82>
200a2c90:	84f18d23          	sb	a5,-1958(gp) # 200c106a <u3_first_count.1>
200a2c94:	85b1c703          	lbu	a4,-1957(gp) # 200c106b <USB_Enum_Status>
200a2c98:	478d                	li	a5,3
200a2c9a:	02f71863          	bne	a4,a5,200a2cca <TIM12_IRQHandler+0x78>
200a2c9e:	e000e7b7          	lui	a5,0xe000e
200a2ca2:	40000737          	lui	a4,0x40000
200a2ca6:	18e7a223          	sw	a4,388(a5) # e000e184 <USBSS_EP2_Tx_Th0_Buf+0xbfeee184>
200a2caa:	0000100f          	fence.i
200a2cae:	80000737          	lui	a4,0x80000
200a2cb2:	18e7a223          	sw	a4,388(a5)
200a2cb6:	0000100f          	fence.i
200a2cba:	4501                	li	a0,0
200a2cbc:	3d75                	jal	200a2b78 <USBSS_Device_Init>
200a2cbe:	4505                	li	a0,1
200a2cc0:	838ff0ef          	jal	ra,200a1cf8 <USBHS_Device_Init>
200a2cc4:	4501                	li	a0,0
200a2cc6:	ba3ff0ef          	jal	ra,200a2868 <USB_Timer_Start>
200a2cca:	4432                	lw	s0,12(sp)
200a2ccc:	44a2                	lw	s1,8(sp)
200a2cce:	0141                	addi	sp,sp,16
200a2cd0:	30200073          	mret
200a2cd4:	84018d23          	sb	zero,-1958(gp) # 200c106a <u3_first_count.1>
200a2cd8:	e000e7b7          	lui	a5,0xe000e
200a2cdc:	40000737          	lui	a4,0x40000
200a2ce0:	18e7a223          	sw	a4,388(a5) # e000e184 <USBSS_EP2_Tx_Th0_Buf+0xbfeee184>
200a2ce4:	0000100f          	fence.i
200a2ce8:	80000737          	lui	a4,0x80000
200a2cec:	18e7a223          	sw	a4,388(a5)
200a2cf0:	0000100f          	fence.i
200a2cf4:	4501                	li	a0,0
200a2cf6:	3549                	jal	200a2b78 <USBSS_Device_Init>
200a2cf8:	4505                	li	a0,1
200a2cfa:	ffffe0ef          	jal	ra,200a1cf8 <USBHS_Device_Init>
200a2cfe:	4501                	li	a0,0
200a2d00:	b69ff0ef          	jal	ra,200a2868 <USB_Timer_Start>
200a2d04:	bf41                	j	200a2c94 <TIM12_IRQHandler+0x42>

200a2d06 <USBSS_LINK_IRQHandler>:
200a2d06:	40034537          	lui	a0,0x40034
200a2d0a:	b9dff0ef          	jal	ra,200a28a6 <USBSS_LINK_Handle>
200a2d0e:	30200073          	mret

200a2d12 <USBSS_Endp_Clear_Frature>:
200a2d12:	fff50793          	addi	a5,a0,-1 # 40033fff <USBSS_EP2_Tx_Th0_Buf+0x1ff13fff>
200a2d16:	60451513          	sext.b	a0,a0
200a2d1a:	00055f63          	bgez	a0,200a2d38 <USBSS_Endp_Clear_Frature+0x26>
200a2d1e:	07f7f793          	andi	a5,a5,127
200a2d22:	40034737          	lui	a4,0x40034
200a2d26:	0c070713          	addi	a4,a4,192 # 400340c0 <USBSS_EP2_Tx_Th0_Buf+0x1ff140c0>
200a2d2a:	0796                	slli	a5,a5,0x5
200a2d2c:	97ba                	add	a5,a5,a4
200a2d2e:	06000713          	li	a4,96
200a2d32:	b398                	sb	a4,1(a5)
200a2d34:	4501                	li	a0,0
200a2d36:	8082                	ret
200a2d38:	40034737          	lui	a4,0x40034
200a2d3c:	0d070713          	addi	a4,a4,208 # 400340d0 <USBSS_EP2_Tx_Th0_Buf+0x1ff140d0>
200a2d40:	0796                	slli	a5,a5,0x5
200a2d42:	97ba                	add	a5,a5,a4
200a2d44:	3398                	lbu	a4,1(a5)
200a2d46:	06076713          	ori	a4,a4,96
200a2d4a:	b398                	sb	a4,1(a5)
200a2d4c:	4741                	li	a4,16
200a2d4e:	a798                	sb	a4,8(a5)
200a2d50:	b7d5                	j	200a2d34 <USBSS_Endp_Clear_Frature+0x22>

200a2d52 <USBSS_Endp_Set_Frature>:
200a2d52:	872a                	mv	a4,a0
200a2d54:	07057513          	andi	a0,a0,112
200a2d58:	e915                	bnez	a0,200a2d8c <USBSS_Endp_Set_Frature+0x3a>
200a2d5a:	fff70793          	addi	a5,a4,-1
200a2d5e:	60471713          	sext.b	a4,a4
200a2d62:	00075f63          	bgez	a4,200a2d80 <USBSS_Endp_Set_Frature+0x2e>
200a2d66:	07f7f793          	andi	a5,a5,127
200a2d6a:	40034737          	lui	a4,0x40034
200a2d6e:	0796                	slli	a5,a5,0x5
200a2d70:	0c070713          	addi	a4,a4,192 # 400340c0 <USBSS_EP2_Tx_Th0_Buf+0x1ff140c0>
200a2d74:	97ba                	add	a5,a5,a4
200a2d76:	3398                	lbu	a4,1(a5)
200a2d78:	08076713          	ori	a4,a4,128
200a2d7c:	b398                	sb	a4,1(a5)
200a2d7e:	8082                	ret
200a2d80:	40034737          	lui	a4,0x40034
200a2d84:	0796                	slli	a5,a5,0x5
200a2d86:	0d070713          	addi	a4,a4,208 # 400340d0 <USBSS_EP2_Tx_Th0_Buf+0x1ff140d0>
200a2d8a:	b7ed                	j	200a2d74 <USBSS_Endp_Set_Frature+0x22>
200a2d8c:	0ff00513          	li	a0,255
200a2d90:	8082                	ret

200a2d92 <USBSS_Get_Endp_Status>:
200a2d92:	872a                	mv	a4,a0
200a2d94:	07057513          	andi	a0,a0,112
200a2d98:	e139                	bnez	a0,200a2dde <USBSS_Get_Endp_Status+0x4c>
200a2d9a:	07f77793          	andi	a5,a4,127
200a2d9e:	c3b1                	beqz	a5,200a2de2 <USBSS_Get_Endp_Status+0x50>
200a2da0:	fff70793          	addi	a5,a4,-1
200a2da4:	60471713          	sext.b	a4,a4
200a2da8:	02075563          	bgez	a4,200a2dd2 <USBSS_Get_Endp_Status+0x40>
200a2dac:	07f7f793          	andi	a5,a5,127
200a2db0:	40034737          	lui	a4,0x40034
200a2db4:	0796                	slli	a5,a5,0x5
200a2db6:	0c070713          	addi	a4,a4,192 # 400340c0 <USBSS_EP2_Tx_Th0_Buf+0x1ff140c0>
200a2dba:	97ba                	add	a5,a5,a4
200a2dbc:	339c                	lbu	a5,1(a5)
200a2dbe:	60479793          	sext.b	a5,a5
200a2dc2:	0207d063          	bgez	a5,200a2de2 <USBSS_Get_Endp_Status+0x50>
200a2dc6:	200d37b7          	lui	a5,0x200d3
200a2dca:	4705                	li	a4,1
200a2dcc:	b2e78023          	sb	a4,-1248(a5) # 200d2b20 <USBSS_EP0_Buf>
200a2dd0:	8082                	ret
200a2dd2:	40034737          	lui	a4,0x40034
200a2dd6:	0796                	slli	a5,a5,0x5
200a2dd8:	0d070713          	addi	a4,a4,208 # 400340d0 <USBSS_EP2_Tx_Th0_Buf+0x1ff140d0>
200a2ddc:	bff9                	j	200a2dba <USBSS_Get_Endp_Status+0x28>
200a2dde:	0ff00513          	li	a0,255
200a2de2:	8082                	ret

200a2de4 <USBSS_IRQHandler>:
200a2de4:	400347b7          	lui	a5,0x40034
200a2de8:	5bf4                	lw	a3,116(a5)
200a2dea:	1101                	addi	sp,sp,-32
200a2dec:	ce22                	sw	s0,28(sp)
200a2dee:	cc26                	sw	s1,24(sp)
200a2df0:	ca4a                	sw	s2,20(sp)
200a2df2:	c84e                	sw	s3,16(sp)
200a2df4:	c652                	sw	s4,12(sp)
200a2df6:	c456                	sw	s5,8(sp)
200a2df8:	0066f713          	andi	a4,a3,6
200a2dfc:	4609                	li	a2,2
200a2dfe:	40c71163          	bne	a4,a2,200a3200 <USBSS_IRQHandler+0x41c>
200a2e02:	200d3537          	lui	a0,0x200d3
200a2e06:	b2050693          	addi	a3,a0,-1248 # 200d2b20 <USBSS_EP0_Buf>
200a2e0a:	229c                	lbu	a5,0(a3)
200a2e0c:	86f183a3          	sb	a5,-1945(gp) # 200c1077 <USBSS_SetupReqType>
200a2e10:	329c                	lbu	a5,1(a3)
200a2e12:	22b2                	lhu	a2,2(a3)
200a2e14:	86f18323          	sb	a5,-1946(gp) # 200c1076 <USBSS_SetupReqCode>
200a2e18:	22fe                	lhu	a5,6(a3)
200a2e1a:	22d6                	lhu	a3,4(a3)
200a2e1c:	200d2737          	lui	a4,0x200d2
200a2e20:	86f19023          	sh	a5,-1952(gp) # 200c1070 <USBSS_SetupReqLen>
200a2e24:	86c19223          	sh	a2,-1948(gp) # 200c1074 <USBSS_SetupReqValue>
200a2e28:	86d19123          	sh	a3,-1950(gp) # 200c1072 <USBSS_SetupReqIndex>
200a2e2c:	8671c903          	lbu	s2,-1945(gp) # 200c1077 <USBSS_SetupReqType>
200a2e30:	30470593          	addi	a1,a4,772 # 200d2304 <USBSS_Dev_Info>
200a2e34:	00058123          	sb	zero,2(a1)
200a2e38:	00058323          	sb	zero,6(a1)
200a2e3c:	06097913          	andi	s2,s2,96
200a2e40:	30470713          	addi	a4,a4,772
200a2e44:	b2050813          	addi	a6,a0,-1248
200a2e48:	02091963          	bnez	s2,200a2e7a <USBSS_IRQHandler+0x96>
200a2e4c:	8661c883          	lbu	a7,-1946(gp) # 200c1076 <USBSS_SetupReqCode>
200a2e50:	432d                	li	t1,11
200a2e52:	0ff8f693          	zext.b	a3,a7
200a2e56:	01136a63          	bltu	t1,a7,200a2e6a <USBSS_IRQHandler+0x86>
200a2e5a:	200a65b7          	lui	a1,0x200a6
200a2e5e:	aa458593          	addi	a1,a1,-1372 # 200a5aa4 <CSWTCH.69+0x78>
200a2e62:	20b6c6b3          	sh2add	a3,a3,a1
200a2e66:	4294                	lw	a3,0(a3)
200a2e68:	8682                	jr	a3
200a2e6a:	03000713          	li	a4,48
200a2e6e:	12e68563          	beq	a3,a4,200a2f98 <USBSS_IRQHandler+0x1b4>
200a2e72:	03100713          	li	a4,49
200a2e76:	14e68c63          	beq	a3,a4,200a2fce <USBSS_IRQHandler+0x1ea>
200a2e7a:	00400737          	lui	a4,0x400
200a2e7e:	400347b7          	lui	a5,0x40034
200a2e82:	08e7a223          	sw	a4,132(a5) # 40034084 <USBSS_EP2_Tx_Th0_Buf+0x1ff14084>
200a2e86:	00c00737          	lui	a4,0xc00
200a2e8a:	08e7a423          	sw	a4,136(a5)
200a2e8e:	ae0d                	j	200a31c0 <USBSS_IRQHandler+0x3dc>
200a2e90:	8641d703          	lhu	a4,-1948(gp) # 200c1074 <USBSS_SetupReqValue>
200a2e94:	46b9                	li	a3,14
200a2e96:	8321                	srli	a4,a4,0x8
200a2e98:	177d                	addi	a4,a4,-1 # bfffff <_data_lma+0xbd9ec7>
200a2e9a:	0ff77713          	zext.b	a4,a4
200a2e9e:	0ae6e663          	bltu	a3,a4,200a2f4a <USBSS_IRQHandler+0x166>
200a2ea2:	200a66b7          	lui	a3,0x200a6
200a2ea6:	ad468693          	addi	a3,a3,-1324 # 200a5ad4 <CSWTCH.69+0xa8>
200a2eaa:	20d74733          	sh2add	a4,a4,a3
200a2eae:	4318                	lw	a4,0(a4)
200a2eb0:	8702                	jr	a4
200a2eb2:	200a67b7          	lui	a5,0x200a6
200a2eb6:	bec78793          	addi	a5,a5,-1044 # 200a5bec <SS_DeviceDescriptor>
200a2eba:	86f1a423          	sw	a5,-1944(gp) # 200c1078 <pUSBSS_Descr>
200a2ebe:	239c                	lbu	a5,0(a5)
200a2ec0:	a825                	j	200a2ef8 <USBSS_IRQHandler+0x114>
200a2ec2:	200a67b7          	lui	a5,0x200a6
200a2ec6:	b8c78793          	addi	a5,a5,-1140 # 200a5b8c <SS_ConfigDescriptor>
200a2eca:	23b8                	lbu	a4,2(a5)
200a2ecc:	86f1a423          	sw	a5,-1944(gp) # 200c1078 <pUSBSS_Descr>
200a2ed0:	33bc                	lbu	a5,3(a5)
200a2ed2:	07a2                	slli	a5,a5,0x8
200a2ed4:	8fd9                	or	a5,a5,a4
200a2ed6:	a00d                	j	200a2ef8 <USBSS_IRQHandler+0x114>
200a2ed8:	8641d783          	lhu	a5,-1948(gp) # 200c1074 <USBSS_SetupReqValue>
200a2edc:	4709                	li	a4,2
200a2ede:	0ff7f793          	zext.b	a5,a5
200a2ee2:	06e78d63          	beq	a5,a4,200a2f5c <USBSS_IRQHandler+0x178>
200a2ee6:	04f76b63          	bltu	a4,a5,200a2f3c <USBSS_IRQHandler+0x158>
200a2eea:	e7a5                	bnez	a5,200a2f52 <USBSS_IRQHandler+0x16e>
200a2eec:	82018793          	addi	a5,gp,-2016 # 200c1030 <MyLangDescr>
200a2ef0:	86f1a423          	sw	a5,-1944(gp) # 200c1078 <pUSBSS_Descr>
200a2ef4:	239c                	lbu	a5,0(a5)
200a2ef6:	4901                	li	s2,0
200a2ef8:	8601d703          	lhu	a4,-1952(gp) # 200c1070 <USBSS_SetupReqLen>
200a2efc:	00e7f463          	bgeu	a5,a4,200a2f04 <USBSS_IRQHandler+0x120>
200a2f00:	86f19023          	sh	a5,-1952(gp) # 200c1070 <USBSS_SetupReqLen>
200a2f04:	8601d703          	lhu	a4,-1952(gp) # 200c1070 <USBSS_SetupReqLen>
200a2f08:	1ff00793          	li	a5,511
200a2f0c:	20000a13          	li	s4,512
200a2f10:	00e7e663          	bltu	a5,a4,200a2f1c <USBSS_IRQHandler+0x138>
200a2f14:	8601da03          	lhu	s4,-1952(gp) # 200c1070 <USBSS_SetupReqLen>
200a2f18:	080a4a33          	zext.h	s4,s4
200a2f1c:	8681aa83          	lw	s5,-1944(gp) # 200c1078 <pUSBSS_Descr>
200a2f20:	8652                	mv	a2,s4
200a2f22:	b2050513          	addi	a0,a0,-1248
200a2f26:	85d6                	mv	a1,s5
200a2f28:	9ad2                	add	s5,s5,s4
200a2f2a:	b8afd0ef          	jal	ra,200a02b4 <memcpy>
200a2f2e:	8751a423          	sw	s5,-1944(gp) # 200c1078 <pUSBSS_Descr>
200a2f32:	0ff00793          	li	a5,255
200a2f36:	f4f902e3          	beq	s2,a5,200a2e7a <USBSS_IRQHandler+0x96>
200a2f3a:	a8b9                	j	200a2f98 <USBSS_IRQHandler+0x1b4>
200a2f3c:	470d                	li	a4,3
200a2f3e:	02e78463          	beq	a5,a4,200a2f66 <USBSS_IRQHandler+0x182>
200a2f42:	0ee00713          	li	a4,238
200a2f46:	02e78563          	beq	a5,a4,200a2f70 <USBSS_IRQHandler+0x18c>
200a2f4a:	4781                	li	a5,0
200a2f4c:	0ff00913          	li	s2,255
200a2f50:	b765                	j	200a2ef8 <USBSS_IRQHandler+0x114>
200a2f52:	200a67b7          	lui	a5,0x200a6
200a2f56:	b7c78793          	addi	a5,a5,-1156 # 200a5b7c <MyManuInfo>
200a2f5a:	b785                	j	200a2eba <USBSS_IRQHandler+0xd6>
200a2f5c:	200a67b7          	lui	a5,0x200a6
200a2f60:	b5478793          	addi	a5,a5,-1196 # 200a5b54 <MyProdInfo>
200a2f64:	bf99                	j	200a2eba <USBSS_IRQHandler+0xd6>
200a2f66:	200a67b7          	lui	a5,0x200a6
200a2f6a:	b3c78793          	addi	a5,a5,-1220 # 200a5b3c <MySerNumInfo>
200a2f6e:	b7b1                	j	200a2eba <USBSS_IRQHandler+0xd6>
200a2f70:	200a67b7          	lui	a5,0x200a6
200a2f74:	b2878793          	addi	a5,a5,-1240 # 200a5b28 <OSStringDescriptor>
200a2f78:	b789                	j	200a2eba <USBSS_IRQHandler+0xd6>
200a2f7a:	200a67b7          	lui	a5,0x200a6
200a2f7e:	c0078793          	addi	a5,a5,-1024 # 200a5c00 <MyQuaDesc>
200a2f82:	bf25                	j	200a2eba <USBSS_IRQHandler+0xd6>
200a2f84:	200a67b7          	lui	a5,0x200a6
200a2f88:	b1078793          	addi	a5,a5,-1264 # 200a5b10 <MyBOSDesc_SS>
200a2f8c:	bf3d                	j	200a2eca <USBSS_IRQHandler+0xe6>
200a2f8e:	8641d783          	lhu	a5,-1948(gp) # 200c1074 <USBSS_SetupReqValue>
200a2f92:	4685                	li	a3,1
200a2f94:	a334                	sb	a3,2(a4)
200a2f96:	b33c                	sb	a5,3(a4)
200a2f98:	8671c783          	lbu	a5,-1945(gp) # 200c1077 <USBSS_SetupReqType>
200a2f9c:	60479793          	sext.b	a5,a5
200a2fa0:	2207dd63          	bgez	a5,200a31da <USBSS_IRQHandler+0x3f6>
200a2fa4:	8601d783          	lhu	a5,-1952(gp) # 200c1070 <USBSS_SetupReqLen>
200a2fa8:	1c079f63          	bnez	a5,200a3186 <USBSS_IRQHandler+0x3a2>
200a2fac:	400347b7          	lui	a5,0x40034
200a2fb0:	00a00737          	lui	a4,0xa00
200a2fb4:	bdd9                	j	200a2e8a <USBSS_IRQHandler+0xa6>
200a2fb6:	85e1c783          	lbu	a5,-1954(gp) # 200c106e <USBSS_DevConfig>
200a2fba:	00f80023          	sb	a5,0(a6)
200a2fbe:	8601d703          	lhu	a4,-1952(gp) # 200c1070 <USBSS_SetupReqLen>
200a2fc2:	4785                	li	a5,1
200a2fc4:	fce7fae3          	bgeu	a5,a4,200a2f98 <USBSS_IRQHandler+0x1b4>
200a2fc8:	86f19023          	sh	a5,-1952(gp) # 200c1070 <USBSS_SetupReqLen>
200a2fcc:	b7f1                	j	200a2f98 <USBSS_IRQHandler+0x1b4>
200a2fce:	8641d783          	lhu	a5,-1948(gp) # 200c1074 <USBSS_SetupReqValue>
200a2fd2:	4705                	li	a4,1
200a2fd4:	a1f8                	sb	a4,6(a1)
200a2fd6:	b1fc                	sb	a5,7(a1)
200a2fd8:	b7c1                	j	200a2f98 <USBSS_IRQHandler+0x1b4>
200a2fda:	8641d603          	lhu	a2,-1948(gp) # 200c1074 <USBSS_SetupReqValue>
200a2fde:	0ff67613          	zext.b	a2,a2
200a2fe2:	84c18f23          	sb	a2,-1954(gp) # 200c106e <USBSS_DevConfig>
200a2fe6:	85e1c603          	lbu	a2,-1954(gp) # 200c106e <USBSS_DevConfig>
200a2fea:	ca05                	beqz	a2,200a301a <USBSS_IRQHandler+0x236>
200a2fec:	200a6637          	lui	a2,0x200a6
200a2ff0:	b9164603          	lbu	a2,-1135(a2) # 200a5b91 <SS_ConfigDescriptor+0x5>
200a2ff4:	85e1c583          	lbu	a1,-1954(gp) # 200c106e <USBSS_DevConfig>
200a2ff8:	02b60163          	beq	a2,a1,200a301a <USBSS_IRQHandler+0x236>
200a2ffc:	84c18f23          	sb	a2,-1954(gp) # 200c106e <USBSS_DevConfig>
200a3000:	85e1c683          	lbu	a3,-1954(gp) # 200c106e <USBSS_DevConfig>
200a3004:	8641d783          	lhu	a5,-1948(gp) # 200c1074 <USBSS_SetupReqValue>
200a3008:	0ff7f793          	zext.b	a5,a5
200a300c:	e6f687e3          	beq	a3,a5,200a2e7a <USBSS_IRQHandler+0x96>
200a3010:	00070023          	sb	zero,0(a4) # a00000 <_data_lma+0x9d9ec8>
200a3014:	000700a3          	sb	zero,1(a4)
200a3018:	b58d                	j	200a2e7a <USBSS_IRQHandler+0x96>
200a301a:	85e1c503          	lbu	a0,-1954(gp) # 200c106e <USBSS_DevConfig>
200a301e:	200d2637          	lui	a2,0x200d2
200a3022:	0a060613          	addi	a2,a2,160 # 200d20a0 <logic_adc_info>
200a3026:	e905                	bnez	a0,200a3056 <USBSS_IRQHandler+0x272>
200a3028:	84018e23          	sb	zero,-1956(gp) # 200c106c <USBSS_DevEnumStatus>
200a302c:	00060523          	sb	zero,10(a2)
200a3030:	40011637          	lui	a2,0x40011
200a3034:	c0060613          	addi	a2,a2,-1024 # 40010c00 <USBSS_EP2_Tx_Th0_Buf+0x1fef0c00>
200a3038:	45c1                	li	a1,16
200a303a:	ca0c                	sw	a1,16(a2)
200a303c:	85e1c683          	lbu	a3,-1954(gp) # 200c106e <USBSS_DevConfig>
200a3040:	8641d783          	lhu	a5,-1948(gp) # 200c1074 <USBSS_SetupReqValue>
200a3044:	0ff7f793          	zext.b	a5,a5
200a3048:	f4f688e3          	beq	a3,a5,200a2f98 <USBSS_IRQHandler+0x1b4>
200a304c:	00070023          	sb	zero,0(a4)
200a3050:	000700a3          	sb	zero,1(a4)
200a3054:	b791                	j	200a2f98 <USBSS_IRQHandler+0x1b4>
200a3056:	4505                	li	a0,1
200a3058:	84a18e23          	sb	a0,-1956(gp) # 200c106c <USBSS_DevEnumStatus>
200a305c:	4589                	li	a1,2
200a305e:	a62c                	sb	a1,10(a2)
200a3060:	40011637          	lui	a2,0x40011
200a3064:	c0060613          	addi	a2,a2,-1024 # 40010c00 <USBSS_EP2_Tx_Th0_Buf+0x1fef0c00>
200a3068:	45c1                	li	a1,16
200a306a:	ca4c                	sw	a1,20(a2)
200a306c:	bfc1                	j	200a303c <USBSS_IRQHandler+0x258>
200a306e:	8671c703          	lbu	a4,-1945(gp) # 200c1077 <USBSS_SetupReqType>
200a3072:	8b7d                	andi	a4,a4,31
200a3074:	e321                	bnez	a4,200a30b4 <USBSS_IRQHandler+0x2d0>
200a3076:	8641d703          	lhu	a4,-1948(gp) # 200c1074 <USBSS_SetupReqValue>
200a307a:	4685                	li	a3,1
200a307c:	0ff77713          	zext.b	a4,a4
200a3080:	00d71963          	bne	a4,a3,200a3092 <USBSS_IRQHandler+0x2ae>
200a3084:	85d1c783          	lbu	a5,-1955(gp) # 200c106d <USBSS_DevSleepStatus>
200a3088:	0fe7f793          	andi	a5,a5,254
200a308c:	84f18ea3          	sb	a5,-1955(gp) # 200c106d <USBSS_DevSleepStatus>
200a3090:	b721                	j	200a2f98 <USBSS_IRQHandler+0x1b4>
200a3092:	8641d703          	lhu	a4,-1948(gp) # 200c1074 <USBSS_SetupReqValue>
200a3096:	03000693          	li	a3,48
200a309a:	0ff77713          	zext.b	a4,a4
200a309e:	eed70de3          	beq	a4,a3,200a2f98 <USBSS_IRQHandler+0x1b4>
200a30a2:	8641d783          	lhu	a5,-1948(gp) # 200c1074 <USBSS_SetupReqValue>
200a30a6:	03100713          	li	a4,49
200a30aa:	0ff7f793          	zext.b	a5,a5
200a30ae:	dce796e3          	bne	a5,a4,200a2e7a <USBSS_IRQHandler+0x96>
200a30b2:	b5dd                	j	200a2f98 <USBSS_IRQHandler+0x1b4>
200a30b4:	8671c703          	lbu	a4,-1945(gp) # 200c1077 <USBSS_SetupReqType>
200a30b8:	4689                	li	a3,2
200a30ba:	8b7d                	andi	a4,a4,31
200a30bc:	dad71fe3          	bne	a4,a3,200a2e7a <USBSS_IRQHandler+0x96>
200a30c0:	8641d783          	lhu	a5,-1948(gp) # 200c1074 <USBSS_SetupReqValue>
200a30c4:	0ff7f793          	zext.b	a5,a5
200a30c8:	da0799e3          	bnez	a5,200a2e7a <USBSS_IRQHandler+0x96>
200a30cc:	8621d503          	lhu	a0,-1950(gp) # 200c1072 <USBSS_SetupReqIndex>
200a30d0:	0ff57513          	zext.b	a0,a0
200a30d4:	c3fff0ef          	jal	ra,200a2d12 <USBSS_Endp_Clear_Frature>
200a30d8:	b5c1                	j	200a2f98 <USBSS_IRQHandler+0x1b4>
200a30da:	8671c703          	lbu	a4,-1945(gp) # 200c1077 <USBSS_SetupReqType>
200a30de:	8b7d                	andi	a4,a4,31
200a30e0:	ef11                	bnez	a4,200a30fc <USBSS_IRQHandler+0x318>
200a30e2:	8641d703          	lhu	a4,-1948(gp) # 200c1074 <USBSS_SetupReqValue>
200a30e6:	03000693          	li	a3,48
200a30ea:	0ff77713          	zext.b	a4,a4
200a30ee:	fad71ae3          	bne	a4,a3,200a30a2 <USBSS_IRQHandler+0x2be>
200a30f2:	85c1c783          	lbu	a5,-1956(gp) # 200c106c <USBSS_DevEnumStatus>
200a30f6:	ea0791e3          	bnez	a5,200a2f98 <USBSS_IRQHandler+0x1b4>
200a30fa:	b341                	j	200a2e7a <USBSS_IRQHandler+0x96>
200a30fc:	8671c703          	lbu	a4,-1945(gp) # 200c1077 <USBSS_SetupReqType>
200a3100:	4689                	li	a3,2
200a3102:	8b7d                	andi	a4,a4,31
200a3104:	e8d71ae3          	bne	a4,a3,200a2f98 <USBSS_IRQHandler+0x1b4>
200a3108:	8641d783          	lhu	a5,-1948(gp) # 200c1074 <USBSS_SetupReqValue>
200a310c:	0ff7f793          	zext.b	a5,a5
200a3110:	e80794e3          	bnez	a5,200a2f98 <USBSS_IRQHandler+0x1b4>
200a3114:	8621d503          	lhu	a0,-1950(gp) # 200c1072 <USBSS_SetupReqIndex>
200a3118:	0ff57513          	zext.b	a0,a0
200a311c:	c37ff0ef          	jal	ra,200a2d52 <USBSS_Endp_Set_Frature>
200a3120:	bda5                	j	200a2f98 <USBSS_IRQHandler+0x1b4>
200a3122:	00080023          	sb	zero,0(a6)
200a3126:	bd61                	j	200a2fbe <USBSS_IRQHandler+0x1da>
200a3128:	8671c483          	lbu	s1,-1945(gp) # 200c1077 <USBSS_SetupReqType>
200a312c:	b2051023          	sh	zero,-1248(a0)
200a3130:	4689                	li	a3,2
200a3132:	88fd                	andi	s1,s1,31
200a3134:	02d49063          	bne	s1,a3,200a3154 <USBSS_IRQHandler+0x370>
200a3138:	8621d503          	lhu	a0,-1950(gp) # 200c1072 <USBSS_SetupReqIndex>
200a313c:	0ff57513          	zext.b	a0,a0
200a3140:	c53ff0ef          	jal	ra,200a2d92 <USBSS_Get_Endp_Status>
200a3144:	8601d783          	lhu	a5,-1952(gp) # 200c1070 <USBSS_SetupReqLen>
200a3148:	892a                	mv	s2,a0
200a314a:	def4f4e3          	bgeu	s1,a5,200a2f32 <USBSS_IRQHandler+0x14e>
200a314e:	86919023          	sh	s1,-1952(gp) # 200c1070 <USBSS_SetupReqLen>
200a3152:	b3c5                	j	200a2f32 <USBSS_IRQHandler+0x14e>
200a3154:	8671c783          	lbu	a5,-1945(gp) # 200c1077 <USBSS_SetupReqType>
200a3158:	8bfd                	andi	a5,a5,31
200a315a:	cb81                	beqz	a5,200a316a <USBSS_IRQHandler+0x386>
200a315c:	8601d783          	lhu	a5,-1952(gp) # 200c1070 <USBSS_SetupReqLen>
200a3160:	e2f6fce3          	bgeu	a3,a5,200a2f98 <USBSS_IRQHandler+0x1b4>
200a3164:	86d19023          	sh	a3,-1952(gp) # 200c1070 <USBSS_SetupReqLen>
200a3168:	bd05                	j	200a2f98 <USBSS_IRQHandler+0x1b4>
200a316a:	85d1c603          	lbu	a2,-1955(gp) # 200c106d <USBSS_DevSleepStatus>
200a316e:	331c                	lbu	a5,1(a4)
200a3170:	2318                	lbu	a4,0(a4)
200a3172:	078e                	slli	a5,a5,0x3
200a3174:	070a                	slli	a4,a4,0x2
200a3176:	8fd9                	or	a5,a5,a4
200a3178:	00167713          	andi	a4,a2,1
200a317c:	0706                	slli	a4,a4,0x1
200a317e:	8fd9                	or	a5,a5,a4
200a3180:	00f80023          	sb	a5,0(a6)
200a3184:	bfe1                	j	200a315c <USBSS_IRQHandler+0x378>
200a3186:	8601d703          	lhu	a4,-1952(gp) # 200c1070 <USBSS_SetupReqLen>
200a318a:	20000793          	li	a5,512
200a318e:	00e7e663          	bltu	a5,a4,200a319a <USBSS_IRQHandler+0x3b6>
200a3192:	8601d783          	lhu	a5,-1952(gp) # 200c1070 <USBSS_SetupReqLen>
200a3196:	0807c7b3          	zext.h	a5,a5
200a319a:	8601d703          	lhu	a4,-1952(gp) # 200c1070 <USBSS_SetupReqLen>
200a319e:	8f1d                	sub	a4,a4,a5
200a31a0:	08074733          	zext.h	a4,a4
200a31a4:	86e19023          	sh	a4,-1952(gp) # 200c1070 <USBSS_SetupReqLen>
200a31a8:	40034737          	lui	a4,0x40034
200a31ac:	29579793          	bseti	a5,a5,0x15
200a31b0:	08f72223          	sw	a5,132(a4) # 40034084 <USBSS_EP2_Tx_Th0_Buf+0x1ff14084>
200a31b4:	08472783          	lw	a5,132(a4)
200a31b8:	29779793          	bseti	a5,a5,0x17
200a31bc:	08f72223          	sw	a5,132(a4)
200a31c0:	400347b7          	lui	a5,0x40034
200a31c4:	4709                	li	a4,2
200a31c6:	dbf8                	sw	a4,116(a5)
200a31c8:	4472                	lw	s0,28(sp)
200a31ca:	44e2                	lw	s1,24(sp)
200a31cc:	4952                	lw	s2,20(sp)
200a31ce:	49c2                	lw	s3,16(sp)
200a31d0:	4a32                	lw	s4,12(sp)
200a31d2:	4aa2                	lw	s5,8(sp)
200a31d4:	6105                	addi	sp,sp,32
200a31d6:	30200073          	mret
200a31da:	8601d783          	lhu	a5,-1952(gp) # 200c1070 <USBSS_SetupReqLen>
200a31de:	dc0797e3          	bnez	a5,200a2fac <USBSS_IRQHandler+0x1c8>
200a31e2:	400347b7          	lui	a5,0x40034
200a31e6:	08078793          	addi	a5,a5,128 # 40034080 <USBSS_EP2_Tx_Th0_Buf+0x1ff14080>
200a31ea:	00200737          	lui	a4,0x200
200a31ee:	c3d8                	sw	a4,4(a5)
200a31f0:	43d8                	lw	a4,4(a5)
200a31f2:	29771713          	bseti	a4,a4,0x17
200a31f6:	c3d8                	sw	a4,4(a5)
200a31f8:	00a00737          	lui	a4,0xa00
200a31fc:	c798                	sw	a4,8(a5)
200a31fe:	b7c9                	j	200a31c0 <USBSS_IRQHandler+0x3dc>
200a3200:	0046f713          	andi	a4,a3,4
200a3204:	cf1d                	beqz	a4,200a3242 <USBSS_IRQHandler+0x45e>
200a3206:	4711                	li	a4,4
200a3208:	200d2437          	lui	s0,0x200d2
200a320c:	dbf8                	sw	a4,116(a5)
200a320e:	30440413          	addi	s0,s0,772 # 200d2304 <USBSS_Dev_Info>
200a3212:	2038                	lbu	a4,2(s0)
200a3214:	cf19                	beqz	a4,200a3232 <USBSS_IRQHandler+0x44e>
200a3216:	3028                	lbu	a0,3(s0)
200a3218:	400345b7          	lui	a1,0x40034
200a321c:	8fbff0ef          	jal	ra,200a2b16 <SET_Device_Address>
200a3220:	00040123          	sb	zero,2(s0)
200a3224:	400347b7          	lui	a5,0x40034
200a3228:	0807a223          	sw	zero,132(a5) # 40034084 <USBSS_EP2_Tx_Th0_Buf+0x1ff14084>
200a322c:	0807a423          	sw	zero,136(a5)
200a3230:	bf61                	j	200a31c8 <USBSS_IRQHandler+0x3e4>
200a3232:	2078                	lbu	a4,6(s0)
200a3234:	db65                	beqz	a4,200a3224 <USBSS_IRQHandler+0x440>
200a3236:	3078                	lbu	a4,7(s0)
200a3238:	04e79023          	sh	a4,64(a5)
200a323c:	00040323          	sb	zero,6(s0)
200a3240:	b7d5                	j	200a3224 <USBSS_IRQHandler+0x440>
200a3242:	0016f713          	andi	a4,a3,1
200a3246:	d349                	beqz	a4,200a31c8 <USBSS_IRQHandler+0x3e4>
200a3248:	6585                	lui	a1,0x1
200a324a:	0086d713          	srli	a4,a3,0x8
200a324e:	8eed                	and	a3,a3,a1
200a3250:	8b1d                	andi	a4,a4,7
200a3252:	c2f5                	beqz	a3,200a3336 <USBSS_IRQHandler+0x552>
200a3254:	0cc70463          	beq	a4,a2,200a331c <USBSS_IRQHandler+0x538>
200a3258:	00e66f63          	bltu	a2,a4,200a3276 <USBSS_IRQHandler+0x492>
200a325c:	eb4d                	bnez	a4,200a330e <USBSS_IRQHandler+0x52a>
200a325e:	8601d703          	lhu	a4,-1952(gp) # 200c1070 <USBSS_SetupReqLen>
200a3262:	eb15                	bnez	a4,200a3296 <USBSS_IRQHandler+0x4b2>
200a3264:	00200737          	lui	a4,0x200
200a3268:	08e7a223          	sw	a4,132(a5)
200a326c:	00a00737          	lui	a4,0xa00
200a3270:	08e7a423          	sw	a4,136(a5)
200a3274:	bf91                	j	200a31c8 <USBSS_IRQHandler+0x3e4>
200a3276:	468d                	li	a3,3
200a3278:	f4d718e3          	bne	a4,a3,200a31c8 <USBSS_IRQHandler+0x3e4>
200a327c:	1057c703          	lbu	a4,261(a5)
200a3280:	04076713          	ori	a4,a4,64
200a3284:	10e782a3          	sb	a4,261(a5)
200a3288:	200d27b7          	lui	a5,0x200d2
200a328c:	0a078793          	addi	a5,a5,160 # 200d20a0 <logic_adc_info>
200a3290:	20078e23          	sb	zero,540(a5)
200a3294:	bf15                	j	200a31c8 <USBSS_IRQHandler+0x3e4>
200a3296:	8661c683          	lbu	a3,-1946(gp) # 200c1076 <USBSS_SetupReqCode>
200a329a:	4719                	li	a4,6
200a329c:	06e69463          	bne	a3,a4,200a3304 <USBSS_IRQHandler+0x520>
200a32a0:	8601d703          	lhu	a4,-1952(gp) # 200c1070 <USBSS_SetupReqLen>
200a32a4:	1ff00793          	li	a5,511
200a32a8:	20000413          	li	s0,512
200a32ac:	00e7e663          	bltu	a5,a4,200a32b8 <USBSS_IRQHandler+0x4d4>
200a32b0:	8601d403          	lhu	s0,-1952(gp) # 200c1070 <USBSS_SetupReqLen>
200a32b4:	08044433          	zext.h	s0,s0
200a32b8:	8681a903          	lw	s2,-1944(gp) # 200c1078 <pUSBSS_Descr>
200a32bc:	200d3537          	lui	a0,0x200d3
200a32c0:	8622                	mv	a2,s0
200a32c2:	85ca                	mv	a1,s2
200a32c4:	b2050513          	addi	a0,a0,-1248 # 200d2b20 <USBSS_EP0_Buf>
200a32c8:	fedfc0ef          	jal	ra,200a02b4 <memcpy>
200a32cc:	8601d783          	lhu	a5,-1952(gp) # 200c1070 <USBSS_SetupReqLen>
200a32d0:	40034737          	lui	a4,0x40034
200a32d4:	08070713          	addi	a4,a4,128 # 40034080 <USBSS_EP2_Tx_Th0_Buf+0x1ff14080>
200a32d8:	8f81                	sub	a5,a5,s0
200a32da:	0807c7b3          	zext.h	a5,a5
200a32de:	86f19023          	sh	a5,-1952(gp) # 200c1070 <USBSS_SetupReqLen>
200a32e2:	435c                	lw	a5,4(a4)
200a32e4:	9922                	add	s2,s2,s0
200a32e6:	8721a423          	sw	s2,-1944(gp) # 200c1078 <pUSBSS_Descr>
200a32ea:	83c1                	srli	a5,a5,0x10
200a32ec:	8bfd                	andi	a5,a5,31
200a32ee:	0785                	addi	a5,a5,1
200a32f0:	07c2                	slli	a5,a5,0x10
200a32f2:	8fc1                	or	a5,a5,s0
200a32f4:	29579793          	bseti	a5,a5,0x15
200a32f8:	c35c                	sw	a5,4(a4)
200a32fa:	435c                	lw	a5,4(a4)
200a32fc:	29779793          	bseti	a5,a5,0x17
200a3300:	c35c                	sw	a5,4(a4)
200a3302:	b5d9                	j	200a31c8 <USBSS_IRQHandler+0x3e4>
200a3304:	00200737          	lui	a4,0x200
200a3308:	08e7a223          	sw	a4,132(a5)
200a330c:	bd75                	j	200a31c8 <USBSS_IRQHandler+0x3e4>
200a330e:	0c57c703          	lbu	a4,197(a5)
200a3312:	04076713          	ori	a4,a4,64
200a3316:	0ce782a3          	sb	a4,197(a5)
200a331a:	b57d                	j	200a31c8 <USBSS_IRQHandler+0x3e4>
200a331c:	0e57c703          	lbu	a4,229(a5)
200a3320:	04076713          	ori	a4,a4,64
200a3324:	0ee782a3          	sb	a4,229(a5)
200a3328:	200d27b7          	lui	a5,0x200d2
200a332c:	0a078793          	addi	a5,a5,160 # 200d20a0 <logic_adc_info>
200a3330:	00078c23          	sb	zero,24(a5)
200a3334:	bd51                	j	200a31c8 <USBSS_IRQHandler+0x3e4>
200a3336:	db1d                	beqz	a4,200a326c <USBSS_IRQHandler+0x488>
200a3338:	4685                	li	a3,1
200a333a:	e8d717e3          	bne	a4,a3,200a31c8 <USBSS_IRQHandler+0x3e4>
200a333e:	200d26b7          	lui	a3,0x200d2
200a3342:	0a068693          	addi	a3,a3,160 # 200d20a0 <logic_adc_info>
200a3346:	b6b8                	sb	a4,11(a3)
200a3348:	200d2737          	lui	a4,0x200d2
200a334c:	32070713          	addi	a4,a4,800 # 200d2320 <USBSS_EP1_Rx_Buf>
200a3350:	0ce7ae23          	sw	a4,220(a5)
200a3354:	4741                	li	a4,16
200a3356:	0ce78c23          	sb	a4,216(a5)
200a335a:	0d57c703          	lbu	a4,213(a5)
200a335e:	04076713          	ori	a4,a4,64
200a3362:	0ce78aa3          	sb	a4,213(a5)
200a3366:	b58d                	j	200a31c8 <USBSS_IRQHandler+0x3e4>

200a3368 <VDDI8_IO_Change>:
200a3368:	f1dfc2ef          	jal	t0,200a0284 <__riscv_save_0>
200a336c:	4585                	li	a1,1
200a336e:	10000537          	lui	a0,0x10000
200a3372:	85dfd0ef          	jal	ra,200a0bce <RCC_HB1PeriphClockCmd>
200a3376:	400077b7          	lui	a5,0x40007
200a337a:	4398                	lw	a4,0(a5)
200a337c:	76f9                	lui	a3,0xffffe
200a337e:	3ff68693          	addi	a3,a3,1023 # ffffe3ff <USBSS_EP2_Tx_Th0_Buf+0xdfede3ff>
200a3382:	20076713          	ori	a4,a4,512
200a3386:	c398                	sw	a4,0(a5)
200a3388:	4398                	lw	a4,0(a5)
200a338a:	8f75                	and	a4,a4,a3
200a338c:	c398                	sw	a4,0(a5)
200a338e:	4398                	lw	a4,0(a5)
200a3390:	6685                	lui	a3,0x1
200a3392:	40068693          	addi	a3,a3,1024 # 1400 <__stack_size+0xc00>
200a3396:	8f55                	or	a4,a4,a3
200a3398:	c398                	sw	a4,0(a5)
200a339a:	d43fd0ef          	jal	ra,200a10dc <Dac_Init>
200a339e:	f0bfc06f          	j	200a02a8 <__riscv_restore_0>

200a33a2 <Hardware>:
200a33a2:	ee3fc2ef          	jal	t0,200a0284 <__riscv_save_0>
200a33a6:	4585                	li	a1,1
200a33a8:	4505                	li	a0,1
200a33aa:	809fd0ef          	jal	ra,200a0bb2 <RCC_HB2PeriphClockCmd>
200a33ae:	00300537          	lui	a0,0x300
200a33b2:	4585                	li	a1,1
200a33b4:	40050513          	addi	a0,a0,1024 # 300400 <_data_lma+0x2da2c8>
200a33b8:	b0afd0ef          	jal	ra,200a06c2 <GPIO_PinRemapConfig>
200a33bc:	4585                	li	a1,1
200a33be:	80000537          	lui	a0,0x80000
200a33c2:	80dfd0ef          	jal	ra,200a0bce <RCC_HB1PeriphClockCmd>
200a33c6:	400087b7          	lui	a5,0x40008
200a33ca:	40078793          	addi	a5,a5,1024 # 40008400 <USBSS_EP2_Tx_Th0_Buf+0x1fee8400>
200a33ce:	53d8                	lw	a4,36(a5)
200a33d0:	00176713          	ori	a4,a4,1
200a33d4:	d3d8                	sw	a4,36(a5)
200a33d6:	eb5fd0ef          	jal	ra,200a128a <LOGIC_Para_Init>
200a33da:	db0fe0ef          	jal	ra,200a198a <Led_Time_Init>
200a33de:	06400513          	li	a0,100
200a33e2:	af5fd0ef          	jal	ra,200a0ed6 <Delay_Ms>
200a33e6:	3749                	jal	200a3368 <VDDI8_IO_Change>
200a33e8:	c80fe0ef          	jal	ra,200a1868 <Get_Flash_Size>
200a33ec:	4585                	li	a1,1
200a33ee:	08200513          	li	a0,130
200a33f2:	fc0fd0ef          	jal	ra,200a0bb2 <RCC_HB2PeriphClockCmd>
200a33f6:	4501                	li	a0,0
200a33f8:	883fd0ef          	jal	ra,200a0c7a <RCC_HSADCCLKConfig>
200a33fc:	c0aff0ef          	jal	ra,200a2806 <USB_Timer_Init>
200a3400:	4505                	li	a0,1
200a3402:	f76ff0ef          	jal	ra,200a2b78 <USBSS_Device_Init>
200a3406:	eeffd0ef          	jal	ra,200a12f4 <LOGIC_ADC_CMD_Process>
200a340a:	920fe0ef          	jal	ra,200a152a <LOGIC_UHSIF_Main_Process>
200a340e:	b08fe0ef          	jal	ra,200a1716 <LOGIC_ADC_Main_Process>
200a3412:	c18fe0ef          	jal	ra,200a182a <LOGIC_ADC_RAMOVER_Process>
200a3416:	c6cfe0ef          	jal	ra,200a1882 <IAP_JUMP_Process>
200a341a:	b7f5                	j	200a3406 <Hardware+0x64>

200a341c <UHSIF_GPIO_Init>:
200a341c:	e41fc2ef          	jal	t0,200a025c <__riscv_save_10>
200a3420:	4b09                	li	s6,2
200a3422:	715d                	addi	sp,sp,-80
200a3424:	62ab6663          	bltu	s6,a0,200a3a50 <UHSIF_GPIO_Init+0x634>
200a3428:	8aaa                	mv	s5,a0
200a342a:	892e                	mv	s2,a1
200a342c:	0a100513          	li	a0,161
200a3430:	2abb6c63          	bltu	s6,a1,200a36e8 <UHSIF_GPIO_Init+0x2cc>
200a3434:	478d                	li	a5,3
200a3436:	89b2                	mv	s3,a2
200a3438:	2ac7e863          	bltu	a5,a2,200a36e8 <UHSIF_GPIO_Init+0x2cc>
200a343c:	843a                	mv	s0,a4
200a343e:	03f00713          	li	a4,63
200a3442:	8a36                	mv	s4,a3
200a3444:	0a800513          	li	a0,168
200a3448:	2ad76063          	bltu	a4,a3,200a36e8 <UHSIF_GPIO_Init+0x2cc>
200a344c:	0a900513          	li	a0,169
200a3450:	2887ec63          	bltu	a5,s0,200a36e8 <UHSIF_GPIO_Init+0x2cc>
200a3454:	200d34b7          	lui	s1,0x200d3
200a3458:	03400613          	li	a2,52
200a345c:	4581                	li	a1,0
200a345e:	52048513          	addi	a0,s1,1312 # 200d3520 <UHSIF_Para>
200a3462:	e69fc0ef          	jal	ra,200a02ca <memset>
200a3466:	52048b93          	addi	s7,s1,1312
200a346a:	4791                	li	a5,4
200a346c:	02fb8923          	sb	a5,50(s7)
200a3470:	4585                	li	a1,1
200a3472:	00040537          	lui	a0,0x40
200a3476:	028b88a3          	sb	s0,49(s7)
200a347a:	f1cfd0ef          	jal	ra,200a0b96 <RCC_HBPeriphClockCmd>
200a347e:	4585                	li	a1,1
200a3480:	0fd00513          	li	a0,253
200a3484:	f2efd0ef          	jal	ra,200a0bb2 <RCC_HB2PeriphClockCmd>
200a3488:	031bc783          	lbu	a5,49(s7)
200a348c:	200a55b7          	lui	a1,0x200a5
200a3490:	52048493          	addi	s1,s1,1312
200a3494:	79858413          	addi	s0,a1,1944 # 200a5798 <_read+0xe>
200a3498:	efb1                	bnez	a5,200a34f4 <UHSIF_GPIO_Init+0xd8>
200a349a:	4631                	li	a2,12
200a349c:	79858593          	addi	a1,a1,1944
200a34a0:	1828                	addi	a0,sp,56
200a34a2:	e13fc0ef          	jal	ra,200a02b4 <memcpy>
200a34a6:	00c40593          	addi	a1,s0,12
200a34aa:	4631                	li	a2,12
200a34ac:	00c8                	addi	a0,sp,68
200a34ae:	e07fc0ef          	jal	ra,200a02b4 <memcpy>
200a34b2:	40011537          	lui	a0,0x40011
200a34b6:	182c                	addi	a1,sp,56
200a34b8:	40050513          	addi	a0,a0,1024 # 40011400 <USBSS_EP2_Tx_Th0_Buf+0x1fef1400>
200a34bc:	926fd0ef          	jal	ra,200a05e2 <GPIO_Init>
200a34c0:	40012537          	lui	a0,0x40012
200a34c4:	00cc                	addi	a1,sp,68
200a34c6:	c0050513          	addi	a0,a0,-1024 # 40011c00 <USBSS_EP2_Tx_Th0_Buf+0x1fef1c00>
200a34ca:	918fd0ef          	jal	ra,200a05e2 <GPIO_Init>
200a34ce:	4789                	li	a5,2
200a34d0:	03548823          	sb	s5,48(s1)
200a34d4:	38fa9563          	bne	s5,a5,200a385e <UHSIF_GPIO_Init+0x442>
200a34d8:	12099063          	bnez	s3,200a35f8 <UHSIF_GPIO_Init+0x1dc>
200a34dc:	4631                	li	a2,12
200a34de:	09040593          	addi	a1,s0,144
200a34e2:	00c8                	addi	a0,sp,68
200a34e4:	dd1fc0ef          	jal	ra,200a02b4 <memcpy>
200a34e8:	40012537          	lui	a0,0x40012
200a34ec:	00cc                	addi	a1,sp,68
200a34ee:	c0050513          	addi	a0,a0,-1024 # 40011c00 <USBSS_EP2_Tx_Th0_Buf+0x1fef1c00>
200a34f2:	aa39                	j	200a3610 <UHSIF_GPIO_Init+0x1f4>
200a34f4:	0314c703          	lbu	a4,49(s1)
200a34f8:	4785                	li	a5,1
200a34fa:	04f71a63          	bne	a4,a5,200a354e <UHSIF_GPIO_Init+0x132>
200a34fe:	4631                	li	a2,12
200a3500:	01840593          	addi	a1,s0,24
200a3504:	1008                	addi	a0,sp,32
200a3506:	daffc0ef          	jal	ra,200a02b4 <memcpy>
200a350a:	4631                	li	a2,12
200a350c:	02440593          	addi	a1,s0,36
200a3510:	1068                	addi	a0,sp,44
200a3512:	da3fc0ef          	jal	ra,200a02b4 <memcpy>
200a3516:	4631                	li	a2,12
200a3518:	03040593          	addi	a1,s0,48
200a351c:	1828                	addi	a0,sp,56
200a351e:	d97fc0ef          	jal	ra,200a02b4 <memcpy>
200a3522:	4631                	li	a2,12
200a3524:	03c40593          	addi	a1,s0,60
200a3528:	00c8                	addi	a0,sp,68
200a352a:	d8bfc0ef          	jal	ra,200a02b4 <memcpy>
200a352e:	40011b37          	lui	s6,0x40011
200a3532:	100c                	addi	a1,sp,32
200a3534:	800b0513          	addi	a0,s6,-2048 # 40010800 <USBSS_EP2_Tx_Th0_Buf+0x1fef0800>
200a3538:	8aafd0ef          	jal	ra,200a05e2 <GPIO_Init>
200a353c:	106c                	addi	a1,sp,44
200a353e:	40011537          	lui	a0,0x40011
200a3542:	8a0fd0ef          	jal	ra,200a05e2 <GPIO_Init>
200a3546:	182c                	addi	a1,sp,56
200a3548:	400b0513          	addi	a0,s6,1024
200a354c:	bf85                	j	200a34bc <UHSIF_GPIO_Init+0xa0>
200a354e:	0314c783          	lbu	a5,49(s1)
200a3552:	200a55b7          	lui	a1,0x200a5
200a3556:	200a5bb7          	lui	s7,0x200a5
200a355a:	4631                	li	a2,12
200a355c:	7e058593          	addi	a1,a1,2016 # 200a57e0 <_read+0x56>
200a3560:	03679563          	bne	a5,s6,200a358a <UHSIF_GPIO_Init+0x16e>
200a3564:	1008                	addi	a0,sp,32
200a3566:	d4ffc0ef          	jal	ra,200a02b4 <memcpy>
200a356a:	4631                	li	a2,12
200a356c:	7ecb8593          	addi	a1,s7,2028 # 200a57ec <_read+0x62>
200a3570:	1068                	addi	a0,sp,44
200a3572:	d43fc0ef          	jal	ra,200a02b4 <memcpy>
200a3576:	4631                	li	a2,12
200a3578:	06040593          	addi	a1,s0,96
200a357c:	1828                	addi	a0,sp,56
200a357e:	d37fc0ef          	jal	ra,200a02b4 <memcpy>
200a3582:	4631                	li	a2,12
200a3584:	06c40593          	addi	a1,s0,108
200a3588:	b745                	j	200a3528 <UHSIF_GPIO_Init+0x10c>
200a358a:	0848                	addi	a0,sp,20
200a358c:	d29fc0ef          	jal	ra,200a02b4 <memcpy>
200a3590:	4631                	li	a2,12
200a3592:	7ecb8593          	addi	a1,s7,2028
200a3596:	1008                	addi	a0,sp,32
200a3598:	d1dfc0ef          	jal	ra,200a02b4 <memcpy>
200a359c:	4631                	li	a2,12
200a359e:	07840593          	addi	a1,s0,120
200a35a2:	1068                	addi	a0,sp,44
200a35a4:	d11fc0ef          	jal	ra,200a02b4 <memcpy>
200a35a8:	4631                	li	a2,12
200a35aa:	00c40593          	addi	a1,s0,12
200a35ae:	1828                	addi	a0,sp,56
200a35b0:	d05fc0ef          	jal	ra,200a02b4 <memcpy>
200a35b4:	4631                	li	a2,12
200a35b6:	08440593          	addi	a1,s0,132
200a35ba:	00c8                	addi	a0,sp,68
200a35bc:	cf9fc0ef          	jal	ra,200a02b4 <memcpy>
200a35c0:	40011b37          	lui	s6,0x40011
200a35c4:	800b0513          	addi	a0,s6,-2048 # 40010800 <USBSS_EP2_Tx_Th0_Buf+0x1fef0800>
200a35c8:	084c                	addi	a1,sp,20
200a35ca:	818fd0ef          	jal	ra,200a05e2 <GPIO_Init>
200a35ce:	100c                	addi	a1,sp,32
200a35d0:	40011537          	lui	a0,0x40011
200a35d4:	80efd0ef          	jal	ra,200a05e2 <GPIO_Init>
200a35d8:	400b0513          	addi	a0,s6,1024
200a35dc:	106c                	addi	a1,sp,44
200a35de:	804fd0ef          	jal	ra,200a05e2 <GPIO_Init>
200a35e2:	40012b37          	lui	s6,0x40012
200a35e6:	182c                	addi	a1,sp,56
200a35e8:	800b0513          	addi	a0,s6,-2048 # 40011800 <USBSS_EP2_Tx_Th0_Buf+0x1fef1800>
200a35ec:	ff7fc0ef          	jal	ra,200a05e2 <GPIO_Init>
200a35f0:	00cc                	addi	a1,sp,68
200a35f2:	c00b0513          	addi	a0,s6,-1024
200a35f6:	bdd1                	j	200a34ca <UHSIF_GPIO_Init+0xae>
200a35f8:	4785                	li	a5,1
200a35fa:	4631                	li	a2,12
200a35fc:	0ef99963          	bne	s3,a5,200a36ee <UHSIF_GPIO_Init+0x2d2>
200a3600:	09c40593          	addi	a1,s0,156
200a3604:	00c8                	addi	a0,sp,68
200a3606:	caffc0ef          	jal	ra,200a02b4 <memcpy>
200a360a:	00cc                	addi	a1,sp,68
200a360c:	40011537          	lui	a0,0x40011
200a3610:	fd3fc0ef          	jal	ra,200a05e2 <GPIO_Init>
200a3614:	10091863          	bnez	s2,200a3724 <UHSIF_GPIO_Init+0x308>
200a3618:	4631                	li	a2,12
200a361a:	0c040593          	addi	a1,s0,192
200a361e:	0848                	addi	a0,sp,20
200a3620:	c95fc0ef          	jal	ra,200a02b4 <memcpy>
200a3624:	4631                	li	a2,12
200a3626:	0cc40593          	addi	a1,s0,204
200a362a:	1008                	addi	a0,sp,32
200a362c:	c89fc0ef          	jal	ra,200a02b4 <memcpy>
200a3630:	4631                	li	a2,12
200a3632:	0d840593          	addi	a1,s0,216
200a3636:	1068                	addi	a0,sp,44
200a3638:	c7dfc0ef          	jal	ra,200a02b4 <memcpy>
200a363c:	4631                	li	a2,12
200a363e:	0e440593          	addi	a1,s0,228
200a3642:	1828                	addi	a0,sp,56
200a3644:	c71fc0ef          	jal	ra,200a02b4 <memcpy>
200a3648:	40011ab7          	lui	s5,0x40011
200a364c:	c00a8513          	addi	a0,s5,-1024 # 40010c00 <USBSS_EP2_Tx_Th0_Buf+0x1fef0c00>
200a3650:	084c                	addi	a1,sp,20
200a3652:	f91fc0ef          	jal	ra,200a05e2 <GPIO_Init>
200a3656:	c00a8513          	addi	a0,s5,-1024
200a365a:	100c                	addi	a1,sp,32
200a365c:	f87fc0ef          	jal	ra,200a05e2 <GPIO_Init>
200a3660:	40012ab7          	lui	s5,0x40012
200a3664:	106c                	addi	a1,sp,44
200a3666:	800a8513          	addi	a0,s5,-2048 # 40011800 <USBSS_EP2_Tx_Th0_Buf+0x1fef1800>
200a366a:	f79fc0ef          	jal	ra,200a05e2 <GPIO_Init>
200a366e:	182c                	addi	a1,sp,56
200a3670:	800a8513          	addi	a0,s5,-2048
200a3674:	f6ffc0ef          	jal	ra,200a05e2 <GPIO_Init>
200a3678:	0324c703          	lbu	a4,50(s1)
200a367c:	4785                	li	a5,1
200a367e:	08f71863          	bne	a4,a5,200a370e <UHSIF_GPIO_Init+0x2f2>
200a3682:	4631                	li	a2,12
200a3684:	0f040593          	addi	a1,s0,240
200a3688:	00c8                	addi	a0,sp,68
200a368a:	c2bfc0ef          	jal	ra,200a02b4 <memcpy>
200a368e:	00cc                	addi	a1,sp,68
200a3690:	800a8513          	addi	a0,s5,-2048
200a3694:	f4ffc0ef          	jal	ra,200a05e2 <GPIO_Init>
200a3698:	400217b7          	lui	a5,0x40021
200a369c:	5b98                	lw	a4,48(a5)
200a369e:	0922                	slli	s2,s2,0x8
200a36a0:	099a                	slli	s3,s3,0x6
200a36a2:	fc077713          	andi	a4,a4,-64
200a36a6:	db98                	sw	a4,48(a5)
200a36a8:	5b98                	lw	a4,48(a5)
200a36aa:	01396933          	or	s2,s2,s3
200a36ae:	4501                	li	a0,0
200a36b0:	00ea6a33          	or	s4,s4,a4
200a36b4:	0347a823          	sw	s4,48(a5) # 40021030 <USBSS_EP2_Tx_Th0_Buf+0x1ff01030>
200a36b8:	400107b7          	lui	a5,0x40010
200a36bc:	4398                	lw	a4,0(a5)
200a36be:	c3f77713          	andi	a4,a4,-961
200a36c2:	c398                	sw	a4,0(a5)
200a36c4:	4398                	lw	a4,0(a5)
200a36c6:	00e96933          	or	s2,s2,a4
200a36ca:	0127a023          	sw	s2,0(a5) # 40010000 <USBSS_EP2_Tx_Th0_Buf+0x1fef0000>
200a36ce:	6791                	lui	a5,0x4
200a36d0:	d0dc                	sw	a5,36(s1)
200a36d2:	d49c                	sw	a5,40(s1)
200a36d4:	d4dc                	sw	a5,44(s1)
200a36d6:	4785                	li	a5,1
200a36d8:	02f48023          	sb	a5,32(s1)
200a36dc:	020480a3          	sb	zero,33(s1)
200a36e0:	02f48123          	sb	a5,34(s1)
200a36e4:	02f481a3          	sb	a5,35(s1)
200a36e8:	6161                	addi	sp,sp,80
200a36ea:	babfc06f          	j	200a0294 <__riscv_restore_10>
200a36ee:	01599563          	bne	s3,s5,200a36f8 <UHSIF_GPIO_Init+0x2dc>
200a36f2:	0a840593          	addi	a1,s0,168
200a36f6:	b3f5                	j	200a34e2 <UHSIF_GPIO_Init+0xc6>
200a36f8:	0b440593          	addi	a1,s0,180
200a36fc:	00c8                	addi	a0,sp,68
200a36fe:	bb7fc0ef          	jal	ra,200a02b4 <memcpy>
200a3702:	40011537          	lui	a0,0x40011
200a3706:	00cc                	addi	a1,sp,68
200a3708:	40050513          	addi	a0,a0,1024 # 40011400 <USBSS_EP2_Tx_Th0_Buf+0x1fef1400>
200a370c:	b711                	j	200a3610 <UHSIF_GPIO_Init+0x1f4>
200a370e:	0324c703          	lbu	a4,50(s1)
200a3712:	4789                	li	a5,2
200a3714:	4631                	li	a2,12
200a3716:	0fc40593          	addi	a1,s0,252
200a371a:	f6f707e3          	beq	a4,a5,200a3688 <UHSIF_GPIO_Init+0x26c>
200a371e:	10840593          	addi	a1,s0,264
200a3722:	b79d                	j	200a3688 <UHSIF_GPIO_Init+0x26c>
200a3724:	4b85                	li	s7,1
200a3726:	200a6ab7          	lui	s5,0x200a6
200a372a:	4631                	li	a2,12
200a372c:	0b791163          	bne	s2,s7,200a37ce <UHSIF_GPIO_Init+0x3b2>
200a3730:	0c040593          	addi	a1,s0,192
200a3734:	0028                	addi	a0,sp,8
200a3736:	b7ffc0ef          	jal	ra,200a02b4 <memcpy>
200a373a:	4631                	li	a2,12
200a373c:	11440593          	addi	a1,s0,276
200a3740:	0848                	addi	a0,sp,20
200a3742:	b73fc0ef          	jal	ra,200a02b4 <memcpy>
200a3746:	4631                	li	a2,12
200a3748:	12040593          	addi	a1,s0,288
200a374c:	1008                	addi	a0,sp,32
200a374e:	b67fc0ef          	jal	ra,200a02b4 <memcpy>
200a3752:	4631                	li	a2,12
200a3754:	12c40593          	addi	a1,s0,300
200a3758:	1068                	addi	a0,sp,44
200a375a:	b5bfc0ef          	jal	ra,200a02b4 <memcpy>
200a375e:	4631                	li	a2,12
200a3760:	888a8593          	addi	a1,s5,-1912 # 200a5888 <_read+0xfe>
200a3764:	1828                	addi	a0,sp,56
200a3766:	b4ffc0ef          	jal	ra,200a02b4 <memcpy>
200a376a:	40011ab7          	lui	s5,0x40011
200a376e:	c00a8513          	addi	a0,s5,-1024 # 40010c00 <USBSS_EP2_Tx_Th0_Buf+0x1fef0c00>
200a3772:	002c                	addi	a1,sp,8
200a3774:	e6ffc0ef          	jal	ra,200a05e2 <GPIO_Init>
200a3778:	c00a8513          	addi	a0,s5,-1024
200a377c:	084c                	addi	a1,sp,20
200a377e:	e65fc0ef          	jal	ra,200a05e2 <GPIO_Init>
200a3782:	100c                	addi	a1,sp,32
200a3784:	40011537          	lui	a0,0x40011
200a3788:	e5bfc0ef          	jal	ra,200a05e2 <GPIO_Init>
200a378c:	40012ab7          	lui	s5,0x40012
200a3790:	106c                	addi	a1,sp,44
200a3792:	800a8513          	addi	a0,s5,-2048 # 40011800 <USBSS_EP2_Tx_Th0_Buf+0x1fef1800>
200a3796:	e4dfc0ef          	jal	ra,200a05e2 <GPIO_Init>
200a379a:	182c                	addi	a1,sp,56
200a379c:	800a8513          	addi	a0,s5,-2048
200a37a0:	e43fc0ef          	jal	ra,200a05e2 <GPIO_Init>
200a37a4:	0324c783          	lbu	a5,50(s1)
200a37a8:	ef2788e3          	beq	a5,s2,200a3698 <UHSIF_GPIO_Init+0x27c>
200a37ac:	0324c703          	lbu	a4,50(s1)
200a37b0:	4789                	li	a5,2
200a37b2:	4631                	li	a2,12
200a37b4:	13840593          	addi	a1,s0,312
200a37b8:	00f70463          	beq	a4,a5,200a37c0 <UHSIF_GPIO_Init+0x3a4>
200a37bc:	14440593          	addi	a1,s0,324
200a37c0:	00c8                	addi	a0,sp,68
200a37c2:	af3fc0ef          	jal	ra,200a02b4 <memcpy>
200a37c6:	00cc                	addi	a1,sp,68
200a37c8:	40011537          	lui	a0,0x40011
200a37cc:	b5e1                	j	200a3694 <UHSIF_GPIO_Init+0x278>
200a37ce:	0cc40593          	addi	a1,s0,204
200a37d2:	0848                	addi	a0,sp,20
200a37d4:	ae1fc0ef          	jal	ra,200a02b4 <memcpy>
200a37d8:	4631                	li	a2,12
200a37da:	0d840593          	addi	a1,s0,216
200a37de:	1008                	addi	a0,sp,32
200a37e0:	ad5fc0ef          	jal	ra,200a02b4 <memcpy>
200a37e4:	4631                	li	a2,12
200a37e6:	0e440593          	addi	a1,s0,228
200a37ea:	1068                	addi	a0,sp,44
200a37ec:	ac9fc0ef          	jal	ra,200a02b4 <memcpy>
200a37f0:	4631                	li	a2,12
200a37f2:	888a8593          	addi	a1,s5,-1912
200a37f6:	1828                	addi	a0,sp,56
200a37f8:	abdfc0ef          	jal	ra,200a02b4 <memcpy>
200a37fc:	40011ab7          	lui	s5,0x40011
200a3800:	084c                	addi	a1,sp,20
200a3802:	c00a8513          	addi	a0,s5,-1024 # 40010c00 <USBSS_EP2_Tx_Th0_Buf+0x1fef0c00>
200a3806:	dddfc0ef          	jal	ra,200a05e2 <GPIO_Init>
200a380a:	40012b37          	lui	s6,0x40012
200a380e:	100c                	addi	a1,sp,32
200a3810:	800b0513          	addi	a0,s6,-2048 # 40011800 <USBSS_EP2_Tx_Th0_Buf+0x1fef1800>
200a3814:	dcffc0ef          	jal	ra,200a05e2 <GPIO_Init>
200a3818:	106c                	addi	a1,sp,44
200a381a:	800b0513          	addi	a0,s6,-2048
200a381e:	dc5fc0ef          	jal	ra,200a05e2 <GPIO_Init>
200a3822:	182c                	addi	a1,sp,56
200a3824:	800b0513          	addi	a0,s6,-2048
200a3828:	dbbfc0ef          	jal	ra,200a05e2 <GPIO_Init>
200a382c:	0324c783          	lbu	a5,50(s1)
200a3830:	01779c63          	bne	a5,s7,200a3848 <UHSIF_GPIO_Init+0x42c>
200a3834:	4631                	li	a2,12
200a3836:	0c040593          	addi	a1,s0,192
200a383a:	00c8                	addi	a0,sp,68
200a383c:	a79fc0ef          	jal	ra,200a02b4 <memcpy>
200a3840:	00cc                	addi	a1,sp,68
200a3842:	c00a8513          	addi	a0,s5,-1024
200a3846:	b5b9                	j	200a3694 <UHSIF_GPIO_Init+0x278>
200a3848:	0324c703          	lbu	a4,50(s1)
200a384c:	4789                	li	a5,2
200a384e:	4631                	li	a2,12
200a3850:	15040593          	addi	a1,s0,336
200a3854:	fef703e3          	beq	a4,a5,200a383a <UHSIF_GPIO_Init+0x41e>
200a3858:	15c40593          	addi	a1,s0,348
200a385c:	bff9                	j	200a383a <UHSIF_GPIO_Init+0x41e>
200a385e:	00099e63          	bnez	s3,200a387a <UHSIF_GPIO_Init+0x45e>
200a3862:	4631                	li	a2,12
200a3864:	16840593          	addi	a1,s0,360
200a3868:	00c8                	addi	a0,sp,68
200a386a:	a4bfc0ef          	jal	ra,200a02b4 <memcpy>
200a386e:	40012537          	lui	a0,0x40012
200a3872:	00cc                	addi	a1,sp,68
200a3874:	c0050513          	addi	a0,a0,-1024 # 40011c00 <USBSS_EP2_Tx_Th0_Buf+0x1fef1c00>
200a3878:	a829                	j	200a3892 <UHSIF_GPIO_Init+0x476>
200a387a:	4705                	li	a4,1
200a387c:	4631                	li	a2,12
200a387e:	0ae99063          	bne	s3,a4,200a391e <UHSIF_GPIO_Init+0x502>
200a3882:	17440593          	addi	a1,s0,372
200a3886:	00c8                	addi	a0,sp,68
200a3888:	a2dfc0ef          	jal	ra,200a02b4 <memcpy>
200a388c:	00cc                	addi	a1,sp,68
200a388e:	40011537          	lui	a0,0x40011
200a3892:	d51fc0ef          	jal	ra,200a05e2 <GPIO_Init>
200a3896:	200a65b7          	lui	a1,0x200a6
200a389a:	0a091263          	bnez	s2,200a393e <UHSIF_GPIO_Init+0x522>
200a389e:	4631                	li	a2,12
200a38a0:	92458593          	addi	a1,a1,-1756 # 200a5924 <_read+0x19a>
200a38a4:	0848                	addi	a0,sp,20
200a38a6:	a0ffc0ef          	jal	ra,200a02b4 <memcpy>
200a38aa:	4631                	li	a2,12
200a38ac:	19840593          	addi	a1,s0,408
200a38b0:	1008                	addi	a0,sp,32
200a38b2:	a03fc0ef          	jal	ra,200a02b4 <memcpy>
200a38b6:	4631                	li	a2,12
200a38b8:	1a440593          	addi	a1,s0,420
200a38bc:	1068                	addi	a0,sp,44
200a38be:	9f7fc0ef          	jal	ra,200a02b4 <memcpy>
200a38c2:	4631                	li	a2,12
200a38c4:	1b040593          	addi	a1,s0,432
200a38c8:	1828                	addi	a0,sp,56
200a38ca:	9ebfc0ef          	jal	ra,200a02b4 <memcpy>
200a38ce:	40011ab7          	lui	s5,0x40011
200a38d2:	c00a8513          	addi	a0,s5,-1024 # 40010c00 <USBSS_EP2_Tx_Th0_Buf+0x1fef0c00>
200a38d6:	084c                	addi	a1,sp,20
200a38d8:	d0bfc0ef          	jal	ra,200a05e2 <GPIO_Init>
200a38dc:	c00a8513          	addi	a0,s5,-1024
200a38e0:	100c                	addi	a1,sp,32
200a38e2:	d01fc0ef          	jal	ra,200a05e2 <GPIO_Init>
200a38e6:	40012ab7          	lui	s5,0x40012
200a38ea:	106c                	addi	a1,sp,44
200a38ec:	800a8513          	addi	a0,s5,-2048 # 40011800 <USBSS_EP2_Tx_Th0_Buf+0x1fef1800>
200a38f0:	cf3fc0ef          	jal	ra,200a05e2 <GPIO_Init>
200a38f4:	182c                	addi	a1,sp,56
200a38f6:	800a8513          	addi	a0,s5,-2048
200a38fa:	ce9fc0ef          	jal	ra,200a05e2 <GPIO_Init>
200a38fe:	0324c703          	lbu	a4,50(s1)
200a3902:	4785                	li	a5,1
200a3904:	d8f70ae3          	beq	a4,a5,200a3698 <UHSIF_GPIO_Init+0x27c>
200a3908:	0324c703          	lbu	a4,50(s1)
200a390c:	4789                	li	a5,2
200a390e:	4631                	li	a2,12
200a3910:	1c840593          	addi	a1,s0,456
200a3914:	d6f71ae3          	bne	a4,a5,200a3688 <UHSIF_GPIO_Init+0x26c>
200a3918:	1bc40593          	addi	a1,s0,444
200a391c:	b3b5                	j	200a3688 <UHSIF_GPIO_Init+0x26c>
200a391e:	00f99563          	bne	s3,a5,200a3928 <UHSIF_GPIO_Init+0x50c>
200a3922:	12c40593          	addi	a1,s0,300
200a3926:	b789                	j	200a3868 <UHSIF_GPIO_Init+0x44c>
200a3928:	18040593          	addi	a1,s0,384
200a392c:	00c8                	addi	a0,sp,68
200a392e:	987fc0ef          	jal	ra,200a02b4 <memcpy>
200a3932:	40011537          	lui	a0,0x40011
200a3936:	00cc                	addi	a1,sp,68
200a3938:	40050513          	addi	a0,a0,1024 # 40011400 <USBSS_EP2_Tx_Th0_Buf+0x1fef1400>
200a393c:	bf99                	j	200a3892 <UHSIF_GPIO_Init+0x476>
200a393e:	4b05                	li	s6,1
200a3940:	4631                	li	a2,12
200a3942:	92458593          	addi	a1,a1,-1756
200a3946:	09691963          	bne	s2,s6,200a39d8 <UHSIF_GPIO_Init+0x5bc>
200a394a:	0028                	addi	a0,sp,8
200a394c:	969fc0ef          	jal	ra,200a02b4 <memcpy>
200a3950:	4631                	li	a2,12
200a3952:	1d440593          	addi	a1,s0,468
200a3956:	0848                	addi	a0,sp,20
200a3958:	95dfc0ef          	jal	ra,200a02b4 <memcpy>
200a395c:	4631                	li	a2,12
200a395e:	12040593          	addi	a1,s0,288
200a3962:	1008                	addi	a0,sp,32
200a3964:	951fc0ef          	jal	ra,200a02b4 <memcpy>
200a3968:	4631                	li	a2,12
200a396a:	1e040593          	addi	a1,s0,480
200a396e:	1068                	addi	a0,sp,44
200a3970:	945fc0ef          	jal	ra,200a02b4 <memcpy>
200a3974:	4631                	li	a2,12
200a3976:	0a840593          	addi	a1,s0,168
200a397a:	1828                	addi	a0,sp,56
200a397c:	939fc0ef          	jal	ra,200a02b4 <memcpy>
200a3980:	40011ab7          	lui	s5,0x40011
200a3984:	c00a8513          	addi	a0,s5,-1024 # 40010c00 <USBSS_EP2_Tx_Th0_Buf+0x1fef0c00>
200a3988:	002c                	addi	a1,sp,8
200a398a:	c59fc0ef          	jal	ra,200a05e2 <GPIO_Init>
200a398e:	c00a8513          	addi	a0,s5,-1024
200a3992:	084c                	addi	a1,sp,20
200a3994:	c4ffc0ef          	jal	ra,200a05e2 <GPIO_Init>
200a3998:	100c                	addi	a1,sp,32
200a399a:	40011537          	lui	a0,0x40011
200a399e:	c45fc0ef          	jal	ra,200a05e2 <GPIO_Init>
200a39a2:	40012ab7          	lui	s5,0x40012
200a39a6:	106c                	addi	a1,sp,44
200a39a8:	800a8513          	addi	a0,s5,-2048 # 40011800 <USBSS_EP2_Tx_Th0_Buf+0x1fef1800>
200a39ac:	c37fc0ef          	jal	ra,200a05e2 <GPIO_Init>
200a39b0:	182c                	addi	a1,sp,56
200a39b2:	800a8513          	addi	a0,s5,-2048
200a39b6:	c2dfc0ef          	jal	ra,200a05e2 <GPIO_Init>
200a39ba:	0324c783          	lbu	a5,50(s1)
200a39be:	cd278de3          	beq	a5,s2,200a3698 <UHSIF_GPIO_Init+0x27c>
200a39c2:	0324c703          	lbu	a4,50(s1)
200a39c6:	4789                	li	a5,2
200a39c8:	4631                	li	a2,12
200a39ca:	1f840593          	addi	a1,s0,504
200a39ce:	def719e3          	bne	a4,a5,200a37c0 <UHSIF_GPIO_Init+0x3a4>
200a39d2:	1ec40593          	addi	a1,s0,492
200a39d6:	b3ed                	j	200a37c0 <UHSIF_GPIO_Init+0x3a4>
200a39d8:	0848                	addi	a0,sp,20
200a39da:	8dbfc0ef          	jal	ra,200a02b4 <memcpy>
200a39de:	4631                	li	a2,12
200a39e0:	19840593          	addi	a1,s0,408
200a39e4:	1008                	addi	a0,sp,32
200a39e6:	8cffc0ef          	jal	ra,200a02b4 <memcpy>
200a39ea:	4631                	li	a2,12
200a39ec:	1a440593          	addi	a1,s0,420
200a39f0:	1068                	addi	a0,sp,44
200a39f2:	8c3fc0ef          	jal	ra,200a02b4 <memcpy>
200a39f6:	4631                	li	a2,12
200a39f8:	1b040593          	addi	a1,s0,432
200a39fc:	1828                	addi	a0,sp,56
200a39fe:	8b7fc0ef          	jal	ra,200a02b4 <memcpy>
200a3a02:	40011ab7          	lui	s5,0x40011
200a3a06:	084c                	addi	a1,sp,20
200a3a08:	c00a8513          	addi	a0,s5,-1024 # 40010c00 <USBSS_EP2_Tx_Th0_Buf+0x1fef0c00>
200a3a0c:	bd7fc0ef          	jal	ra,200a05e2 <GPIO_Init>
200a3a10:	100c                	addi	a1,sp,32
200a3a12:	c00a8513          	addi	a0,s5,-1024
200a3a16:	bcdfc0ef          	jal	ra,200a05e2 <GPIO_Init>
200a3a1a:	40012bb7          	lui	s7,0x40012
200a3a1e:	106c                	addi	a1,sp,44
200a3a20:	800b8513          	addi	a0,s7,-2048 # 40011800 <USBSS_EP2_Tx_Th0_Buf+0x1fef1800>
200a3a24:	bbffc0ef          	jal	ra,200a05e2 <GPIO_Init>
200a3a28:	182c                	addi	a1,sp,56
200a3a2a:	800b8513          	addi	a0,s7,-2048
200a3a2e:	bb5fc0ef          	jal	ra,200a05e2 <GPIO_Init>
200a3a32:	0324c783          	lbu	a5,50(s1)
200a3a36:	c76781e3          	beq	a5,s6,200a3698 <UHSIF_GPIO_Init+0x27c>
200a3a3a:	0324c703          	lbu	a4,50(s1)
200a3a3e:	4789                	li	a5,2
200a3a40:	4631                	li	a2,12
200a3a42:	17440593          	addi	a1,s0,372
200a3a46:	def70ae3          	beq	a4,a5,200a383a <UHSIF_GPIO_Init+0x41e>
200a3a4a:	20440593          	addi	a1,s0,516
200a3a4e:	b3f5                	j	200a383a <UHSIF_GPIO_Init+0x41e>
200a3a50:	0a100513          	li	a0,161
200a3a54:	b951                	j	200a36e8 <UHSIF_GPIO_Init+0x2cc>

200a3a56 <SOCK_CFG_INIT>:
200a3a56:	411c                	lw	a5,0(a0)
200a3a58:	06010737          	lui	a4,0x6010
200a3a5c:	8fd9                	or	a5,a5,a4
200a3a5e:	c11c                	sw	a5,0(a0)
200a3a60:	200d37b7          	lui	a5,0x200d3
200a3a64:	52078793          	addi	a5,a5,1312 # 200d3520 <UHSIF_Para>
200a3a68:	53d8                	lw	a4,36(a5)
200a3a6a:	c158                	sw	a4,4(a0)
200a3a6c:	00052423          	sw	zero,8(a0) # 40011008 <USBSS_EP2_Tx_Th0_Buf+0x1fef1008>
200a3a70:	4705                	li	a4,1
200a3a72:	00e59b63          	bne	a1,a4,200a3a88 <SOCK_CFG_INIT+0x32>
200a3a76:	455c                	lw	a5,12(a0)
200a3a78:	05000737          	lui	a4,0x5000
200a3a7c:	8fd9                	or	a5,a5,a4
200a3a7e:	c55c                	sw	a5,12(a0)
200a3a80:	18000793          	li	a5,384
200a3a84:	c95c                	sw	a5,20(a0)
200a3a86:	8082                	ret
200a3a88:	4558                	lw	a4,12(a0)
200a3a8a:	8c0006b7          	lui	a3,0x8c000
200a3a8e:	8f55                	or	a4,a4,a3
200a3a90:	c558                	sw	a4,12(a0)
200a3a92:	0c000713          	li	a4,192
200a3a96:	c958                	sw	a4,20(a0)
200a3a98:	0307c783          	lbu	a5,48(a5)
200a3a9c:	f7ed                	bnez	a5,200a3a86 <SOCK_CFG_INIT+0x30>
200a3a9e:	495c                	lw	a5,20(a0)
200a3aa0:	0017e793          	ori	a5,a5,1
200a3aa4:	b7c5                	j	200a3a84 <SOCK_CFG_INIT+0x2e>

200a3aa6 <UHSIF_Line_Cfg>:
200a3aa6:	4791                	li	a5,4
200a3aa8:	14a7e563          	bltu	a5,a0,200a3bf2 <UHSIF_Line_Cfg+0x14c>
200a3aac:	fb0fc2ef          	jal	t0,200a025c <__riscv_save_10>
200a3ab0:	8b36                	mv	s6,a3
200a3ab2:	4685                	li	a3,1
200a3ab4:	89aa                	mv	s3,a0
200a3ab6:	0b300513          	li	a0,179
200a3aba:	0eb6eb63          	bltu	a3,a1,200a3bb0 <UHSIF_Line_Cfg+0x10a>
200a3abe:	47a1                	li	a5,8
200a3ac0:	8ab2                	mv	s5,a2
200a3ac2:	0c100513          	li	a0,193
200a3ac6:	0ec7e563          	bltu	a5,a2,200a3bb0 <UHSIF_Line_Cfg+0x10a>
200a3aca:	0a200513          	li	a0,162
200a3ace:	0e0b0163          	beqz	s6,200a3bb0 <UHSIF_Line_Cfg+0x10a>
200a3ad2:	200d3437          	lui	s0,0x200d3
200a3ad6:	52040793          	addi	a5,s0,1312 # 200d3520 <UHSIF_Para>
200a3ada:	20f9e7b3          	sh3add	a5,s3,a5
200a3ade:	a394                	sb	a3,0(a5)
200a3ae0:	b38c                	sb	a1,1(a5)
200a3ae2:	a3b0                	sb	a2,2(a5)
200a3ae4:	c3d8                	sw	a4,4(a5)
200a3ae6:	00399a13          	slli	s4,s3,0x3
200a3aea:	52040413          	addi	s0,s0,1312
200a3aee:	00899793          	slli	a5,s3,0x8
200a3af2:	00699493          	slli	s1,s3,0x6
200a3af6:	cdb9                	beqz	a1,200a3b54 <UHSIF_Line_Cfg+0xae>
200a3af8:	200d3937          	lui	s2,0x200d3
200a3afc:	12090913          	addi	s2,s2,288 # 200d3120 <SOCKET_DSCR_WR>
200a3b00:	993e                	add	s2,s2,a5
200a3b02:	6c41                	lui	s8,0x10
200a3b04:	400397b7          	lui	a5,0x40039
200a3b08:	94be                	add	s1,s1,a5
200a3b0a:	4b81                	li	s7,0
200a3b0c:	4c85                	li	s9,1
200a3b0e:	1c7d                	addi	s8,s8,-1 # ffff <__stack_size+0xf7ff>
200a3b10:	080bc7b3          	zext.h	a5,s7
200a3b14:	0557ff63          	bgeu	a5,s5,200a3b72 <UHSIF_Line_Cfg+0xcc>
200a3b18:	541c                	lw	a5,40(s0)
200a3b1a:	00595713          	srli	a4,s2,0x5
200a3b1e:	00e92423          	sw	a4,8(s2)
200a3b22:	037787b3          	mul	a5,a5,s7
200a3b26:	01992223          	sw	s9,4(s2)
200a3b2a:	01877733          	and	a4,a4,s8
200a3b2e:	8526                	mv	a0,s1
200a3b30:	4585                	li	a1,1
200a3b32:	0b85                	addi	s7,s7,1
200a3b34:	02090913          	addi	s2,s2,32
200a3b38:	97da                	add	a5,a5,s6
200a3b3a:	fef92023          	sw	a5,-32(s2)
200a3b3e:	505c                	lw	a5,36(s0)
200a3b40:	5054                	lw	a3,36(s0)
200a3b42:	07c2                	slli	a5,a5,0x10
200a3b44:	8fd5                	or	a5,a5,a3
200a3b46:	fef92623          	sw	a5,-20(s2)
200a3b4a:	c098                	sw	a4,0(s1)
200a3b4c:	3729                	jal	200a3a56 <SOCK_CFG_INIT>
200a3b4e:	10048493          	addi	s1,s1,256
200a3b52:	bf7d                	j	200a3b10 <UHSIF_Line_Cfg+0x6a>
200a3b54:	200d3937          	lui	s2,0x200d3
200a3b58:	d2090913          	addi	s2,s2,-736 # 200d2d20 <SOCKET_DSCR_RD>
200a3b5c:	993e                	add	s2,s2,a5
200a3b5e:	6c41                	lui	s8,0x10
200a3b60:	400397b7          	lui	a5,0x40039
200a3b64:	94be                	add	s1,s1,a5
200a3b66:	4b81                	li	s7,0
200a3b68:	1c7d                	addi	s8,s8,-1 # ffff <__stack_size+0xf7ff>
200a3b6a:	080bc7b3          	zext.h	a5,s7
200a3b6e:	0557e363          	bltu	a5,s5,200a3bb4 <UHSIF_Line_Cfg+0x10e>
200a3b72:	400387b7          	lui	a5,0x40038
200a3b76:	0fc78793          	addi	a5,a5,252 # 400380fc <USBSS_EP2_Tx_Th0_Buf+0x1ff180fc>
200a3b7a:	20f9c7b3          	sh2add	a5,s3,a5
200a3b7e:	4398                	lw	a4,0(a5)
200a3b80:	66c1                	lui	a3,0x10
200a3b82:	f7f68693          	addi	a3,a3,-129 # ff7f <__stack_size+0xf77f>
200a3b86:	8f75                	and	a4,a4,a3
200a3b88:	c398                	sw	a4,0(a5)
200a3b8a:	9452                	add	s0,s0,s4
200a3b8c:	3018                	lbu	a4,1(s0)
200a3b8e:	2010                	lbu	a2,0(s0)
200a3b90:	4054                	lw	a3,4(s0)
200a3b92:	438c                	lw	a1,0(a5)
200a3b94:	077a                	slli	a4,a4,0x1e
200a3b96:	067e                	slli	a2,a2,0x1f
200a3b98:	06c2                	slli	a3,a3,0x10
200a3b9a:	8f51                	or	a4,a4,a2
200a3b9c:	8ecd                	or	a3,a3,a1
200a3b9e:	8f55                	or	a4,a4,a3
200a3ba0:	c398                	sw	a4,0(a5)
200a3ba2:	40039737          	lui	a4,0x40039
200a3ba6:	475c                	lw	a5,12(a4)
200a3ba8:	4501                	li	a0,0
200a3baa:	29f79793          	bseti	a5,a5,0x1f
200a3bae:	c75c                	sw	a5,12(a4)
200a3bb0:	ee4fc06f          	j	200a0294 <__riscv_restore_10>
200a3bb4:	545c                	lw	a5,44(s0)
200a3bb6:	00595713          	srli	a4,s2,0x5
200a3bba:	00e92423          	sw	a4,8(s2)
200a3bbe:	037787b3          	mul	a5,a5,s7
200a3bc2:	00092223          	sw	zero,4(s2)
200a3bc6:	01877733          	and	a4,a4,s8
200a3bca:	8526                	mv	a0,s1
200a3bcc:	4581                	li	a1,0
200a3bce:	0b85                	addi	s7,s7,1
200a3bd0:	02090913          	addi	s2,s2,32
200a3bd4:	97da                	add	a5,a5,s6
200a3bd6:	fef92023          	sw	a5,-32(s2)
200a3bda:	505c                	lw	a5,36(s0)
200a3bdc:	5054                	lw	a3,36(s0)
200a3bde:	07c2                	slli	a5,a5,0x10
200a3be0:	8fd5                	or	a5,a5,a3
200a3be2:	fef92623          	sw	a5,-20(s2)
200a3be6:	c098                	sw	a4,0(s1)
200a3be8:	e6fff0ef          	jal	ra,200a3a56 <SOCK_CFG_INIT>
200a3bec:	10048493          	addi	s1,s1,256
200a3bf0:	bfad                	j	200a3b6a <UHSIF_Line_Cfg+0xc4>
200a3bf2:	0b200513          	li	a0,178
200a3bf6:	8082                	ret

200a3bf8 <UHSIF_Start>:
200a3bf8:	c931                	beqz	a0,200a3c4c <UHSIF_Start+0x54>
200a3bfa:	0001                	nop
200a3bfc:	0001                	nop
200a3bfe:	0001                	nop
200a3c00:	0001                	nop
200a3c02:	0001                	nop
200a3c04:	0001                	nop
200a3c06:	0001                	nop
200a3c08:	0001                	nop
200a3c0a:	0001                	nop
200a3c0c:	0001                	nop
200a3c0e:	0001                	nop
200a3c10:	0001                	nop
200a3c12:	0001                	nop
200a3c14:	0001                	nop
200a3c16:	0001                	nop
200a3c18:	0001                	nop
200a3c1a:	400387b7          	lui	a5,0x40038
200a3c1e:	10078793          	addi	a5,a5,256 # 40038100 <USBSS_EP2_Tx_Th0_Buf+0x1ff18100>
200a3c22:	4f98                	lw	a4,24(a5)
200a3c24:	00176713          	ori	a4,a4,1
200a3c28:	cf98                	sw	a4,24(a5)
200a3c2a:	4fd8                	lw	a4,28(a5)
200a3c2c:	00176713          	ori	a4,a4,1
200a3c30:	cfd8                	sw	a4,28(a5)
200a3c32:	40039737          	lui	a4,0x40039
200a3c36:	4b1c                	lw	a5,16(a4)
200a3c38:	1c17e793          	ori	a5,a5,449
200a3c3c:	cb1c                	sw	a5,16(a4)
200a3c3e:	e000e7b7          	lui	a5,0xe000e
200a3c42:	00020737          	lui	a4,0x20
200a3c46:	10e7a823          	sw	a4,272(a5) # e000e110 <USBSS_EP2_Tx_Th0_Buf+0xbfeee110>
200a3c4a:	8082                	ret
200a3c4c:	e38fc2ef          	jal	t0,200a0284 <__riscv_save_0>
200a3c50:	e000e7b7          	lui	a5,0xe000e
200a3c54:	00020737          	lui	a4,0x20
200a3c58:	18e7a823          	sw	a4,400(a5) # e000e190 <USBSS_EP2_Tx_Th0_Buf+0xbfeee190>
200a3c5c:	0000100f          	fence.i
200a3c60:	4585                	li	a1,1
200a3c62:	00040537          	lui	a0,0x40
200a3c66:	f85fc0ef          	jal	ra,200a0bea <RCC_HBPeriphResetCmd>
200a3c6a:	4581                	li	a1,0
200a3c6c:	00040537          	lui	a0,0x40
200a3c70:	f7bfc0ef          	jal	ra,200a0bea <RCC_HBPeriphResetCmd>
200a3c74:	4581                	li	a1,0
200a3c76:	00040537          	lui	a0,0x40
200a3c7a:	f1dfc0ef          	jal	ra,200a0b96 <RCC_HBPeriphClockCmd>
200a3c7e:	200d3537          	lui	a0,0x200d3
200a3c82:	02000613          	li	a2,32
200a3c86:	4581                	li	a1,0
200a3c88:	52050513          	addi	a0,a0,1312 # 200d3520 <UHSIF_Para>
200a3c8c:	e3efc0ef          	jal	ra,200a02ca <memset>
200a3c90:	e18fc06f          	j	200a02a8 <__riscv_restore_0>

200a3c94 <UHSIF_Cfg>:
200a3c94:	200c1737          	lui	a4,0x200c1
200a3c98:	200c15b7          	lui	a1,0x200c1
200a3c9c:	d5058513          	addi	a0,a1,-688 # 200c0d50 <UhsifRegValue_MASTER>
200a3ca0:	e8070813          	addi	a6,a4,-384 # 200c0e80 <UhsifRegValue>
200a3ca4:	00452883          	lw	a7,4(a0)
200a3ca8:	00482e03          	lw	t3,4(a6)
200a3cac:	fff007b7          	lui	a5,0xfff00
200a3cb0:	17cd                	addi	a5,a5,-13 # ffeffff3 <USBSS_EP2_Tx_Th0_Buf+0xdfddfff3>
200a3cb2:	200d3637          	lui	a2,0x200d3
200a3cb6:	00fe7e33          	and	t3,t3,a5
200a3cba:	00f8f8b3          	and	a7,a7,a5
200a3cbe:	52060793          	addi	a5,a2,1312 # 200d3520 <UHSIF_Para>
200a3cc2:	0217ce83          	lbu	t4,33(a5)
200a3cc6:	00082683          	lw	a3,0(a6)
200a3cca:	00052303          	lw	t1,0(a0)
200a3cce:	0e8e                	slli	t4,t4,0x3
200a3cd0:	9add                	andi	a3,a3,-9
200a3cd2:	01d6e6b3          	or	a3,a3,t4
200a3cd6:	00d82023          	sw	a3,0(a6)
200a3cda:	0207c683          	lbu	a3,32(a5)
200a3cde:	0317ce83          	lbu	t4,49(a5)
200a3ce2:	ff737313          	andi	t1,t1,-9
200a3ce6:	06d2                	slli	a3,a3,0x14
200a3ce8:	0e8a                	slli	t4,t4,0x2
200a3cea:	01d6e6b3          	or	a3,a3,t4
200a3cee:	01c6e6b3          	or	a3,a3,t3
200a3cf2:	00d82223          	sw	a3,4(a6)
200a3cf6:	0237c683          	lbu	a3,35(a5)
200a3cfa:	068e                	slli	a3,a3,0x3
200a3cfc:	0066e6b3          	or	a3,a3,t1
200a3d00:	c114                	sw	a3,0(a0)
200a3d02:	0227c683          	lbu	a3,34(a5)
200a3d06:	0317c303          	lbu	t1,49(a5)
200a3d0a:	06d2                	slli	a3,a3,0x14
200a3d0c:	030a                	slli	t1,t1,0x2
200a3d0e:	0066e6b3          	or	a3,a3,t1
200a3d12:	0116e6b3          	or	a3,a3,a7
200a3d16:	c154                	sw	a3,4(a0)
200a3d18:	0307c503          	lbu	a0,48(a5)
200a3d1c:	52060693          	addi	a3,a2,1312
200a3d20:	e559                	bnez	a0,200a3dae <UHSIF_Cfg+0x11a>
200a3d22:	400386b7          	lui	a3,0x40038
200a3d26:	e8070793          	addi	a5,a4,-384
200a3d2a:	13068713          	addi	a4,a3,304 # 40038130 <USBSS_EP2_Tx_Th0_Buf+0x1ff18130>
200a3d2e:	4390                	lw	a2,0(a5)
200a3d30:	0791                	addi	a5,a5,4
200a3d32:	c290                	sw	a2,0(a3)
200a3d34:	0691                	addi	a3,a3,4
200a3d36:	fee69ce3          	bne	a3,a4,200a3d2e <UHSIF_Cfg+0x9a>
200a3d3a:	001117b7          	lui	a5,0x111
200a3d3e:	40038737          	lui	a4,0x40038
200a3d42:	10078793          	addi	a5,a5,256 # 111100 <_data_lma+0xeafc8>
200a3d46:	d35c                	sw	a5,36(a4)
200a3d48:	4003a737          	lui	a4,0x4003a
200a3d4c:	200a65b7          	lui	a1,0x200a6
200a3d50:	82818613          	addi	a2,gp,-2008 # 200c1038 <UhsifWavedataPosition_Slave_FPGA>
200a3d54:	48e1                	li	a7,24
200a3d56:	dc458593          	addi	a1,a1,-572 # 200a5dc4 <UhsifWavedata_Slave_FPGA>
200a3d5a:	6805                	lui	a6,0x1
200a3d5c:	4331                	li	t1,12
200a3d5e:	04070e13          	addi	t3,a4,64 # 4003a040 <USBSS_EP2_Tx_Th0_Buf+0x1ff1a040>
200a3d62:	221c                	lbu	a5,0(a2)
200a3d64:	4681                	li	a3,0
200a3d66:	01070533          	add	a0,a4,a6
200a3d6a:	031787b3          	mul	a5,a5,a7
200a3d6e:	97ae                	add	a5,a5,a1
200a3d70:	0007af83          	lw	t6,0(a5)
200a3d74:	00d70f33          	add	t5,a4,a3
200a3d78:	00d50eb3          	add	t4,a0,a3
200a3d7c:	01ff2023          	sw	t6,0(t5)
200a3d80:	00c7af03          	lw	t5,12(a5)
200a3d84:	0691                	addi	a3,a3,4
200a3d86:	0791                	addi	a5,a5,4
200a3d88:	01eea023          	sw	t5,0(t4)
200a3d8c:	fe6692e3          	bne	a3,t1,200a3d70 <UHSIF_Cfg+0xdc>
200a3d90:	0741                	addi	a4,a4,16
200a3d92:	0605                	addi	a2,a2,1
200a3d94:	fdc717e3          	bne	a4,t3,200a3d62 <UHSIF_Cfg+0xce>
200a3d98:	400387b7          	lui	a5,0x40038
200a3d9c:	18078793          	addi	a5,a5,384 # 40038180 <USBSS_EP2_Tx_Th0_Buf+0x1ff18180>
200a3da0:	672d                	lui	a4,0xb
200a3da2:	0007a023          	sw	zero,0(a5)
200a3da6:	aaa70713          	addi	a4,a4,-1366 # aaaa <__stack_size+0xa2aa>
200a3daa:	c3d8                	sw	a4,4(a5)
200a3dac:	8082                	ret
200a3dae:	0307c603          	lbu	a2,48(a5)
200a3db2:	4785                	li	a5,1
200a3db4:	08f61563          	bne	a2,a5,200a3e3e <UHSIF_Cfg+0x1aa>
200a3db8:	02c82783          	lw	a5,44(a6) # 102c <__stack_size+0x82c>
200a3dbc:	76fd                	lui	a3,0xfffff
200a3dbe:	0ff68693          	addi	a3,a3,255 # fffff0ff <USBSS_EP2_Tx_Th0_Buf+0xdfedf0ff>
200a3dc2:	8ff5                	and	a5,a5,a3
200a3dc4:	02f82623          	sw	a5,44(a6)
200a3dc8:	e8070793          	addi	a5,a4,-384
200a3dcc:	40038737          	lui	a4,0x40038
200a3dd0:	13070693          	addi	a3,a4,304 # 40038130 <USBSS_EP2_Tx_Th0_Buf+0x1ff18130>
200a3dd4:	4390                	lw	a2,0(a5)
200a3dd6:	0791                	addi	a5,a5,4
200a3dd8:	c310                	sw	a2,0(a4)
200a3dda:	0711                	addi	a4,a4,4
200a3ddc:	fed71ce3          	bne	a4,a3,200a3dd4 <UHSIF_Cfg+0x140>
200a3de0:	67c5                	lui	a5,0x11
200a3de2:	40038737          	lui	a4,0x40038
200a3de6:	10078793          	addi	a5,a5,256 # 11100 <__stack_size+0x10900>
200a3dea:	d35c                	sw	a5,36(a4)
200a3dec:	4003b737          	lui	a4,0x4003b
200a3df0:	200a65b7          	lui	a1,0x200a6
200a3df4:	82418613          	addi	a2,gp,-2012 # 200c1034 <UhsifWavedataPosition_Slave_SOC>
200a3df8:	48e1                	li	a7,24
200a3dfa:	d7c58593          	addi	a1,a1,-644 # 200a5d7c <UhsifWavedata_Slave_SOC>
200a3dfe:	787d                	lui	a6,0xfffff
200a3e00:	4331                	li	t1,12
200a3e02:	04070e13          	addi	t3,a4,64 # 4003b040 <USBSS_EP2_Tx_Th0_Buf+0x1ff1b040>
200a3e06:	221c                	lbu	a5,0(a2)
200a3e08:	4681                	li	a3,0
200a3e0a:	01070533          	add	a0,a4,a6
200a3e0e:	031787b3          	mul	a5,a5,a7
200a3e12:	97ae                	add	a5,a5,a1
200a3e14:	0007af83          	lw	t6,0(a5)
200a3e18:	00d50f33          	add	t5,a0,a3
200a3e1c:	00e68eb3          	add	t4,a3,a4
200a3e20:	01ff2023          	sw	t6,0(t5)
200a3e24:	00c7af03          	lw	t5,12(a5)
200a3e28:	0691                	addi	a3,a3,4
200a3e2a:	0791                	addi	a5,a5,4
200a3e2c:	01eea023          	sw	t5,0(t4)
200a3e30:	fe6692e3          	bne	a3,t1,200a3e14 <UHSIF_Cfg+0x180>
200a3e34:	0741                	addi	a4,a4,16
200a3e36:	0605                	addi	a2,a2,1
200a3e38:	fdc717e3          	bne	a4,t3,200a3e06 <UHSIF_Cfg+0x172>
200a3e3c:	bfb1                	j	200a3d98 <UHSIF_Cfg+0x104>
200a3e3e:	0306c703          	lbu	a4,48(a3)
200a3e42:	4789                	li	a5,2
200a3e44:	0cf71763          	bne	a4,a5,200a3f12 <UHSIF_Cfg+0x27e>
200a3e48:	40038737          	lui	a4,0x40038
200a3e4c:	d5058793          	addi	a5,a1,-688
200a3e50:	40038637          	lui	a2,0x40038
200a3e54:	13070593          	addi	a1,a4,304 # 40038130 <USBSS_EP2_Tx_Th0_Buf+0x1ff18130>
200a3e58:	4388                	lw	a0,0(a5)
200a3e5a:	0791                	addi	a5,a5,4
200a3e5c:	c308                	sw	a0,0(a4)
200a3e5e:	0711                	addi	a4,a4,4
200a3e60:	feb71ce3          	bne	a4,a1,200a3e58 <UHSIF_Cfg+0x1c4>
200a3e64:	0326c703          	lbu	a4,50(a3)
200a3e68:	4785                	li	a5,1
200a3e6a:	0af71563          	bne	a4,a5,200a3f14 <UHSIF_Cfg+0x280>
200a3e6e:	6791                	lui	a5,0x4
200a3e70:	05578793          	addi	a5,a5,85 # 4055 <__stack_size+0x3855>
200a3e74:	d25c                	sw	a5,36(a2)
200a3e76:	4003b737          	lui	a4,0x4003b
200a3e7a:	200a6637          	lui	a2,0x200a6
200a3e7e:	200a65b7          	lui	a1,0x200a6
200a3e82:	c9860613          	addi	a2,a2,-872 # 200a5c98 <UhsifWavedataPosition_MASTER>
200a3e86:	48e1                	li	a7,24
200a3e88:	ca458593          	addi	a1,a1,-860 # 200a5ca4 <UhsifWavedata_MASTER>
200a3e8c:	787d                	lui	a6,0xfffff
200a3e8e:	4331                	li	t1,12
200a3e90:	0b070e13          	addi	t3,a4,176 # 4003b0b0 <USBSS_EP2_Tx_Th0_Buf+0x1ff1b0b0>
200a3e94:	221c                	lbu	a5,0(a2)
200a3e96:	4681                	li	a3,0
200a3e98:	01070533          	add	a0,a4,a6
200a3e9c:	031787b3          	mul	a5,a5,a7
200a3ea0:	97ae                	add	a5,a5,a1
200a3ea2:	0007af83          	lw	t6,0(a5)
200a3ea6:	00d50f33          	add	t5,a0,a3
200a3eaa:	00d70eb3          	add	t4,a4,a3
200a3eae:	01ff2023          	sw	t6,0(t5)
200a3eb2:	00c7af03          	lw	t5,12(a5)
200a3eb6:	0691                	addi	a3,a3,4
200a3eb8:	0791                	addi	a5,a5,4
200a3eba:	01eea023          	sw	t5,0(t4)
200a3ebe:	fe6692e3          	bne	a3,t1,200a3ea2 <UHSIF_Cfg+0x20e>
200a3ec2:	0741                	addi	a4,a4,16
200a3ec4:	0605                	addi	a2,a2,1
200a3ec6:	fdc717e3          	bne	a4,t3,200a3e94 <UHSIF_Cfg+0x200>
200a3eca:	400387b7          	lui	a5,0x40038
200a3ece:	18078793          	addi	a5,a5,384 # 40038180 <USBSS_EP2_Tx_Th0_Buf+0x1ff18180>
200a3ed2:	670d                	lui	a4,0x3
200a3ed4:	0007a023          	sw	zero,0(a5)
200a3ed8:	a2a70693          	addi	a3,a4,-1494 # 2a2a <__stack_size+0x222a>
200a3edc:	c3d4                	sw	a3,4(a5)
200a3ede:	6695                	lui	a3,0x5
200a3ee0:	55568693          	addi	a3,a3,1365 # 5555 <__stack_size+0x4d55>
200a3ee4:	c794                	sw	a3,8(a5)
200a3ee6:	66a5                	lui	a3,0x9
200a3ee8:	88868693          	addi	a3,a3,-1912 # 8888 <__stack_size+0x8088>
200a3eec:	c7d4                	sw	a3,12(a5)
200a3eee:	6691                	lui	a3,0x4
200a3ef0:	44468693          	addi	a3,a3,1092 # 4444 <__stack_size+0x3c44>
200a3ef4:	cb94                	sw	a3,16(a5)
200a3ef6:	66b1                	lui	a3,0xc
200a3ef8:	0c068693          	addi	a3,a3,192 # c0c0 <__stack_size+0xb8c0>
200a3efc:	cbd4                	sw	a3,20(a5)
200a3efe:	6685                	lui	a3,0x1
200a3f00:	11168693          	addi	a3,a3,273 # 1111 <__stack_size+0x911>
200a3f04:	cf94                	sw	a3,24(a5)
200a3f06:	03070713          	addi	a4,a4,48
200a3f0a:	cfd8                	sw	a4,28(a5)
200a3f0c:	6741                	lui	a4,0x10
200a3f0e:	177d                	addi	a4,a4,-1 # ffff <__stack_size+0xf7ff>
200a3f10:	d398                	sw	a4,32(a5)
200a3f12:	8082                	ret
200a3f14:	0326c703          	lbu	a4,50(a3)
200a3f18:	4789                	li	a5,2
200a3f1a:	00f71563          	bne	a4,a5,200a3f24 <UHSIF_Cfg+0x290>
200a3f1e:	010047b7          	lui	a5,0x1004
200a3f22:	b7b9                	j	200a3e70 <UHSIF_Cfg+0x1dc>
200a3f24:	014047b7          	lui	a5,0x1404
200a3f28:	b7a1                	j	200a3e70 <UHSIF_Cfg+0x1dc>

200a3f2a <UHSIF_IRQHandler>:
200a3f2a:	40038737          	lui	a4,0x40038
200a3f2e:	4b5c                	lw	a5,20(a4)
200a3f30:	28b01693          	bseti	a3,zero,0xb
200a3f34:	8efd                	and	a3,a3,a5
200a3f36:	c285                	beqz	a3,200a3f56 <UHSIF_IRQHandler+0x2c>
200a3f38:	0fc72783          	lw	a5,252(a4) # 400380fc <USBSS_EP2_Tx_Th0_Buf+0x1ff180fc>
200a3f3c:	200d3737          	lui	a4,0x200d3
200a3f40:	52070713          	addi	a4,a4,1312 # 200d3520 <UHSIF_Para>
200a3f44:	3318                	lbu	a4,1(a4)
200a3f46:	8bfd                	andi	a5,a5,31
200a3f48:	00478693          	addi	a3,a5,4 # 1404004 <_data_lma+0x13ddecc>
200a3f4c:	8afd                	andi	a3,a3,31
200a3f4e:	0ff77713          	zext.b	a4,a4
200a3f52:	4601                	li	a2,0
200a3f54:	a015                	j	200a3f78 <UHSIF_IRQHandler+0x4e>
200a3f56:	6685                	lui	a3,0x1
200a3f58:	8efd                	and	a3,a3,a5
200a3f5a:	c6d1                	beqz	a3,200a3fe6 <UHSIF_IRQHandler+0xbc>
200a3f5c:	10072783          	lw	a5,256(a4)
200a3f60:	200d3737          	lui	a4,0x200d3
200a3f64:	52070713          	addi	a4,a4,1312 # 200d3520 <UHSIF_Para>
200a3f68:	3718                	lbu	a4,9(a4)
200a3f6a:	8bfd                	andi	a5,a5,31
200a3f6c:	00478693          	addi	a3,a5,4
200a3f70:	8afd                	andi	a3,a3,31
200a3f72:	0ff77713          	zext.b	a4,a4
200a3f76:	4605                	li	a2,1
200a3f78:	079a                	slli	a5,a5,0x6
200a3f7a:	400395b7          	lui	a1,0x40039
200a3f7e:	97ae                	add	a5,a5,a1
200a3f80:	4b88                	lw	a0,16(a5)
200a3f82:	00261813          	slli	a6,a2,0x2
200a3f86:	00157313          	andi	t1,a0,1
200a3f8a:	02031b63          	bnez	t1,200a3fc0 <UHSIF_IRQHandler+0x96>
200a3f8e:	200d35b7          	lui	a1,0x200d3
200a3f92:	52058593          	addi	a1,a1,1312 # 200d3520 <UHSIF_Para>
200a3f96:	20b665b3          	sh3add	a1,a2,a1
200a3f9a:	3190                	lbu	a2,1(a1)
200a3f9c:	0045a883          	lw	a7,4(a1)
200a3fa0:	400385b7          	lui	a1,0x40038
200a3fa4:	067a                	slli	a2,a2,0x1e
200a3fa6:	8ed1                	or	a3,a3,a2
200a3fa8:	01089613          	slli	a2,a7,0x10
200a3fac:	8ed1                	or	a3,a3,a2
200a3fae:	80000637          	lui	a2,0x80000
200a3fb2:	0fc58593          	addi	a1,a1,252 # 400380fc <USBSS_EP2_Tx_Th0_Buf+0x1ff180fc>
200a3fb6:	40060613          	addi	a2,a2,1024 # 80000400 <USBSS_EP2_Tx_Th0_Buf+0x5fee0400>
200a3fba:	95c2                	add	a1,a1,a6
200a3fbc:	8ed1                	or	a3,a3,a2
200a3fbe:	c194                	sw	a3,0(a1)
200a3fc0:	08057693          	andi	a3,a0,128
200a3fc4:	caad                	beqz	a3,200a4036 <UHSIF_IRQHandler+0x10c>
200a3fc6:	4b94                	lw	a3,16(a5)
200a3fc8:	0806e693          	ori	a3,a3,128
200a3fcc:	cb94                	sw	a3,16(a5)
200a3fce:	4685                	li	a3,1
200a3fd0:	08d71763          	bne	a4,a3,200a405e <UHSIF_IRQHandler+0x134>
200a3fd4:	200c17b7          	lui	a5,0x200c1
200a3fd8:	d3078793          	addi	a5,a5,-720 # 200c0d30 <UHSIF_THREAD_OUT>
200a3fdc:	97c2                	add	a5,a5,a6
200a3fde:	439c                	lw	a5,0(a5)
200a3fe0:	9782                	jalr	a5
200a3fe2:	30200073          	mret
200a3fe6:	6689                	lui	a3,0x2
200a3fe8:	8efd                	and	a3,a3,a5
200a3fea:	c285                	beqz	a3,200a400a <UHSIF_IRQHandler+0xe0>
200a3fec:	10472783          	lw	a5,260(a4)
200a3ff0:	200d3737          	lui	a4,0x200d3
200a3ff4:	52070713          	addi	a4,a4,1312 # 200d3520 <UHSIF_Para>
200a3ff8:	3b18                	lbu	a4,17(a4)
200a3ffa:	8bfd                	andi	a5,a5,31
200a3ffc:	00478693          	addi	a3,a5,4
200a4000:	8afd                	andi	a3,a3,31
200a4002:	0ff77713          	zext.b	a4,a4
200a4006:	4609                	li	a2,2
200a4008:	bf85                	j	200a3f78 <UHSIF_IRQHandler+0x4e>
200a400a:	6691                	lui	a3,0x4
200a400c:	8ff5                	and	a5,a5,a3
200a400e:	c385                	beqz	a5,200a402e <UHSIF_IRQHandler+0x104>
200a4010:	10872783          	lw	a5,264(a4)
200a4014:	200d3737          	lui	a4,0x200d3
200a4018:	52070713          	addi	a4,a4,1312 # 200d3520 <UHSIF_Para>
200a401c:	3f18                	lbu	a4,25(a4)
200a401e:	8bfd                	andi	a5,a5,31
200a4020:	00478693          	addi	a3,a5,4
200a4024:	8afd                	andi	a3,a3,31
200a4026:	0ff77713          	zext.b	a4,a4
200a402a:	460d                	li	a2,3
200a402c:	b7b1                	j	200a3f78 <UHSIF_IRQHandler+0x4e>
200a402e:	4681                	li	a3,0
200a4030:	4781                	li	a5,0
200a4032:	4701                	li	a4,0
200a4034:	bf39                	j	200a3f52 <UHSIF_IRQHandler+0x28>
200a4036:	04057693          	andi	a3,a0,64
200a403a:	ca99                	beqz	a3,200a4050 <UHSIF_IRQHandler+0x126>
200a403c:	4b94                	lw	a3,16(a5)
200a403e:	0406e693          	ori	a3,a3,64
200a4042:	cb94                	sw	a3,16(a5)
200a4044:	f80305e3          	beqz	t1,200a3fce <UHSIF_IRQHandler+0xa4>
200a4048:	4b94                	lw	a3,16(a5)
200a404a:	0016e693          	ori	a3,a3,1
200a404e:	bfbd                	j	200a3fcc <UHSIF_IRQHandler+0xa2>
200a4050:	10057513          	andi	a0,a0,256
200a4054:	dd2d                	beqz	a0,200a3fce <UHSIF_IRQHandler+0xa4>
200a4056:	4b94                	lw	a3,16(a5)
200a4058:	1006e693          	ori	a3,a3,256
200a405c:	bf85                	j	200a3fcc <UHSIF_IRQHandler+0xa2>
200a405e:	4788                	lw	a0,8(a5)
200a4060:	200c17b7          	lui	a5,0x200c1
200a4064:	d4078793          	addi	a5,a5,-704 # 200c0d40 <UHSIF_THREAD_IN>
200a4068:	97c2                	add	a5,a5,a6
200a406a:	439c                	lw	a5,0(a5)
200a406c:	9782                	jalr	a5
200a406e:	bf95                	j	200a3fe2 <UHSIF_IRQHandler+0xb8>

200a4070 <UHSIF_Trans_Cfg>:
200a4070:	200d36b7          	lui	a3,0x200d3
200a4074:	52068693          	addi	a3,a3,1312 # 200d3520 <UHSIF_Para>
200a4078:	20d56833          	sh3add	a6,a0,a3
200a407c:	00084783          	lbu	a5,0(a6) # fffff000 <USBSS_EP2_Tx_Th0_Buf+0xdfedf000>
200a4080:	88aa                	mv	a7,a0
200a4082:	00351713          	slli	a4,a0,0x3
200a4086:	cfcd                	beqz	a5,200a4140 <UHSIF_Trans_Cfg+0xd0>
200a4088:	00284783          	lbu	a5,2(a6)
200a408c:	0d100513          	li	a0,209
200a4090:	0af5fa63          	bgeu	a1,a5,200a4144 <UHSIF_Trans_Cfg+0xd4>
200a4094:	0075f793          	andi	a5,a1,7
200a4098:	40039537          	lui	a0,0x40039
200a409c:	2117c7b3          	sh2add	a5,a5,a7
200a40a0:	079a                	slli	a5,a5,0x6
200a40a2:	97aa                	add	a5,a5,a0
200a40a4:	00184503          	lbu	a0,1(a6)
200a40a8:	c53d                	beqz	a0,200a4116 <UHSIF_Trans_Cfg+0xa6>
200a40aa:	00384883          	lbu	a7,3(a6)
200a40ae:	00284503          	lbu	a0,2(a6)
200a40b2:	02a8fd63          	bgeu	a7,a0,200a40ec <UHSIF_Trans_Cfg+0x7c>
200a40b6:	00384503          	lbu	a0,3(a6)
200a40ba:	0505                	addi	a0,a0,1 # 40039001 <USBSS_EP2_Tx_Th0_Buf+0x1ff19001>
200a40bc:	0ff57513          	zext.b	a0,a0
200a40c0:	00a801a3          	sb	a0,3(a6)
200a40c4:	52c8                	lw	a0,36(a3)
200a40c6:	00a67d63          	bgeu	a2,a0,200a40e0 <UHSIF_Trans_Cfg+0x70>
200a40ca:	52c8                	lw	a0,36(a3)
200a40cc:	972e                	add	a4,a4,a1
200a40ce:	200d36b7          	lui	a3,0x200d3
200a40d2:	0716                	slli	a4,a4,0x5
200a40d4:	12068693          	addi	a3,a3,288 # 200d3120 <SOCKET_DSCR_WR>
200a40d8:	0642                	slli	a2,a2,0x10
200a40da:	9736                	add	a4,a4,a3
200a40dc:	8e49                	or	a2,a2,a0
200a40de:	c750                	sw	a2,12(a4)
200a40e0:	47d8                	lw	a4,12(a5)
200a40e2:	29f71713          	bseti	a4,a4,0x1f
200a40e6:	c7d8                	sw	a4,12(a5)
200a40e8:	4501                	li	a0,0
200a40ea:	8082                	ret
200a40ec:	0007a423          	sw	zero,8(a5)
200a40f0:	52c8                	lw	a0,36(a3)
200a40f2:	972e                	add	a4,a4,a1
200a40f4:	200d36b7          	lui	a3,0x200d3
200a40f8:	0716                	slli	a4,a4,0x5
200a40fa:	12068693          	addi	a3,a3,288 # 200d3120 <SOCKET_DSCR_WR>
200a40fe:	0642                	slli	a2,a2,0x10
200a4100:	9736                	add	a4,a4,a3
200a4102:	8e49                	or	a2,a2,a0
200a4104:	c750                	sw	a2,12(a4)
200a4106:	47d8                	lw	a4,12(a5)
200a4108:	29e71713          	bseti	a4,a4,0x1e
200a410c:	c7d8                	sw	a4,12(a5)
200a410e:	47d8                	lw	a4,12(a5)
200a4110:	49e71713          	bclri	a4,a4,0x1e
200a4114:	bfc9                	j	200a40e6 <UHSIF_Trans_Cfg+0x76>
200a4116:	4798                	lw	a4,8(a5)
200a4118:	52d0                	lw	a2,36(a3)
200a411a:	02c77063          	bgeu	a4,a2,200a413a <UHSIF_Trans_Cfg+0xca>
200a411e:	4398                	lw	a4,0(a5)
200a4120:	52d0                	lw	a2,36(a3)
200a4122:	52cc                	lw	a1,36(a3)
200a4124:	002006b7          	lui	a3,0x200
200a4128:	1681                	addi	a3,a3,-32 # 1fffe0 <_data_lma+0x1d9ea8>
200a412a:	0716                	slli	a4,a4,0x5
200a412c:	8f75                	and	a4,a4,a3
200a412e:	01061693          	slli	a3,a2,0x10
200a4132:	8ecd                	or	a3,a3,a1
200a4134:	29d71713          	bseti	a4,a4,0x1d
200a4138:	c754                	sw	a3,12(a4)
200a413a:	0007a423          	sw	zero,8(a5)
200a413e:	b7e1                	j	200a4106 <UHSIF_Trans_Cfg+0x96>
200a4140:	0b100513          	li	a0,177
200a4144:	8082                	ret

200a4146 <__udivdi3>:
200a4146:	8832                	mv	a6,a2
200a4148:	88aa                	mv	a7,a0
200a414a:	872e                	mv	a4,a1
200a414c:	eacd                	bnez	a3,200a41fe <__udivdi3+0xb8>
200a414e:	0ec5ff63          	bgeu	a1,a2,200a424c <__udivdi3+0x106>
200a4152:	67c1                	lui	a5,0x10
200a4154:	18f66a63          	bltu	a2,a5,200a42e8 <__udivdi3+0x1a2>
200a4158:	010007b7          	lui	a5,0x1000
200a415c:	00f637b3          	sltu	a5,a2,a5
200a4160:	40f007b3          	neg	a5,a5
200a4164:	9be1                	andi	a5,a5,-8
200a4166:	07e1                	addi	a5,a5,24 # 1000018 <_data_lma+0xfd9ee0>
200a4168:	00f65333          	srl	t1,a2,a5
200a416c:	00002697          	auipc	a3,0x2
200a4170:	ca068693          	addi	a3,a3,-864 # 200a5e0c <__clz_tab>
200a4174:	969a                	add	a3,a3,t1
200a4176:	2294                	lbu	a3,0(a3)
200a4178:	02000313          	li	t1,32
200a417c:	97b6                	add	a5,a5,a3
200a417e:	40f306b3          	sub	a3,t1,a5
200a4182:	00f30b63          	beq	t1,a5,200a4198 <__udivdi3+0x52>
200a4186:	00d59733          	sll	a4,a1,a3
200a418a:	00f557b3          	srl	a5,a0,a5
200a418e:	00d61833          	sll	a6,a2,a3
200a4192:	8f5d                	or	a4,a4,a5
200a4194:	00d518b3          	sll	a7,a0,a3
200a4198:	01085613          	srli	a2,a6,0x10
200a419c:	02c75533          	divu	a0,a4,a2
200a41a0:	080846b3          	zext.h	a3,a6
200a41a4:	0108d793          	srli	a5,a7,0x10
200a41a8:	02c77733          	remu	a4,a4,a2
200a41ac:	02a685b3          	mul	a1,a3,a0
200a41b0:	0742                	slli	a4,a4,0x10
200a41b2:	8fd9                	or	a5,a5,a4
200a41b4:	00b7fa63          	bgeu	a5,a1,200a41c8 <__udivdi3+0x82>
200a41b8:	97c2                	add	a5,a5,a6
200a41ba:	fff50713          	addi	a4,a0,-1
200a41be:	0107e463          	bltu	a5,a6,200a41c6 <__udivdi3+0x80>
200a41c2:	30b7e863          	bltu	a5,a1,200a44d2 <__udivdi3+0x38c>
200a41c6:	853a                	mv	a0,a4
200a41c8:	8f8d                	sub	a5,a5,a1
200a41ca:	02c7d733          	divu	a4,a5,a2
200a41ce:	0808c8b3          	zext.h	a7,a7
200a41d2:	02c7f7b3          	remu	a5,a5,a2
200a41d6:	02e686b3          	mul	a3,a3,a4
200a41da:	07c2                	slli	a5,a5,0x10
200a41dc:	00f8e8b3          	or	a7,a7,a5
200a41e0:	00d8fb63          	bgeu	a7,a3,200a41f6 <__udivdi3+0xb0>
200a41e4:	98c2                	add	a7,a7,a6
200a41e6:	fff70793          	addi	a5,a4,-1
200a41ea:	0108e563          	bltu	a7,a6,200a41f4 <__udivdi3+0xae>
200a41ee:	1779                	addi	a4,a4,-2
200a41f0:	00d8e363          	bltu	a7,a3,200a41f6 <__udivdi3+0xb0>
200a41f4:	873e                	mv	a4,a5
200a41f6:	0542                	slli	a0,a0,0x10
200a41f8:	8d59                	or	a0,a0,a4
200a41fa:	4581                	li	a1,0
200a41fc:	8082                	ret
200a41fe:	00d5f563          	bgeu	a1,a3,200a4208 <__udivdi3+0xc2>
200a4202:	4581                	li	a1,0
200a4204:	4501                	li	a0,0
200a4206:	8082                	ret
200a4208:	67c1                	lui	a5,0x10
200a420a:	18f6e563          	bltu	a3,a5,200a4394 <__udivdi3+0x24e>
200a420e:	010007b7          	lui	a5,0x1000
200a4212:	00f6b7b3          	sltu	a5,a3,a5
200a4216:	40f007b3          	neg	a5,a5
200a421a:	9be1                	andi	a5,a5,-8
200a421c:	07e1                	addi	a5,a5,24 # 1000018 <_data_lma+0xfd9ee0>
200a421e:	00f6d833          	srl	a6,a3,a5
200a4222:	00002717          	auipc	a4,0x2
200a4226:	bea70713          	addi	a4,a4,-1046 # 200a5e0c <__clz_tab>
200a422a:	9742                	add	a4,a4,a6
200a422c:	2318                	lbu	a4,0(a4)
200a422e:	02000893          	li	a7,32
200a4232:	973e                	add	a4,a4,a5
200a4234:	40e88833          	sub	a6,a7,a4
200a4238:	18e89263          	bne	a7,a4,200a43bc <__udivdi3+0x276>
200a423c:	26b6ed63          	bltu	a3,a1,200a44b6 <__udivdi3+0x370>
200a4240:	00c53533          	sltu	a0,a0,a2
200a4244:	00154513          	xori	a0,a0,1
200a4248:	4581                	li	a1,0
200a424a:	8082                	ret
200a424c:	c645                	beqz	a2,200a42f4 <__udivdi3+0x1ae>
200a424e:	67c1                	lui	a5,0x10
200a4250:	24f67b63          	bgeu	a2,a5,200a44a6 <__udivdi3+0x360>
200a4254:	10063713          	sltiu	a4,a2,256
200a4258:	00174713          	xori	a4,a4,1
200a425c:	070e                	slli	a4,a4,0x3
200a425e:	00e656b3          	srl	a3,a2,a4
200a4262:	00002797          	auipc	a5,0x2
200a4266:	baa78793          	addi	a5,a5,-1110 # 200a5e0c <__clz_tab>
200a426a:	97b6                	add	a5,a5,a3
200a426c:	239c                	lbu	a5,0(a5)
200a426e:	02000693          	li	a3,32
200a4272:	97ba                	add	a5,a5,a4
200a4274:	40f68eb3          	sub	t4,a3,a5
200a4278:	08f69d63          	bne	a3,a5,200a4312 <__udivdi3+0x1cc>
200a427c:	40c587b3          	sub	a5,a1,a2
200a4280:	4585                	li	a1,1
200a4282:	01065693          	srli	a3,a2,0x10
200a4286:	08064633          	zext.h	a2,a2
200a428a:	02d7d533          	divu	a0,a5,a3
200a428e:	0108d713          	srli	a4,a7,0x10
200a4292:	02d7f7b3          	remu	a5,a5,a3
200a4296:	02c50333          	mul	t1,a0,a2
200a429a:	07c2                	slli	a5,a5,0x10
200a429c:	8fd9                	or	a5,a5,a4
200a429e:	0067fa63          	bgeu	a5,t1,200a42b2 <__udivdi3+0x16c>
200a42a2:	97c2                	add	a5,a5,a6
200a42a4:	fff50713          	addi	a4,a0,-1
200a42a8:	0107e463          	bltu	a5,a6,200a42b0 <__udivdi3+0x16a>
200a42ac:	2267e063          	bltu	a5,t1,200a44cc <__udivdi3+0x386>
200a42b0:	853a                	mv	a0,a4
200a42b2:	406787b3          	sub	a5,a5,t1
200a42b6:	02d7d733          	divu	a4,a5,a3
200a42ba:	0808c8b3          	zext.h	a7,a7
200a42be:	02d7f7b3          	remu	a5,a5,a3
200a42c2:	02c70633          	mul	a2,a4,a2
200a42c6:	07c2                	slli	a5,a5,0x10
200a42c8:	00f8e8b3          	or	a7,a7,a5
200a42cc:	00c8fb63          	bgeu	a7,a2,200a42e2 <__udivdi3+0x19c>
200a42d0:	98c2                	add	a7,a7,a6
200a42d2:	fff70793          	addi	a5,a4,-1
200a42d6:	0108e563          	bltu	a7,a6,200a42e0 <__udivdi3+0x19a>
200a42da:	1779                	addi	a4,a4,-2
200a42dc:	00c8e363          	bltu	a7,a2,200a42e2 <__udivdi3+0x19c>
200a42e0:	873e                	mv	a4,a5
200a42e2:	0542                	slli	a0,a0,0x10
200a42e4:	8d59                	or	a0,a0,a4
200a42e6:	8082                	ret
200a42e8:	10063793          	sltiu	a5,a2,256
200a42ec:	0017c793          	xori	a5,a5,1
200a42f0:	078e                	slli	a5,a5,0x3
200a42f2:	bd9d                	j	200a4168 <__udivdi3+0x22>
200a42f4:	4681                	li	a3,0
200a42f6:	00002797          	auipc	a5,0x2
200a42fa:	b1678793          	addi	a5,a5,-1258 # 200a5e0c <__clz_tab>
200a42fe:	97b6                	add	a5,a5,a3
200a4300:	239c                	lbu	a5,0(a5)
200a4302:	4701                	li	a4,0
200a4304:	02000693          	li	a3,32
200a4308:	97ba                	add	a5,a5,a4
200a430a:	40f68eb3          	sub	t4,a3,a5
200a430e:	f6f687e3          	beq	a3,a5,200a427c <__udivdi3+0x136>
200a4312:	01d61833          	sll	a6,a2,t4
200a4316:	00f5d333          	srl	t1,a1,a5
200a431a:	01085693          	srli	a3,a6,0x10
200a431e:	02d35e33          	divu	t3,t1,a3
200a4322:	01d595b3          	sll	a1,a1,t4
200a4326:	00f557b3          	srl	a5,a0,a5
200a432a:	8fcd                	or	a5,a5,a1
200a432c:	08084633          	zext.h	a2,a6
200a4330:	0107d713          	srli	a4,a5,0x10
200a4334:	01d518b3          	sll	a7,a0,t4
200a4338:	02d37333          	remu	t1,t1,a3
200a433c:	03c605b3          	mul	a1,a2,t3
200a4340:	0342                	slli	t1,t1,0x10
200a4342:	00676733          	or	a4,a4,t1
200a4346:	00b77b63          	bgeu	a4,a1,200a435c <__udivdi3+0x216>
200a434a:	9742                	add	a4,a4,a6
200a434c:	fffe0513          	addi	a0,t3,-1
200a4350:	17076a63          	bltu	a4,a6,200a44c4 <__udivdi3+0x37e>
200a4354:	16b77863          	bgeu	a4,a1,200a44c4 <__udivdi3+0x37e>
200a4358:	1e79                	addi	t3,t3,-2
200a435a:	9742                	add	a4,a4,a6
200a435c:	8f0d                	sub	a4,a4,a1
200a435e:	02d75533          	divu	a0,a4,a3
200a4362:	0807c7b3          	zext.h	a5,a5
200a4366:	02d77733          	remu	a4,a4,a3
200a436a:	02a60333          	mul	t1,a2,a0
200a436e:	0742                	slli	a4,a4,0x10
200a4370:	8fd9                	or	a5,a5,a4
200a4372:	0067fb63          	bgeu	a5,t1,200a4388 <__udivdi3+0x242>
200a4376:	97c2                	add	a5,a5,a6
200a4378:	fff50713          	addi	a4,a0,-1
200a437c:	1507e063          	bltu	a5,a6,200a44bc <__udivdi3+0x376>
200a4380:	1267fe63          	bgeu	a5,t1,200a44bc <__udivdi3+0x376>
200a4384:	1579                	addi	a0,a0,-2
200a4386:	97c2                	add	a5,a5,a6
200a4388:	010e1593          	slli	a1,t3,0x10
200a438c:	406787b3          	sub	a5,a5,t1
200a4390:	8dc9                	or	a1,a1,a0
200a4392:	bde5                	j	200a428a <__udivdi3+0x144>
200a4394:	1006b793          	sltiu	a5,a3,256
200a4398:	0017c793          	xori	a5,a5,1
200a439c:	078e                	slli	a5,a5,0x3
200a439e:	00f6d833          	srl	a6,a3,a5
200a43a2:	00002717          	auipc	a4,0x2
200a43a6:	a6a70713          	addi	a4,a4,-1430 # 200a5e0c <__clz_tab>
200a43aa:	9742                	add	a4,a4,a6
200a43ac:	2318                	lbu	a4,0(a4)
200a43ae:	02000893          	li	a7,32
200a43b2:	973e                	add	a4,a4,a5
200a43b4:	40e88833          	sub	a6,a7,a4
200a43b8:	e8e882e3          	beq	a7,a4,200a423c <__udivdi3+0xf6>
200a43bc:	00e65e33          	srl	t3,a2,a4
200a43c0:	010696b3          	sll	a3,a3,a6
200a43c4:	00de6e33          	or	t3,t3,a3
200a43c8:	00e5d8b3          	srl	a7,a1,a4
200a43cc:	010e5e93          	srli	t4,t3,0x10
200a43d0:	03d8d7b3          	divu	a5,a7,t4
200a43d4:	010595b3          	sll	a1,a1,a6
200a43d8:	00e55733          	srl	a4,a0,a4
200a43dc:	8f4d                	or	a4,a4,a1
200a43de:	080e4333          	zext.h	t1,t3
200a43e2:	01075693          	srli	a3,a4,0x10
200a43e6:	01061633          	sll	a2,a2,a6
200a43ea:	03d8f8b3          	remu	a7,a7,t4
200a43ee:	02f305b3          	mul	a1,t1,a5
200a43f2:	08c2                	slli	a7,a7,0x10
200a43f4:	0116e6b3          	or	a3,a3,a7
200a43f8:	00b6fb63          	bgeu	a3,a1,200a440e <__udivdi3+0x2c8>
200a43fc:	96f2                	add	a3,a3,t3
200a43fe:	fff78893          	addi	a7,a5,-1
200a4402:	0dc6e363          	bltu	a3,t3,200a44c8 <__udivdi3+0x382>
200a4406:	0cb6f163          	bgeu	a3,a1,200a44c8 <__udivdi3+0x382>
200a440a:	17f9                	addi	a5,a5,-2
200a440c:	96f2                	add	a3,a3,t3
200a440e:	8e8d                	sub	a3,a3,a1
200a4410:	03d6d5b3          	divu	a1,a3,t4
200a4414:	08074733          	zext.h	a4,a4
200a4418:	03d6f6b3          	remu	a3,a3,t4
200a441c:	02b308b3          	mul	a7,t1,a1
200a4420:	06c2                	slli	a3,a3,0x10
200a4422:	8f55                	or	a4,a4,a3
200a4424:	01177b63          	bgeu	a4,a7,200a443a <__udivdi3+0x2f4>
200a4428:	9772                	add	a4,a4,t3
200a442a:	fff58693          	addi	a3,a1,-1
200a442e:	09c76963          	bltu	a4,t3,200a44c0 <__udivdi3+0x37a>
200a4432:	09177763          	bgeu	a4,a7,200a44c0 <__udivdi3+0x37a>
200a4436:	15f9                	addi	a1,a1,-2
200a4438:	9772                	add	a4,a4,t3
200a443a:	07c2                	slli	a5,a5,0x10
200a443c:	6ec1                	lui	t4,0x10
200a443e:	8fcd                	or	a5,a5,a1
200a4440:	fffe8693          	addi	a3,t4,-1 # ffff <__stack_size+0xf7ff>
200a4444:	00d7f5b3          	and	a1,a5,a3
200a4448:	0107d313          	srli	t1,a5,0x10
200a444c:	8ef1                	and	a3,a3,a2
200a444e:	8241                	srli	a2,a2,0x10
200a4450:	02d58e33          	mul	t3,a1,a3
200a4454:	41170733          	sub	a4,a4,a7
200a4458:	02d306b3          	mul	a3,t1,a3
200a445c:	010e5893          	srli	a7,t3,0x10
200a4460:	02c585b3          	mul	a1,a1,a2
200a4464:	95b6                	add	a1,a1,a3
200a4466:	95c6                	add	a1,a1,a7
200a4468:	02c30333          	mul	t1,t1,a2
200a446c:	00d5f363          	bgeu	a1,a3,200a4472 <__udivdi3+0x32c>
200a4470:	9376                	add	t1,t1,t4
200a4472:	0105d693          	srli	a3,a1,0x10
200a4476:	969a                	add	a3,a3,t1
200a4478:	02d76363          	bltu	a4,a3,200a449e <__udivdi3+0x358>
200a447c:	00d70563          	beq	a4,a3,200a4486 <__udivdi3+0x340>
200a4480:	853e                	mv	a0,a5
200a4482:	4581                	li	a1,0
200a4484:	8082                	ret
200a4486:	66c1                	lui	a3,0x10
200a4488:	16fd                	addi	a3,a3,-1 # ffff <__stack_size+0xf7ff>
200a448a:	00d5f733          	and	a4,a1,a3
200a448e:	0742                	slli	a4,a4,0x10
200a4490:	00de7e33          	and	t3,t3,a3
200a4494:	01051533          	sll	a0,a0,a6
200a4498:	9772                	add	a4,a4,t3
200a449a:	fee573e3          	bgeu	a0,a4,200a4480 <__udivdi3+0x33a>
200a449e:	fff78513          	addi	a0,a5,-1
200a44a2:	4581                	li	a1,0
200a44a4:	8082                	ret
200a44a6:	010007b7          	lui	a5,0x1000
200a44aa:	02f67763          	bgeu	a2,a5,200a44d8 <__udivdi3+0x392>
200a44ae:	01065693          	srli	a3,a2,0x10
200a44b2:	4741                	li	a4,16
200a44b4:	b37d                	j	200a4262 <__udivdi3+0x11c>
200a44b6:	4581                	li	a1,0
200a44b8:	4505                	li	a0,1
200a44ba:	8082                	ret
200a44bc:	853a                	mv	a0,a4
200a44be:	b5e9                	j	200a4388 <__udivdi3+0x242>
200a44c0:	85b6                	mv	a1,a3
200a44c2:	bfa5                	j	200a443a <__udivdi3+0x2f4>
200a44c4:	8e2a                	mv	t3,a0
200a44c6:	bd59                	j	200a435c <__udivdi3+0x216>
200a44c8:	87c6                	mv	a5,a7
200a44ca:	b791                	j	200a440e <__udivdi3+0x2c8>
200a44cc:	1579                	addi	a0,a0,-2
200a44ce:	97c2                	add	a5,a5,a6
200a44d0:	b3cd                	j	200a42b2 <__udivdi3+0x16c>
200a44d2:	1579                	addi	a0,a0,-2
200a44d4:	97c2                	add	a5,a5,a6
200a44d6:	b9cd                	j	200a41c8 <__udivdi3+0x82>
200a44d8:	01865693          	srli	a3,a2,0x18
200a44dc:	4761                	li	a4,24
200a44de:	b351                	j	200a4262 <__udivdi3+0x11c>

200a44e0 <iprintf>:
200a44e0:	715d                	addi	sp,sp,-80
200a44e2:	d422                	sw	s0,40(sp)
200a44e4:	d606                	sw	ra,44(sp)
200a44e6:	842a                	mv	s0,a0
200a44e8:	da2e                	sw	a1,52(sp)
200a44ea:	dc32                	sw	a2,56(sp)
200a44ec:	de36                	sw	a3,60(sp)
200a44ee:	c0ba                	sw	a4,64(sp)
200a44f0:	c2be                	sw	a5,68(sp)
200a44f2:	c4c2                	sw	a6,72(sp)
200a44f4:	c6c6                	sw	a7,76(sp)
200a44f6:	81c1a503          	lw	a0,-2020(gp) # 200c102c <_impure_ptr>
200a44fa:	c511                	beqz	a0,200a4506 <iprintf+0x26>
200a44fc:	4d1c                	lw	a5,24(a0)
200a44fe:	e781                	bnez	a5,200a4506 <iprintf+0x26>
200a4500:	c62a                	sw	a0,12(sp)
200a4502:	2ba1                	jal	200a4a5a <__sinit>
200a4504:	4532                	lw	a0,12(sp)
200a4506:	450c                	lw	a1,8(a0)
200a4508:	1854                	addi	a3,sp,52
200a450a:	8622                	mv	a2,s0
200a450c:	ce36                	sw	a3,28(sp)
200a450e:	227000ef          	jal	ra,200a4f34 <_vfiprintf_r>
200a4512:	50b2                	lw	ra,44(sp)
200a4514:	5422                	lw	s0,40(sp)
200a4516:	6161                	addi	sp,sp,80
200a4518:	8082                	ret

200a451a <_puts_r>:
200a451a:	1101                	addi	sp,sp,-32
200a451c:	ca26                	sw	s1,20(sp)
200a451e:	ce06                	sw	ra,28(sp)
200a4520:	cc22                	sw	s0,24(sp)
200a4522:	c84a                	sw	s2,16(sp)
200a4524:	c64e                	sw	s3,12(sp)
200a4526:	c452                	sw	s4,8(sp)
200a4528:	84aa                	mv	s1,a0
200a452a:	e119                	bnez	a0,200a4530 <_puts_r+0x16>
200a452c:	451c                	lw	a5,8(a0)
200a452e:	9002                	ebreak
200a4530:	4d1c                	lw	a5,24(a0)
200a4532:	892e                	mv	s2,a1
200a4534:	e3ad                	bnez	a5,200a4596 <_puts_r+0x7c>
200a4536:	2315                	jal	200a4a5a <__sinit>
200a4538:	4c9c                	lw	a5,24(s1)
200a453a:	4480                	lw	s0,8(s1)
200a453c:	cfb9                	beqz	a5,200a459a <_puts_r+0x80>
200a453e:	00002797          	auipc	a5,0x2
200a4542:	a0e78793          	addi	a5,a5,-1522 # 200a5f4c <__sf_fake_stdin>
200a4546:	04f41d63          	bne	s0,a5,200a45a0 <_puts_r+0x86>
200a454a:	40c0                	lw	s0,4(s1)
200a454c:	507c                	lw	a5,100(s0)
200a454e:	8b85                	andi	a5,a5,1
200a4550:	e799                	bnez	a5,200a455e <_puts_r+0x44>
200a4552:	245e                	lhu	a5,12(s0)
200a4554:	2007f793          	andi	a5,a5,512
200a4558:	e399                	bnez	a5,200a455e <_puts_r+0x44>
200a455a:	4c28                	lw	a0,88(s0)
200a455c:	2559                	jal	200a4be2 <__retarget_lock_acquire_recursive>
200a455e:	245e                	lhu	a5,12(s0)
200a4560:	8ba1                	andi	a5,a5,8
200a4562:	c399                	beqz	a5,200a4568 <_puts_r+0x4e>
200a4564:	481c                	lw	a5,16(s0)
200a4566:	e3d5                	bnez	a5,200a460a <_puts_r+0xf0>
200a4568:	85a2                	mv	a1,s0
200a456a:	8526                	mv	a0,s1
200a456c:	2aa5                	jal	200a46e4 <__swsetup_r>
200a456e:	cd51                	beqz	a0,200a460a <_puts_r+0xf0>
200a4570:	54fd                	li	s1,-1
200a4572:	507c                	lw	a5,100(s0)
200a4574:	8b85                	andi	a5,a5,1
200a4576:	e799                	bnez	a5,200a4584 <_puts_r+0x6a>
200a4578:	245e                	lhu	a5,12(s0)
200a457a:	2007f793          	andi	a5,a5,512
200a457e:	e399                	bnez	a5,200a4584 <_puts_r+0x6a>
200a4580:	4c28                	lw	a0,88(s0)
200a4582:	258d                	jal	200a4be4 <__retarget_lock_release_recursive>
200a4584:	40f2                	lw	ra,28(sp)
200a4586:	4462                	lw	s0,24(sp)
200a4588:	4942                	lw	s2,16(sp)
200a458a:	49b2                	lw	s3,12(sp)
200a458c:	4a22                	lw	s4,8(sp)
200a458e:	8526                	mv	a0,s1
200a4590:	44d2                	lw	s1,20(sp)
200a4592:	6105                	addi	sp,sp,32
200a4594:	8082                	ret
200a4596:	4500                	lw	s0,8(a0)
200a4598:	b75d                	j	200a453e <_puts_r+0x24>
200a459a:	8526                	mv	a0,s1
200a459c:	297d                	jal	200a4a5a <__sinit>
200a459e:	b745                	j	200a453e <_puts_r+0x24>
200a45a0:	00002797          	auipc	a5,0x2
200a45a4:	98c78793          	addi	a5,a5,-1652 # 200a5f2c <__sf_fake_stdout>
200a45a8:	00f41463          	bne	s0,a5,200a45b0 <_puts_r+0x96>
200a45ac:	4480                	lw	s0,8(s1)
200a45ae:	bf79                	j	200a454c <_puts_r+0x32>
200a45b0:	00002797          	auipc	a5,0x2
200a45b4:	95c78793          	addi	a5,a5,-1700 # 200a5f0c <__sf_fake_stderr>
200a45b8:	f8f41ae3          	bne	s0,a5,200a454c <_puts_r+0x32>
200a45bc:	44c0                	lw	s0,12(s1)
200a45be:	b779                	j	200a454c <_puts_r+0x32>
200a45c0:	c41c                	sw	a5,8(s0)
200a45c2:	0905                	addi	s2,s2,1
200a45c4:	0207c863          	bltz	a5,200a45f4 <_puts_r+0xda>
200a45c8:	401c                	lw	a5,0(s0)
200a45ca:	00178713          	addi	a4,a5,1
200a45ce:	c018                	sw	a4,0(s0)
200a45d0:	a38c                	sb	a1,0(a5)
200a45d2:	441c                	lw	a5,8(s0)
200a45d4:	00094583          	lbu	a1,0(s2)
200a45d8:	17fd                	addi	a5,a5,-1
200a45da:	f1fd                	bnez	a1,200a45c0 <_puts_r+0xa6>
200a45dc:	c41c                	sw	a5,8(s0)
200a45de:	0207d963          	bgez	a5,200a4610 <_puts_r+0xf6>
200a45e2:	8622                	mv	a2,s0
200a45e4:	45a9                	li	a1,10
200a45e6:	8526                	mv	a0,s1
200a45e8:	2081                	jal	200a4628 <__swbuf_r>
200a45ea:	57fd                	li	a5,-1
200a45ec:	f8f502e3          	beq	a0,a5,200a4570 <_puts_r+0x56>
200a45f0:	44a9                	li	s1,10
200a45f2:	b741                	j	200a4572 <_puts_r+0x58>
200a45f4:	4c18                	lw	a4,24(s0)
200a45f6:	00e7c463          	blt	a5,a4,200a45fe <_puts_r+0xe4>
200a45fa:	fd4597e3          	bne	a1,s4,200a45c8 <_puts_r+0xae>
200a45fe:	8622                	mv	a2,s0
200a4600:	8526                	mv	a0,s1
200a4602:	201d                	jal	200a4628 <__swbuf_r>
200a4604:	fd3517e3          	bne	a0,s3,200a45d2 <_puts_r+0xb8>
200a4608:	b7a5                	j	200a4570 <_puts_r+0x56>
200a460a:	59fd                	li	s3,-1
200a460c:	4a29                	li	s4,10
200a460e:	b7d1                	j	200a45d2 <_puts_r+0xb8>
200a4610:	401c                	lw	a5,0(s0)
200a4612:	00178713          	addi	a4,a5,1
200a4616:	c018                	sw	a4,0(s0)
200a4618:	4729                	li	a4,10
200a461a:	a398                	sb	a4,0(a5)
200a461c:	bfd1                	j	200a45f0 <_puts_r+0xd6>

200a461e <puts>:
200a461e:	85aa                	mv	a1,a0
200a4620:	81c1a503          	lw	a0,-2020(gp) # 200c102c <_impure_ptr>
200a4624:	ef7ff06f          	j	200a451a <_puts_r>

200a4628 <__swbuf_r>:
200a4628:	1101                	addi	sp,sp,-32
200a462a:	cc22                	sw	s0,24(sp)
200a462c:	ca26                	sw	s1,20(sp)
200a462e:	c84a                	sw	s2,16(sp)
200a4630:	ce06                	sw	ra,28(sp)
200a4632:	c64e                	sw	s3,12(sp)
200a4634:	84aa                	mv	s1,a0
200a4636:	892e                	mv	s2,a1
200a4638:	8432                	mv	s0,a2
200a463a:	c501                	beqz	a0,200a4642 <__swbuf_r+0x1a>
200a463c:	4d1c                	lw	a5,24(a0)
200a463e:	e391                	bnez	a5,200a4642 <__swbuf_r+0x1a>
200a4640:	2929                	jal	200a4a5a <__sinit>
200a4642:	00002797          	auipc	a5,0x2
200a4646:	90a78793          	addi	a5,a5,-1782 # 200a5f4c <__sf_fake_stdin>
200a464a:	02f41763          	bne	s0,a5,200a4678 <__swbuf_r+0x50>
200a464e:	40c0                	lw	s0,4(s1)
200a4650:	4c1c                	lw	a5,24(s0)
200a4652:	c41c                	sw	a5,8(s0)
200a4654:	245e                	lhu	a5,12(s0)
200a4656:	8ba1                	andi	a5,a5,8
200a4658:	c399                	beqz	a5,200a465e <__swbuf_r+0x36>
200a465a:	481c                	lw	a5,16(s0)
200a465c:	ef95                	bnez	a5,200a4698 <__swbuf_r+0x70>
200a465e:	85a2                	mv	a1,s0
200a4660:	8526                	mv	a0,s1
200a4662:	2049                	jal	200a46e4 <__swsetup_r>
200a4664:	c915                	beqz	a0,200a4698 <__swbuf_r+0x70>
200a4666:	597d                	li	s2,-1
200a4668:	40f2                	lw	ra,28(sp)
200a466a:	4462                	lw	s0,24(sp)
200a466c:	44d2                	lw	s1,20(sp)
200a466e:	49b2                	lw	s3,12(sp)
200a4670:	854a                	mv	a0,s2
200a4672:	4942                	lw	s2,16(sp)
200a4674:	6105                	addi	sp,sp,32
200a4676:	8082                	ret
200a4678:	00002797          	auipc	a5,0x2
200a467c:	8b478793          	addi	a5,a5,-1868 # 200a5f2c <__sf_fake_stdout>
200a4680:	00f41463          	bne	s0,a5,200a4688 <__swbuf_r+0x60>
200a4684:	4480                	lw	s0,8(s1)
200a4686:	b7e9                	j	200a4650 <__swbuf_r+0x28>
200a4688:	00002797          	auipc	a5,0x2
200a468c:	88478793          	addi	a5,a5,-1916 # 200a5f0c <__sf_fake_stderr>
200a4690:	fcf410e3          	bne	s0,a5,200a4650 <__swbuf_r+0x28>
200a4694:	44c0                	lw	s0,12(s1)
200a4696:	bf6d                	j	200a4650 <__swbuf_r+0x28>
200a4698:	481c                	lw	a5,16(s0)
200a469a:	4008                	lw	a0,0(s0)
200a469c:	0ff97993          	zext.b	s3,s2
200a46a0:	0ff97913          	zext.b	s2,s2
200a46a4:	8d1d                	sub	a0,a0,a5
200a46a6:	485c                	lw	a5,20(s0)
200a46a8:	00f54663          	blt	a0,a5,200a46b4 <__swbuf_r+0x8c>
200a46ac:	85a2                	mv	a1,s0
200a46ae:	8526                	mv	a0,s1
200a46b0:	2c91                	jal	200a4904 <_fflush_r>
200a46b2:	f955                	bnez	a0,200a4666 <__swbuf_r+0x3e>
200a46b4:	441c                	lw	a5,8(s0)
200a46b6:	0505                	addi	a0,a0,1
200a46b8:	17fd                	addi	a5,a5,-1
200a46ba:	c41c                	sw	a5,8(s0)
200a46bc:	401c                	lw	a5,0(s0)
200a46be:	00178713          	addi	a4,a5,1
200a46c2:	c018                	sw	a4,0(s0)
200a46c4:	01378023          	sb	s3,0(a5)
200a46c8:	485c                	lw	a5,20(s0)
200a46ca:	00a78863          	beq	a5,a0,200a46da <__swbuf_r+0xb2>
200a46ce:	245e                	lhu	a5,12(s0)
200a46d0:	8b85                	andi	a5,a5,1
200a46d2:	dbd9                	beqz	a5,200a4668 <__swbuf_r+0x40>
200a46d4:	47a9                	li	a5,10
200a46d6:	f8f919e3          	bne	s2,a5,200a4668 <__swbuf_r+0x40>
200a46da:	85a2                	mv	a1,s0
200a46dc:	8526                	mv	a0,s1
200a46de:	241d                	jal	200a4904 <_fflush_r>
200a46e0:	d541                	beqz	a0,200a4668 <__swbuf_r+0x40>
200a46e2:	b751                	j	200a4666 <__swbuf_r+0x3e>

200a46e4 <__swsetup_r>:
200a46e4:	1141                	addi	sp,sp,-16
200a46e6:	c422                	sw	s0,8(sp)
200a46e8:	c226                	sw	s1,4(sp)
200a46ea:	c04a                	sw	s2,0(sp)
200a46ec:	c606                	sw	ra,12(sp)
200a46ee:	81c1a483          	lw	s1,-2020(gp) # 200c102c <_impure_ptr>
200a46f2:	892a                	mv	s2,a0
200a46f4:	842e                	mv	s0,a1
200a46f6:	c489                	beqz	s1,200a4700 <__swsetup_r+0x1c>
200a46f8:	4c9c                	lw	a5,24(s1)
200a46fa:	e399                	bnez	a5,200a4700 <__swsetup_r+0x1c>
200a46fc:	8526                	mv	a0,s1
200a46fe:	2eb1                	jal	200a4a5a <__sinit>
200a4700:	00002797          	auipc	a5,0x2
200a4704:	84c78793          	addi	a5,a5,-1972 # 200a5f4c <__sf_fake_stdin>
200a4708:	02f41363          	bne	s0,a5,200a472e <__swsetup_r+0x4a>
200a470c:	40c0                	lw	s0,4(s1)
200a470e:	00c41783          	lh	a5,12(s0)
200a4712:	0087f713          	andi	a4,a5,8
200a4716:	e725                	bnez	a4,200a477e <__swsetup_r+0x9a>
200a4718:	0107f713          	andi	a4,a5,16
200a471c:	eb0d                	bnez	a4,200a474e <__swsetup_r+0x6a>
200a471e:	4725                	li	a4,9
200a4720:	00e92023          	sw	a4,0(s2)
200a4724:	0407e793          	ori	a5,a5,64
200a4728:	a45e                	sh	a5,12(s0)
200a472a:	557d                	li	a0,-1
200a472c:	a071                	j	200a47b8 <__swsetup_r+0xd4>
200a472e:	00001797          	auipc	a5,0x1
200a4732:	7fe78793          	addi	a5,a5,2046 # 200a5f2c <__sf_fake_stdout>
200a4736:	00f41463          	bne	s0,a5,200a473e <__swsetup_r+0x5a>
200a473a:	4480                	lw	s0,8(s1)
200a473c:	bfc9                	j	200a470e <__swsetup_r+0x2a>
200a473e:	00001797          	auipc	a5,0x1
200a4742:	7ce78793          	addi	a5,a5,1998 # 200a5f0c <__sf_fake_stderr>
200a4746:	fcf414e3          	bne	s0,a5,200a470e <__swsetup_r+0x2a>
200a474a:	44c0                	lw	s0,12(s1)
200a474c:	b7c9                	j	200a470e <__swsetup_r+0x2a>
200a474e:	8b91                	andi	a5,a5,4
200a4750:	c39d                	beqz	a5,200a4776 <__swsetup_r+0x92>
200a4752:	584c                	lw	a1,52(s0)
200a4754:	c989                	beqz	a1,200a4766 <__swsetup_r+0x82>
200a4756:	04440793          	addi	a5,s0,68
200a475a:	00f58463          	beq	a1,a5,200a4762 <__swsetup_r+0x7e>
200a475e:	854a                	mv	a0,s2
200a4760:	2b8d                	jal	200a4cd2 <_free_r>
200a4762:	02042a23          	sw	zero,52(s0)
200a4766:	245e                	lhu	a5,12(s0)
200a4768:	00042223          	sw	zero,4(s0)
200a476c:	fdb7f793          	andi	a5,a5,-37
200a4770:	a45e                	sh	a5,12(s0)
200a4772:	481c                	lw	a5,16(s0)
200a4774:	c01c                	sw	a5,0(s0)
200a4776:	245e                	lhu	a5,12(s0)
200a4778:	0087e793          	ori	a5,a5,8
200a477c:	a45e                	sh	a5,12(s0)
200a477e:	481c                	lw	a5,16(s0)
200a4780:	eb99                	bnez	a5,200a4796 <__swsetup_r+0xb2>
200a4782:	245e                	lhu	a5,12(s0)
200a4784:	20000713          	li	a4,512
200a4788:	2807f793          	andi	a5,a5,640
200a478c:	00e78563          	beq	a5,a4,200a4796 <__swsetup_r+0xb2>
200a4790:	85a2                	mv	a1,s0
200a4792:	854a                	mv	a0,s2
200a4794:	216d                	jal	200a4c3e <__smakebuf_r>
200a4796:	00c41783          	lh	a5,12(s0)
200a479a:	0017f713          	andi	a4,a5,1
200a479e:	c31d                	beqz	a4,200a47c4 <__swsetup_r+0xe0>
200a47a0:	4858                	lw	a4,20(s0)
200a47a2:	00042423          	sw	zero,8(s0)
200a47a6:	40e00733          	neg	a4,a4
200a47aa:	cc18                	sw	a4,24(s0)
200a47ac:	4818                	lw	a4,16(s0)
200a47ae:	4501                	li	a0,0
200a47b0:	e701                	bnez	a4,200a47b8 <__swsetup_r+0xd4>
200a47b2:	0807f713          	andi	a4,a5,128
200a47b6:	f73d                	bnez	a4,200a4724 <__swsetup_r+0x40>
200a47b8:	40b2                	lw	ra,12(sp)
200a47ba:	4422                	lw	s0,8(sp)
200a47bc:	4492                	lw	s1,4(sp)
200a47be:	4902                	lw	s2,0(sp)
200a47c0:	0141                	addi	sp,sp,16
200a47c2:	8082                	ret
200a47c4:	0027f713          	andi	a4,a5,2
200a47c8:	4681                	li	a3,0
200a47ca:	e311                	bnez	a4,200a47ce <__swsetup_r+0xea>
200a47cc:	4854                	lw	a3,20(s0)
200a47ce:	c414                	sw	a3,8(s0)
200a47d0:	bff1                	j	200a47ac <__swsetup_r+0xc8>

200a47d2 <__sflush_r>:
200a47d2:	00c59783          	lh	a5,12(a1)
200a47d6:	1101                	addi	sp,sp,-32
200a47d8:	cc22                	sw	s0,24(sp)
200a47da:	ca26                	sw	s1,20(sp)
200a47dc:	ce06                	sw	ra,28(sp)
200a47de:	c84a                	sw	s2,16(sp)
200a47e0:	c64e                	sw	s3,12(sp)
200a47e2:	0087f713          	andi	a4,a5,8
200a47e6:	84aa                	mv	s1,a0
200a47e8:	842e                	mv	s0,a1
200a47ea:	e379                	bnez	a4,200a48b0 <__sflush_r+0xde>
200a47ec:	41d8                	lw	a4,4(a1)
200a47ee:	00e04563          	bgtz	a4,200a47f8 <__sflush_r+0x26>
200a47f2:	41b8                	lw	a4,64(a1)
200a47f4:	08e05663          	blez	a4,200a4880 <__sflush_r+0xae>
200a47f8:	5458                	lw	a4,44(s0)
200a47fa:	c359                	beqz	a4,200a4880 <__sflush_r+0xae>
200a47fc:	0004a903          	lw	s2,0(s1)
200a4800:	0004a023          	sw	zero,0(s1)
200a4804:	500c                	lw	a1,32(s0)
200a4806:	48c7d793          	bexti	a5,a5,0xc
200a480a:	cba9                	beqz	a5,200a485c <__sflush_r+0x8a>
200a480c:	4870                	lw	a2,84(s0)
200a480e:	245e                	lhu	a5,12(s0)
200a4810:	8b91                	andi	a5,a5,4
200a4812:	c799                	beqz	a5,200a4820 <__sflush_r+0x4e>
200a4814:	405c                	lw	a5,4(s0)
200a4816:	8e1d                	sub	a2,a2,a5
200a4818:	585c                	lw	a5,52(s0)
200a481a:	c399                	beqz	a5,200a4820 <__sflush_r+0x4e>
200a481c:	403c                	lw	a5,64(s0)
200a481e:	8e1d                	sub	a2,a2,a5
200a4820:	545c                	lw	a5,44(s0)
200a4822:	500c                	lw	a1,32(s0)
200a4824:	4681                	li	a3,0
200a4826:	8526                	mv	a0,s1
200a4828:	9782                	jalr	a5
200a482a:	57fd                	li	a5,-1
200a482c:	04f50c63          	beq	a0,a5,200a4884 <__sflush_r+0xb2>
200a4830:	481c                	lw	a5,16(s0)
200a4832:	6705                	lui	a4,0x1
200a4834:	00042223          	sw	zero,4(s0)
200a4838:	c01c                	sw	a5,0(s0)
200a483a:	245e                	lhu	a5,12(s0)
200a483c:	8ff9                	and	a5,a5,a4
200a483e:	c391                	beqz	a5,200a4842 <__sflush_r+0x70>
200a4840:	c868                	sw	a0,84(s0)
200a4842:	584c                	lw	a1,52(s0)
200a4844:	0124a023          	sw	s2,0(s1)
200a4848:	cd85                	beqz	a1,200a4880 <__sflush_r+0xae>
200a484a:	04440793          	addi	a5,s0,68
200a484e:	00f58463          	beq	a1,a5,200a4856 <__sflush_r+0x84>
200a4852:	8526                	mv	a0,s1
200a4854:	29bd                	jal	200a4cd2 <_free_r>
200a4856:	02042a23          	sw	zero,52(s0)
200a485a:	a01d                	j	200a4880 <__sflush_r+0xae>
200a485c:	4601                	li	a2,0
200a485e:	4685                	li	a3,1
200a4860:	8526                	mv	a0,s1
200a4862:	9702                	jalr	a4
200a4864:	57fd                	li	a5,-1
200a4866:	862a                	mv	a2,a0
200a4868:	faf513e3          	bne	a0,a5,200a480e <__sflush_r+0x3c>
200a486c:	409c                	lw	a5,0(s1)
200a486e:	d3c5                	beqz	a5,200a480e <__sflush_r+0x3c>
200a4870:	4775                	li	a4,29
200a4872:	00e78563          	beq	a5,a4,200a487c <__sflush_r+0xaa>
200a4876:	4759                	li	a4,22
200a4878:	06e79563          	bne	a5,a4,200a48e2 <__sflush_r+0x110>
200a487c:	0124a023          	sw	s2,0(s1)
200a4880:	4501                	li	a0,0
200a4882:	a0b5                	j	200a48ee <__sflush_r+0x11c>
200a4884:	4098                	lw	a4,0(s1)
200a4886:	00c41783          	lh	a5,12(s0)
200a488a:	cf01                	beqz	a4,200a48a2 <__sflush_r+0xd0>
200a488c:	46f5                	li	a3,29
200a488e:	00d70563          	beq	a4,a3,200a4898 <__sflush_r+0xc6>
200a4892:	46d9                	li	a3,22
200a4894:	04d71963          	bne	a4,a3,200a48e6 <__sflush_r+0x114>
200a4898:	481c                	lw	a5,16(s0)
200a489a:	00042223          	sw	zero,4(s0)
200a489e:	c01c                	sw	a5,0(s0)
200a48a0:	b74d                	j	200a4842 <__sflush_r+0x70>
200a48a2:	4818                	lw	a4,16(s0)
200a48a4:	00042223          	sw	zero,4(s0)
200a48a8:	48c7d793          	bexti	a5,a5,0xc
200a48ac:	c018                	sw	a4,0(s0)
200a48ae:	bf41                	j	200a483e <__sflush_r+0x6c>
200a48b0:	0105a983          	lw	s3,16(a1)
200a48b4:	fc0986e3          	beqz	s3,200a4880 <__sflush_r+0xae>
200a48b8:	0005a903          	lw	s2,0(a1)
200a48bc:	8b8d                	andi	a5,a5,3
200a48be:	0135a023          	sw	s3,0(a1)
200a48c2:	41390933          	sub	s2,s2,s3
200a48c6:	4701                	li	a4,0
200a48c8:	e391                	bnez	a5,200a48cc <__sflush_r+0xfa>
200a48ca:	49d8                	lw	a4,20(a1)
200a48cc:	c418                	sw	a4,8(s0)
200a48ce:	fb2059e3          	blez	s2,200a4880 <__sflush_r+0xae>
200a48d2:	541c                	lw	a5,40(s0)
200a48d4:	500c                	lw	a1,32(s0)
200a48d6:	86ca                	mv	a3,s2
200a48d8:	864e                	mv	a2,s3
200a48da:	8526                	mv	a0,s1
200a48dc:	9782                	jalr	a5
200a48de:	00a04f63          	bgtz	a0,200a48fc <__sflush_r+0x12a>
200a48e2:	00c41783          	lh	a5,12(s0)
200a48e6:	0407e793          	ori	a5,a5,64
200a48ea:	a45e                	sh	a5,12(s0)
200a48ec:	557d                	li	a0,-1
200a48ee:	40f2                	lw	ra,28(sp)
200a48f0:	4462                	lw	s0,24(sp)
200a48f2:	44d2                	lw	s1,20(sp)
200a48f4:	4942                	lw	s2,16(sp)
200a48f6:	49b2                	lw	s3,12(sp)
200a48f8:	6105                	addi	sp,sp,32
200a48fa:	8082                	ret
200a48fc:	99aa                	add	s3,s3,a0
200a48fe:	40a90933          	sub	s2,s2,a0
200a4902:	b7f1                	j	200a48ce <__sflush_r+0xfc>

200a4904 <_fflush_r>:
200a4904:	499c                	lw	a5,16(a1)
200a4906:	1141                	addi	sp,sp,-16
200a4908:	c606                	sw	ra,12(sp)
200a490a:	c422                	sw	s0,8(sp)
200a490c:	c226                	sw	s1,4(sp)
200a490e:	eb81                	bnez	a5,200a491e <_fflush_r+0x1a>
200a4910:	4481                	li	s1,0
200a4912:	40b2                	lw	ra,12(sp)
200a4914:	4422                	lw	s0,8(sp)
200a4916:	8526                	mv	a0,s1
200a4918:	4492                	lw	s1,4(sp)
200a491a:	0141                	addi	sp,sp,16
200a491c:	8082                	ret
200a491e:	84aa                	mv	s1,a0
200a4920:	842e                	mv	s0,a1
200a4922:	c501                	beqz	a0,200a492a <_fflush_r+0x26>
200a4924:	4d1c                	lw	a5,24(a0)
200a4926:	e391                	bnez	a5,200a492a <_fflush_r+0x26>
200a4928:	2a0d                	jal	200a4a5a <__sinit>
200a492a:	00001797          	auipc	a5,0x1
200a492e:	62278793          	addi	a5,a5,1570 # 200a5f4c <__sf_fake_stdin>
200a4932:	02f41d63          	bne	s0,a5,200a496c <_fflush_r+0x68>
200a4936:	40c0                	lw	s0,4(s1)
200a4938:	00c41783          	lh	a5,12(s0)
200a493c:	dbf1                	beqz	a5,200a4910 <_fflush_r+0xc>
200a493e:	5078                	lw	a4,100(s0)
200a4940:	8b05                	andi	a4,a4,1
200a4942:	e711                	bnez	a4,200a494e <_fflush_r+0x4a>
200a4944:	2007f793          	andi	a5,a5,512
200a4948:	e399                	bnez	a5,200a494e <_fflush_r+0x4a>
200a494a:	4c28                	lw	a0,88(s0)
200a494c:	2c59                	jal	200a4be2 <__retarget_lock_acquire_recursive>
200a494e:	8526                	mv	a0,s1
200a4950:	85a2                	mv	a1,s0
200a4952:	e81ff0ef          	jal	ra,200a47d2 <__sflush_r>
200a4956:	507c                	lw	a5,100(s0)
200a4958:	84aa                	mv	s1,a0
200a495a:	8b85                	andi	a5,a5,1
200a495c:	fbdd                	bnez	a5,200a4912 <_fflush_r+0xe>
200a495e:	245e                	lhu	a5,12(s0)
200a4960:	2007f793          	andi	a5,a5,512
200a4964:	f7dd                	bnez	a5,200a4912 <_fflush_r+0xe>
200a4966:	4c28                	lw	a0,88(s0)
200a4968:	2cb5                	jal	200a4be4 <__retarget_lock_release_recursive>
200a496a:	b765                	j	200a4912 <_fflush_r+0xe>
200a496c:	00001797          	auipc	a5,0x1
200a4970:	5c078793          	addi	a5,a5,1472 # 200a5f2c <__sf_fake_stdout>
200a4974:	00f41463          	bne	s0,a5,200a497c <_fflush_r+0x78>
200a4978:	4480                	lw	s0,8(s1)
200a497a:	bf7d                	j	200a4938 <_fflush_r+0x34>
200a497c:	00001797          	auipc	a5,0x1
200a4980:	59078793          	addi	a5,a5,1424 # 200a5f0c <__sf_fake_stderr>
200a4984:	faf41ae3          	bne	s0,a5,200a4938 <_fflush_r+0x34>
200a4988:	44c0                	lw	s0,12(s1)
200a498a:	b77d                	j	200a4938 <_fflush_r+0x34>

200a498c <std>:
200a498c:	1141                	addi	sp,sp,-16
200a498e:	c422                	sw	s0,8(sp)
200a4990:	c606                	sw	ra,12(sp)
200a4992:	842a                	mv	s0,a0
200a4994:	a54e                	sh	a1,12(a0)
200a4996:	a572                	sh	a2,14(a0)
200a4998:	00052023          	sw	zero,0(a0)
200a499c:	00052223          	sw	zero,4(a0)
200a49a0:	00052423          	sw	zero,8(a0)
200a49a4:	06052223          	sw	zero,100(a0)
200a49a8:	00052823          	sw	zero,16(a0)
200a49ac:	00052a23          	sw	zero,20(a0)
200a49b0:	00052c23          	sw	zero,24(a0)
200a49b4:	4621                	li	a2,8
200a49b6:	4581                	li	a1,0
200a49b8:	05c50513          	addi	a0,a0,92
200a49bc:	90ffb0ef          	jal	ra,200a02ca <memset>
200a49c0:	00001797          	auipc	a5,0x1
200a49c4:	85478793          	addi	a5,a5,-1964 # 200a5214 <__sread>
200a49c8:	d05c                	sw	a5,36(s0)
200a49ca:	00001797          	auipc	a5,0x1
200a49ce:	87478793          	addi	a5,a5,-1932 # 200a523e <__swrite>
200a49d2:	d41c                	sw	a5,40(s0)
200a49d4:	00001797          	auipc	a5,0x1
200a49d8:	8b078793          	addi	a5,a5,-1872 # 200a5284 <__sseek>
200a49dc:	d45c                	sw	a5,44(s0)
200a49de:	00001797          	auipc	a5,0x1
200a49e2:	8d478793          	addi	a5,a5,-1836 # 200a52b2 <__sclose>
200a49e6:	40b2                	lw	ra,12(sp)
200a49e8:	d000                	sw	s0,32(s0)
200a49ea:	d81c                	sw	a5,48(s0)
200a49ec:	4422                	lw	s0,8(sp)
200a49ee:	0141                	addi	sp,sp,16
200a49f0:	8082                	ret

200a49f2 <_cleanup_r>:
200a49f2:	00000597          	auipc	a1,0x0
200a49f6:	f1258593          	addi	a1,a1,-238 # 200a4904 <_fflush_r>
200a49fa:	aabd                	j	200a4b78 <_fwalk_reent>

200a49fc <__sfmoreglue>:
200a49fc:	1141                	addi	sp,sp,-16
200a49fe:	c226                	sw	s1,4(sp)
200a4a00:	06800793          	li	a5,104
200a4a04:	fff58493          	addi	s1,a1,-1
200a4a08:	02f484b3          	mul	s1,s1,a5
200a4a0c:	c04a                	sw	s2,0(sp)
200a4a0e:	892e                	mv	s2,a1
200a4a10:	c422                	sw	s0,8(sp)
200a4a12:	c606                	sw	ra,12(sp)
200a4a14:	07448593          	addi	a1,s1,116
200a4a18:	2675                	jal	200a4dc4 <_malloc_r>
200a4a1a:	842a                	mv	s0,a0
200a4a1c:	cd01                	beqz	a0,200a4a34 <__sfmoreglue+0x38>
200a4a1e:	00052023          	sw	zero,0(a0)
200a4a22:	01252223          	sw	s2,4(a0)
200a4a26:	0531                	addi	a0,a0,12
200a4a28:	c408                	sw	a0,8(s0)
200a4a2a:	06848613          	addi	a2,s1,104
200a4a2e:	4581                	li	a1,0
200a4a30:	89bfb0ef          	jal	ra,200a02ca <memset>
200a4a34:	40b2                	lw	ra,12(sp)
200a4a36:	8522                	mv	a0,s0
200a4a38:	4422                	lw	s0,8(sp)
200a4a3a:	4492                	lw	s1,4(sp)
200a4a3c:	4902                	lw	s2,0(sp)
200a4a3e:	0141                	addi	sp,sp,16
200a4a40:	8082                	ret

200a4a42 <__sfp_lock_acquire>:
200a4a42:	87018513          	addi	a0,gp,-1936 # 200c1080 <__lock___sfp_recursive_mutex>
200a4a46:	aa71                	j	200a4be2 <__retarget_lock_acquire_recursive>

200a4a48 <__sfp_lock_release>:
200a4a48:	87018513          	addi	a0,gp,-1936 # 200c1080 <__lock___sfp_recursive_mutex>
200a4a4c:	aa61                	j	200a4be4 <__retarget_lock_release_recursive>

200a4a4e <__sinit_lock_acquire>:
200a4a4e:	87418513          	addi	a0,gp,-1932 # 200c1084 <__lock___sinit_recursive_mutex>
200a4a52:	aa41                	j	200a4be2 <__retarget_lock_acquire_recursive>

200a4a54 <__sinit_lock_release>:
200a4a54:	87418513          	addi	a0,gp,-1932 # 200c1084 <__lock___sinit_recursive_mutex>
200a4a58:	a271                	j	200a4be4 <__retarget_lock_release_recursive>

200a4a5a <__sinit>:
200a4a5a:	1141                	addi	sp,sp,-16
200a4a5c:	c422                	sw	s0,8(sp)
200a4a5e:	c606                	sw	ra,12(sp)
200a4a60:	842a                	mv	s0,a0
200a4a62:	37f5                	jal	200a4a4e <__sinit_lock_acquire>
200a4a64:	4c1c                	lw	a5,24(s0)
200a4a66:	c789                	beqz	a5,200a4a70 <__sinit+0x16>
200a4a68:	4422                	lw	s0,8(sp)
200a4a6a:	40b2                	lw	ra,12(sp)
200a4a6c:	0141                	addi	sp,sp,16
200a4a6e:	b7dd                	j	200a4a54 <__sinit_lock_release>
200a4a70:	00000797          	auipc	a5,0x0
200a4a74:	f8278793          	addi	a5,a5,-126 # 200a49f2 <_cleanup_r>
200a4a78:	d41c                	sw	a5,40(s0)
200a4a7a:	04042423          	sw	zero,72(s0)
200a4a7e:	04042623          	sw	zero,76(s0)
200a4a82:	04042823          	sw	zero,80(s0)
200a4a86:	82c1a783          	lw	a5,-2004(gp) # 200c103c <_global_impure_ptr>
200a4a8a:	00879463          	bne	a5,s0,200a4a92 <__sinit+0x38>
200a4a8e:	4785                	li	a5,1
200a4a90:	cc1c                	sw	a5,24(s0)
200a4a92:	8522                	mv	a0,s0
200a4a94:	2815                	jal	200a4ac8 <__sfp>
200a4a96:	c048                	sw	a0,4(s0)
200a4a98:	8522                	mv	a0,s0
200a4a9a:	203d                	jal	200a4ac8 <__sfp>
200a4a9c:	c408                	sw	a0,8(s0)
200a4a9e:	8522                	mv	a0,s0
200a4aa0:	2025                	jal	200a4ac8 <__sfp>
200a4aa2:	c448                	sw	a0,12(s0)
200a4aa4:	4048                	lw	a0,4(s0)
200a4aa6:	4601                	li	a2,0
200a4aa8:	4591                	li	a1,4
200a4aaa:	ee3ff0ef          	jal	ra,200a498c <std>
200a4aae:	4408                	lw	a0,8(s0)
200a4ab0:	4605                	li	a2,1
200a4ab2:	45a5                	li	a1,9
200a4ab4:	ed9ff0ef          	jal	ra,200a498c <std>
200a4ab8:	4448                	lw	a0,12(s0)
200a4aba:	4609                	li	a2,2
200a4abc:	45c9                	li	a1,18
200a4abe:	ecfff0ef          	jal	ra,200a498c <std>
200a4ac2:	4785                	li	a5,1
200a4ac4:	cc1c                	sw	a5,24(s0)
200a4ac6:	b74d                	j	200a4a68 <__sinit+0xe>

200a4ac8 <__sfp>:
200a4ac8:	1141                	addi	sp,sp,-16
200a4aca:	c226                	sw	s1,4(sp)
200a4acc:	c04a                	sw	s2,0(sp)
200a4ace:	c606                	sw	ra,12(sp)
200a4ad0:	c422                	sw	s0,8(sp)
200a4ad2:	892a                	mv	s2,a0
200a4ad4:	f6fff0ef          	jal	ra,200a4a42 <__sfp_lock_acquire>
200a4ad8:	82c1a483          	lw	s1,-2004(gp) # 200c103c <_global_impure_ptr>
200a4adc:	4c9c                	lw	a5,24(s1)
200a4ade:	e781                	bnez	a5,200a4ae6 <__sfp+0x1e>
200a4ae0:	8526                	mv	a0,s1
200a4ae2:	f79ff0ef          	jal	ra,200a4a5a <__sinit>
200a4ae6:	04848493          	addi	s1,s1,72
200a4aea:	4480                	lw	s0,8(s1)
200a4aec:	40dc                	lw	a5,4(s1)
200a4aee:	17fd                	addi	a5,a5,-1
200a4af0:	0007d663          	bgez	a5,200a4afc <__sfp+0x34>
200a4af4:	409c                	lw	a5,0(s1)
200a4af6:	c7a5                	beqz	a5,200a4b5e <__sfp+0x96>
200a4af8:	4084                	lw	s1,0(s1)
200a4afa:	bfc5                	j	200a4aea <__sfp+0x22>
200a4afc:	00c41703          	lh	a4,12(s0)
200a4b00:	ef21                	bnez	a4,200a4b58 <__sfp+0x90>
200a4b02:	77c1                	lui	a5,0xffff0
200a4b04:	0785                	addi	a5,a5,1 # ffff0001 <USBSS_EP2_Tx_Th0_Buf+0xdfed0001>
200a4b06:	c45c                	sw	a5,12(s0)
200a4b08:	05840513          	addi	a0,s0,88
200a4b0c:	06042223          	sw	zero,100(s0)
200a4b10:	28c1                	jal	200a4be0 <__retarget_lock_init_recursive>
200a4b12:	f37ff0ef          	jal	ra,200a4a48 <__sfp_lock_release>
200a4b16:	4621                	li	a2,8
200a4b18:	00042023          	sw	zero,0(s0)
200a4b1c:	00042423          	sw	zero,8(s0)
200a4b20:	00042223          	sw	zero,4(s0)
200a4b24:	00042823          	sw	zero,16(s0)
200a4b28:	00042a23          	sw	zero,20(s0)
200a4b2c:	00042c23          	sw	zero,24(s0)
200a4b30:	4581                	li	a1,0
200a4b32:	05c40513          	addi	a0,s0,92
200a4b36:	f94fb0ef          	jal	ra,200a02ca <memset>
200a4b3a:	02042a23          	sw	zero,52(s0)
200a4b3e:	02042c23          	sw	zero,56(s0)
200a4b42:	04042423          	sw	zero,72(s0)
200a4b46:	04042623          	sw	zero,76(s0)
200a4b4a:	40b2                	lw	ra,12(sp)
200a4b4c:	8522                	mv	a0,s0
200a4b4e:	4422                	lw	s0,8(sp)
200a4b50:	4492                	lw	s1,4(sp)
200a4b52:	4902                	lw	s2,0(sp)
200a4b54:	0141                	addi	sp,sp,16
200a4b56:	8082                	ret
200a4b58:	06840413          	addi	s0,s0,104
200a4b5c:	bf49                	j	200a4aee <__sfp+0x26>
200a4b5e:	4591                	li	a1,4
200a4b60:	854a                	mv	a0,s2
200a4b62:	e9bff0ef          	jal	ra,200a49fc <__sfmoreglue>
200a4b66:	c088                	sw	a0,0(s1)
200a4b68:	842a                	mv	s0,a0
200a4b6a:	f559                	bnez	a0,200a4af8 <__sfp+0x30>
200a4b6c:	eddff0ef          	jal	ra,200a4a48 <__sfp_lock_release>
200a4b70:	47b1                	li	a5,12
200a4b72:	00f92023          	sw	a5,0(s2)
200a4b76:	bfd1                	j	200a4b4a <__sfp+0x82>

200a4b78 <_fwalk_reent>:
200a4b78:	7179                	addi	sp,sp,-48
200a4b7a:	d422                	sw	s0,40(sp)
200a4b7c:	d04a                	sw	s2,32(sp)
200a4b7e:	ce4e                	sw	s3,28(sp)
200a4b80:	cc52                	sw	s4,24(sp)
200a4b82:	c85a                	sw	s6,16(sp)
200a4b84:	c65e                	sw	s7,12(sp)
200a4b86:	d606                	sw	ra,44(sp)
200a4b88:	d226                	sw	s1,36(sp)
200a4b8a:	ca56                	sw	s5,20(sp)
200a4b8c:	892a                	mv	s2,a0
200a4b8e:	8a2e                	mv	s4,a1
200a4b90:	04850413          	addi	s0,a0,72
200a4b94:	4981                	li	s3,0
200a4b96:	4b05                	li	s6,1
200a4b98:	5bfd                	li	s7,-1
200a4b9a:	4404                	lw	s1,8(s0)
200a4b9c:	00442a83          	lw	s5,4(s0)
200a4ba0:	1afd                	addi	s5,s5,-1
200a4ba2:	020ad063          	bgez	s5,200a4bc2 <_fwalk_reent+0x4a>
200a4ba6:	4000                	lw	s0,0(s0)
200a4ba8:	f86d                	bnez	s0,200a4b9a <_fwalk_reent+0x22>
200a4baa:	50b2                	lw	ra,44(sp)
200a4bac:	5422                	lw	s0,40(sp)
200a4bae:	5492                	lw	s1,36(sp)
200a4bb0:	5902                	lw	s2,32(sp)
200a4bb2:	4a62                	lw	s4,24(sp)
200a4bb4:	4ad2                	lw	s5,20(sp)
200a4bb6:	4b42                	lw	s6,16(sp)
200a4bb8:	4bb2                	lw	s7,12(sp)
200a4bba:	854e                	mv	a0,s3
200a4bbc:	49f2                	lw	s3,28(sp)
200a4bbe:	6145                	addi	sp,sp,48
200a4bc0:	8082                	ret
200a4bc2:	24de                	lhu	a5,12(s1)
200a4bc4:	00fb7b63          	bgeu	s6,a5,200a4bda <_fwalk_reent+0x62>
200a4bc8:	00e49783          	lh	a5,14(s1)
200a4bcc:	01778763          	beq	a5,s7,200a4bda <_fwalk_reent+0x62>
200a4bd0:	85a6                	mv	a1,s1
200a4bd2:	854a                	mv	a0,s2
200a4bd4:	9a02                	jalr	s4
200a4bd6:	00a9e9b3          	or	s3,s3,a0
200a4bda:	06848493          	addi	s1,s1,104
200a4bde:	b7c9                	j	200a4ba0 <_fwalk_reent+0x28>

200a4be0 <__retarget_lock_init_recursive>:
200a4be0:	8082                	ret

200a4be2 <__retarget_lock_acquire_recursive>:
200a4be2:	8082                	ret

200a4be4 <__retarget_lock_release_recursive>:
200a4be4:	8082                	ret

200a4be6 <__swhatbuf_r>:
200a4be6:	7159                	addi	sp,sp,-112
200a4be8:	d4a2                	sw	s0,104(sp)
200a4bea:	842e                	mv	s0,a1
200a4bec:	00e59583          	lh	a1,14(a1)
200a4bf0:	d2a6                	sw	s1,100(sp)
200a4bf2:	d0ca                	sw	s2,96(sp)
200a4bf4:	d686                	sw	ra,108(sp)
200a4bf6:	84b2                	mv	s1,a2
200a4bf8:	8936                	mv	s2,a3
200a4bfa:	0205d263          	bgez	a1,200a4c1e <__swhatbuf_r+0x38>
200a4bfe:	245e                	lhu	a5,12(s0)
200a4c00:	0807f793          	andi	a5,a5,128
200a4c04:	eb8d                	bnez	a5,200a4c36 <__swhatbuf_r+0x50>
200a4c06:	40000713          	li	a4,1024
200a4c0a:	50b6                	lw	ra,108(sp)
200a4c0c:	5426                	lw	s0,104(sp)
200a4c0e:	00f92023          	sw	a5,0(s2)
200a4c12:	c098                	sw	a4,0(s1)
200a4c14:	5906                	lw	s2,96(sp)
200a4c16:	5496                	lw	s1,100(sp)
200a4c18:	4501                	li	a0,0
200a4c1a:	6165                	addi	sp,sp,112
200a4c1c:	8082                	ret
200a4c1e:	0030                	addi	a2,sp,8
200a4c20:	25ed                	jal	200a530a <_fstat_r>
200a4c22:	fc054ee3          	bltz	a0,200a4bfe <__swhatbuf_r+0x18>
200a4c26:	4732                	lw	a4,12(sp)
200a4c28:	67bd                	lui	a5,0xf
200a4c2a:	8ff9                	and	a5,a5,a4
200a4c2c:	7779                	lui	a4,0xffffe
200a4c2e:	97ba                	add	a5,a5,a4
200a4c30:	0017b793          	seqz	a5,a5
200a4c34:	bfc9                	j	200a4c06 <__swhatbuf_r+0x20>
200a4c36:	4781                	li	a5,0
200a4c38:	04000713          	li	a4,64
200a4c3c:	b7f9                	j	200a4c0a <__swhatbuf_r+0x24>

200a4c3e <__smakebuf_r>:
200a4c3e:	25de                	lhu	a5,12(a1)
200a4c40:	7179                	addi	sp,sp,-48
200a4c42:	d422                	sw	s0,40(sp)
200a4c44:	d606                	sw	ra,44(sp)
200a4c46:	d226                	sw	s1,36(sp)
200a4c48:	d04a                	sw	s2,32(sp)
200a4c4a:	ce4e                	sw	s3,28(sp)
200a4c4c:	8b89                	andi	a5,a5,2
200a4c4e:	842e                	mv	s0,a1
200a4c50:	cf91                	beqz	a5,200a4c6c <__smakebuf_r+0x2e>
200a4c52:	04740793          	addi	a5,s0,71
200a4c56:	c01c                	sw	a5,0(s0)
200a4c58:	c81c                	sw	a5,16(s0)
200a4c5a:	4785                	li	a5,1
200a4c5c:	c85c                	sw	a5,20(s0)
200a4c5e:	50b2                	lw	ra,44(sp)
200a4c60:	5422                	lw	s0,40(sp)
200a4c62:	5492                	lw	s1,36(sp)
200a4c64:	5902                	lw	s2,32(sp)
200a4c66:	49f2                	lw	s3,28(sp)
200a4c68:	6145                	addi	sp,sp,48
200a4c6a:	8082                	ret
200a4c6c:	0074                	addi	a3,sp,12
200a4c6e:	0030                	addi	a2,sp,8
200a4c70:	84aa                	mv	s1,a0
200a4c72:	f75ff0ef          	jal	ra,200a4be6 <__swhatbuf_r>
200a4c76:	49a2                	lw	s3,8(sp)
200a4c78:	892a                	mv	s2,a0
200a4c7a:	8526                	mv	a0,s1
200a4c7c:	85ce                	mv	a1,s3
200a4c7e:	2299                	jal	200a4dc4 <_malloc_r>
200a4c80:	e919                	bnez	a0,200a4c96 <__smakebuf_r+0x58>
200a4c82:	00c41783          	lh	a5,12(s0)
200a4c86:	2007f713          	andi	a4,a5,512
200a4c8a:	fb71                	bnez	a4,200a4c5e <__smakebuf_r+0x20>
200a4c8c:	9bf1                	andi	a5,a5,-4
200a4c8e:	0027e793          	ori	a5,a5,2
200a4c92:	a45e                	sh	a5,12(s0)
200a4c94:	bf7d                	j	200a4c52 <__smakebuf_r+0x14>
200a4c96:	00000797          	auipc	a5,0x0
200a4c9a:	d5c78793          	addi	a5,a5,-676 # 200a49f2 <_cleanup_r>
200a4c9e:	d49c                	sw	a5,40(s1)
200a4ca0:	245e                	lhu	a5,12(s0)
200a4ca2:	c008                	sw	a0,0(s0)
200a4ca4:	c808                	sw	a0,16(s0)
200a4ca6:	0807e793          	ori	a5,a5,128
200a4caa:	a45e                	sh	a5,12(s0)
200a4cac:	47b2                	lw	a5,12(sp)
200a4cae:	01342a23          	sw	s3,20(s0)
200a4cb2:	cb99                	beqz	a5,200a4cc8 <__smakebuf_r+0x8a>
200a4cb4:	00e41583          	lh	a1,14(s0)
200a4cb8:	8526                	mv	a0,s1
200a4cba:	2da5                	jal	200a5332 <_isatty_r>
200a4cbc:	c511                	beqz	a0,200a4cc8 <__smakebuf_r+0x8a>
200a4cbe:	245e                	lhu	a5,12(s0)
200a4cc0:	9bf1                	andi	a5,a5,-4
200a4cc2:	0017e793          	ori	a5,a5,1
200a4cc6:	a45e                	sh	a5,12(s0)
200a4cc8:	245e                	lhu	a5,12(s0)
200a4cca:	0127e533          	or	a0,a5,s2
200a4cce:	a44a                	sh	a0,12(s0)
200a4cd0:	b779                	j	200a4c5e <__smakebuf_r+0x20>

200a4cd2 <_free_r>:
200a4cd2:	cdd1                	beqz	a1,200a4d6e <_free_r+0x9c>
200a4cd4:	ffc5a783          	lw	a5,-4(a1)
200a4cd8:	1101                	addi	sp,sp,-32
200a4cda:	cc22                	sw	s0,24(sp)
200a4cdc:	ce06                	sw	ra,28(sp)
200a4cde:	ffc58413          	addi	s0,a1,-4
200a4ce2:	0007d363          	bgez	a5,200a4ce8 <_free_r+0x16>
200a4ce6:	943e                	add	s0,s0,a5
200a4ce8:	c62a                	sw	a0,12(sp)
200a4cea:	2d45                	jal	200a539a <__malloc_lock>
200a4cec:	87c18713          	addi	a4,gp,-1924 # 200c108c <__malloc_free_list>
200a4cf0:	431c                	lw	a5,0(a4)
200a4cf2:	4532                	lw	a0,12(sp)
200a4cf4:	eb81                	bnez	a5,200a4d04 <_free_r+0x32>
200a4cf6:	00042223          	sw	zero,4(s0)
200a4cfa:	c300                	sw	s0,0(a4)
200a4cfc:	4462                	lw	s0,24(sp)
200a4cfe:	40f2                	lw	ra,28(sp)
200a4d00:	6105                	addi	sp,sp,32
200a4d02:	a545                	j	200a53a2 <__malloc_unlock>
200a4d04:	00f47d63          	bgeu	s0,a5,200a4d1e <_free_r+0x4c>
200a4d08:	4010                	lw	a2,0(s0)
200a4d0a:	00c406b3          	add	a3,s0,a2
200a4d0e:	00d79663          	bne	a5,a3,200a4d1a <_free_r+0x48>
200a4d12:	4394                	lw	a3,0(a5)
200a4d14:	43dc                	lw	a5,4(a5)
200a4d16:	96b2                	add	a3,a3,a2
200a4d18:	c014                	sw	a3,0(s0)
200a4d1a:	c05c                	sw	a5,4(s0)
200a4d1c:	bff9                	j	200a4cfa <_free_r+0x28>
200a4d1e:	873e                	mv	a4,a5
200a4d20:	43dc                	lw	a5,4(a5)
200a4d22:	c399                	beqz	a5,200a4d28 <_free_r+0x56>
200a4d24:	fef47de3          	bgeu	s0,a5,200a4d1e <_free_r+0x4c>
200a4d28:	4314                	lw	a3,0(a4)
200a4d2a:	00d70633          	add	a2,a4,a3
200a4d2e:	00861f63          	bne	a2,s0,200a4d4c <_free_r+0x7a>
200a4d32:	4010                	lw	a2,0(s0)
200a4d34:	96b2                	add	a3,a3,a2
200a4d36:	c314                	sw	a3,0(a4)
200a4d38:	00d70633          	add	a2,a4,a3
200a4d3c:	fcc790e3          	bne	a5,a2,200a4cfc <_free_r+0x2a>
200a4d40:	4390                	lw	a2,0(a5)
200a4d42:	43dc                	lw	a5,4(a5)
200a4d44:	96b2                	add	a3,a3,a2
200a4d46:	c314                	sw	a3,0(a4)
200a4d48:	c35c                	sw	a5,4(a4)
200a4d4a:	bf4d                	j	200a4cfc <_free_r+0x2a>
200a4d4c:	00c47563          	bgeu	s0,a2,200a4d56 <_free_r+0x84>
200a4d50:	47b1                	li	a5,12
200a4d52:	c11c                	sw	a5,0(a0)
200a4d54:	b765                	j	200a4cfc <_free_r+0x2a>
200a4d56:	4010                	lw	a2,0(s0)
200a4d58:	00c406b3          	add	a3,s0,a2
200a4d5c:	00d79663          	bne	a5,a3,200a4d68 <_free_r+0x96>
200a4d60:	4394                	lw	a3,0(a5)
200a4d62:	43dc                	lw	a5,4(a5)
200a4d64:	96b2                	add	a3,a3,a2
200a4d66:	c014                	sw	a3,0(s0)
200a4d68:	c05c                	sw	a5,4(s0)
200a4d6a:	c340                	sw	s0,4(a4)
200a4d6c:	bf41                	j	200a4cfc <_free_r+0x2a>
200a4d6e:	8082                	ret

200a4d70 <sbrk_aligned>:
200a4d70:	1141                	addi	sp,sp,-16
200a4d72:	c04a                	sw	s2,0(sp)
200a4d74:	87818913          	addi	s2,gp,-1928 # 200c1088 <__malloc_sbrk_start>
200a4d78:	00092783          	lw	a5,0(s2)
200a4d7c:	c422                	sw	s0,8(sp)
200a4d7e:	c226                	sw	s1,4(sp)
200a4d80:	c606                	sw	ra,12(sp)
200a4d82:	84aa                	mv	s1,a0
200a4d84:	842e                	mv	s0,a1
200a4d86:	e789                	bnez	a5,200a4d90 <sbrk_aligned+0x20>
200a4d88:	4581                	li	a1,0
200a4d8a:	218d                	jal	200a51ec <_sbrk_r>
200a4d8c:	00a92023          	sw	a0,0(s2)
200a4d90:	85a2                	mv	a1,s0
200a4d92:	8526                	mv	a0,s1
200a4d94:	29a1                	jal	200a51ec <_sbrk_r>
200a4d96:	597d                	li	s2,-1
200a4d98:	01251a63          	bne	a0,s2,200a4dac <sbrk_aligned+0x3c>
200a4d9c:	547d                	li	s0,-1
200a4d9e:	40b2                	lw	ra,12(sp)
200a4da0:	8522                	mv	a0,s0
200a4da2:	4422                	lw	s0,8(sp)
200a4da4:	4492                	lw	s1,4(sp)
200a4da6:	4902                	lw	s2,0(sp)
200a4da8:	0141                	addi	sp,sp,16
200a4daa:	8082                	ret
200a4dac:	00350413          	addi	s0,a0,3
200a4db0:	9871                	andi	s0,s0,-4
200a4db2:	fe8506e3          	beq	a0,s0,200a4d9e <sbrk_aligned+0x2e>
200a4db6:	40a405b3          	sub	a1,s0,a0
200a4dba:	8526                	mv	a0,s1
200a4dbc:	2905                	jal	200a51ec <_sbrk_r>
200a4dbe:	ff2510e3          	bne	a0,s2,200a4d9e <sbrk_aligned+0x2e>
200a4dc2:	bfe9                	j	200a4d9c <sbrk_aligned+0x2c>

200a4dc4 <_malloc_r>:
200a4dc4:	1101                	addi	sp,sp,-32
200a4dc6:	ca26                	sw	s1,20(sp)
200a4dc8:	00358493          	addi	s1,a1,3
200a4dcc:	98f1                	andi	s1,s1,-4
200a4dce:	c84a                	sw	s2,16(sp)
200a4dd0:	04a1                	addi	s1,s1,8
200a4dd2:	47b1                	li	a5,12
200a4dd4:	ce06                	sw	ra,28(sp)
200a4dd6:	cc22                	sw	s0,24(sp)
200a4dd8:	c64e                	sw	s3,12(sp)
200a4dda:	892a                	mv	s2,a0
200a4ddc:	0af4f4b3          	maxu	s1,s1,a5
200a4de0:	0004c463          	bltz	s1,200a4de8 <_malloc_r+0x24>
200a4de4:	00b4fd63          	bgeu	s1,a1,200a4dfe <_malloc_r+0x3a>
200a4de8:	47b1                	li	a5,12
200a4dea:	00f92023          	sw	a5,0(s2)
200a4dee:	4501                	li	a0,0
200a4df0:	40f2                	lw	ra,28(sp)
200a4df2:	4462                	lw	s0,24(sp)
200a4df4:	44d2                	lw	s1,20(sp)
200a4df6:	4942                	lw	s2,16(sp)
200a4df8:	49b2                	lw	s3,12(sp)
200a4dfa:	6105                	addi	sp,sp,32
200a4dfc:	8082                	ret
200a4dfe:	2b71                	jal	200a539a <__malloc_lock>
200a4e00:	87c18993          	addi	s3,gp,-1924 # 200c108c <__malloc_free_list>
200a4e04:	0009a783          	lw	a5,0(s3)
200a4e08:	843e                	mv	s0,a5
200a4e0a:	e821                	bnez	s0,200a4e5a <_malloc_r+0x96>
200a4e0c:	85a6                	mv	a1,s1
200a4e0e:	854a                	mv	a0,s2
200a4e10:	f61ff0ef          	jal	ra,200a4d70 <sbrk_aligned>
200a4e14:	57fd                	li	a5,-1
200a4e16:	842a                	mv	s0,a0
200a4e18:	0af51763          	bne	a0,a5,200a4ec6 <_malloc_r+0x102>
200a4e1c:	0009a403          	lw	s0,0(s3)
200a4e20:	87a2                	mv	a5,s0
200a4e22:	ebc9                	bnez	a5,200a4eb4 <_malloc_r+0xf0>
200a4e24:	00042983          	lw	s3,0(s0)
200a4e28:	4581                	li	a1,0
200a4e2a:	854a                	mv	a0,s2
200a4e2c:	99a2                	add	s3,s3,s0
200a4e2e:	2e7d                	jal	200a51ec <_sbrk_r>
200a4e30:	08a99563          	bne	s3,a0,200a4eba <_malloc_r+0xf6>
200a4e34:	401c                	lw	a5,0(s0)
200a4e36:	048d                	addi	s1,s1,3
200a4e38:	854a                	mv	a0,s2
200a4e3a:	8c9d                	sub	s1,s1,a5
200a4e3c:	98f1                	andi	s1,s1,-4
200a4e3e:	47b1                	li	a5,12
200a4e40:	04a1                	addi	s1,s1,8
200a4e42:	0af4f4b3          	maxu	s1,s1,a5
200a4e46:	85a6                	mv	a1,s1
200a4e48:	f29ff0ef          	jal	ra,200a4d70 <sbrk_aligned>
200a4e4c:	57fd                	li	a5,-1
200a4e4e:	06f50663          	beq	a0,a5,200a4eba <_malloc_r+0xf6>
200a4e52:	401c                	lw	a5,0(s0)
200a4e54:	97a6                	add	a5,a5,s1
200a4e56:	c01c                	sw	a5,0(s0)
200a4e58:	a015                	j	200a4e7c <_malloc_r+0xb8>
200a4e5a:	4014                	lw	a3,0(s0)
200a4e5c:	8e85                	sub	a3,a3,s1
200a4e5e:	0406c863          	bltz	a3,200a4eae <_malloc_r+0xea>
200a4e62:	472d                	li	a4,11
200a4e64:	02d77d63          	bgeu	a4,a3,200a4e9e <_malloc_r+0xda>
200a4e68:	c004                	sw	s1,0(s0)
200a4e6a:	00940733          	add	a4,s0,s1
200a4e6e:	02879663          	bne	a5,s0,200a4e9a <_malloc_r+0xd6>
200a4e72:	00e9a023          	sw	a4,0(s3)
200a4e76:	405c                	lw	a5,4(s0)
200a4e78:	c314                	sw	a3,0(a4)
200a4e7a:	c35c                	sw	a5,4(a4)
200a4e7c:	854a                	mv	a0,s2
200a4e7e:	2315                	jal	200a53a2 <__malloc_unlock>
200a4e80:	00b40513          	addi	a0,s0,11
200a4e84:	00440793          	addi	a5,s0,4
200a4e88:	9961                	andi	a0,a0,-8
200a4e8a:	40f50733          	sub	a4,a0,a5
200a4e8e:	f6f501e3          	beq	a0,a5,200a4df0 <_malloc_r+0x2c>
200a4e92:	943a                	add	s0,s0,a4
200a4e94:	8f89                	sub	a5,a5,a0
200a4e96:	c01c                	sw	a5,0(s0)
200a4e98:	bfa1                	j	200a4df0 <_malloc_r+0x2c>
200a4e9a:	c3d8                	sw	a4,4(a5)
200a4e9c:	bfe9                	j	200a4e76 <_malloc_r+0xb2>
200a4e9e:	4058                	lw	a4,4(s0)
200a4ea0:	00879563          	bne	a5,s0,200a4eaa <_malloc_r+0xe6>
200a4ea4:	00e9a023          	sw	a4,0(s3)
200a4ea8:	bfd1                	j	200a4e7c <_malloc_r+0xb8>
200a4eaa:	c3d8                	sw	a4,4(a5)
200a4eac:	bfc1                	j	200a4e7c <_malloc_r+0xb8>
200a4eae:	87a2                	mv	a5,s0
200a4eb0:	4040                	lw	s0,4(s0)
200a4eb2:	bfa1                	j	200a4e0a <_malloc_r+0x46>
200a4eb4:	843e                	mv	s0,a5
200a4eb6:	43dc                	lw	a5,4(a5)
200a4eb8:	b7ad                	j	200a4e22 <_malloc_r+0x5e>
200a4eba:	47b1                	li	a5,12
200a4ebc:	00f92023          	sw	a5,0(s2)
200a4ec0:	854a                	mv	a0,s2
200a4ec2:	21c5                	jal	200a53a2 <__malloc_unlock>
200a4ec4:	b72d                	j	200a4dee <_malloc_r+0x2a>
200a4ec6:	c104                	sw	s1,0(a0)
200a4ec8:	bf55                	j	200a4e7c <_malloc_r+0xb8>

200a4eca <__sfputc_r>:
200a4eca:	461c                	lw	a5,8(a2)
200a4ecc:	17fd                	addi	a5,a5,-1
200a4ece:	c61c                	sw	a5,8(a2)
200a4ed0:	0007da63          	bgez	a5,200a4ee4 <__sfputc_r+0x1a>
200a4ed4:	4e18                	lw	a4,24(a2)
200a4ed6:	00e7c563          	blt	a5,a4,200a4ee0 <__sfputc_r+0x16>
200a4eda:	47a9                	li	a5,10
200a4edc:	00f59463          	bne	a1,a5,200a4ee4 <__sfputc_r+0x1a>
200a4ee0:	f48ff06f          	j	200a4628 <__swbuf_r>
200a4ee4:	421c                	lw	a5,0(a2)
200a4ee6:	852e                	mv	a0,a1
200a4ee8:	00178713          	addi	a4,a5,1
200a4eec:	c218                	sw	a4,0(a2)
200a4eee:	a38c                	sb	a1,0(a5)
200a4ef0:	8082                	ret

200a4ef2 <__sfputs_r>:
200a4ef2:	1101                	addi	sp,sp,-32
200a4ef4:	cc22                	sw	s0,24(sp)
200a4ef6:	ca26                	sw	s1,20(sp)
200a4ef8:	c84a                	sw	s2,16(sp)
200a4efa:	c64e                	sw	s3,12(sp)
200a4efc:	c452                	sw	s4,8(sp)
200a4efe:	ce06                	sw	ra,28(sp)
200a4f00:	892a                	mv	s2,a0
200a4f02:	89ae                	mv	s3,a1
200a4f04:	8432                	mv	s0,a2
200a4f06:	00d604b3          	add	s1,a2,a3
200a4f0a:	5a7d                	li	s4,-1
200a4f0c:	00941463          	bne	s0,s1,200a4f14 <__sfputs_r+0x22>
200a4f10:	4501                	li	a0,0
200a4f12:	a809                	j	200a4f24 <__sfputs_r+0x32>
200a4f14:	200c                	lbu	a1,0(s0)
200a4f16:	864e                	mv	a2,s3
200a4f18:	854a                	mv	a0,s2
200a4f1a:	fb1ff0ef          	jal	ra,200a4eca <__sfputc_r>
200a4f1e:	0405                	addi	s0,s0,1
200a4f20:	ff4516e3          	bne	a0,s4,200a4f0c <__sfputs_r+0x1a>
200a4f24:	40f2                	lw	ra,28(sp)
200a4f26:	4462                	lw	s0,24(sp)
200a4f28:	44d2                	lw	s1,20(sp)
200a4f2a:	4942                	lw	s2,16(sp)
200a4f2c:	49b2                	lw	s3,12(sp)
200a4f2e:	4a22                	lw	s4,8(sp)
200a4f30:	6105                	addi	sp,sp,32
200a4f32:	8082                	ret

200a4f34 <_vfiprintf_r>:
200a4f34:	7135                	addi	sp,sp,-160
200a4f36:	cd22                	sw	s0,152(sp)
200a4f38:	cb26                	sw	s1,148(sp)
200a4f3a:	c94a                	sw	s2,144(sp)
200a4f3c:	c74e                	sw	s3,140(sp)
200a4f3e:	cf06                	sw	ra,156(sp)
200a4f40:	c552                	sw	s4,136(sp)
200a4f42:	c356                	sw	s5,132(sp)
200a4f44:	c15a                	sw	s6,128(sp)
200a4f46:	dede                	sw	s7,124(sp)
200a4f48:	dce2                	sw	s8,120(sp)
200a4f4a:	89aa                	mv	s3,a0
200a4f4c:	842e                	mv	s0,a1
200a4f4e:	8932                	mv	s2,a2
200a4f50:	84b6                	mv	s1,a3
200a4f52:	c509                	beqz	a0,200a4f5c <_vfiprintf_r+0x28>
200a4f54:	4d1c                	lw	a5,24(a0)
200a4f56:	e399                	bnez	a5,200a4f5c <_vfiprintf_r+0x28>
200a4f58:	b03ff0ef          	jal	ra,200a4a5a <__sinit>
200a4f5c:	00001797          	auipc	a5,0x1
200a4f60:	ff078793          	addi	a5,a5,-16 # 200a5f4c <__sf_fake_stdin>
200a4f64:	04f41863          	bne	s0,a5,200a4fb4 <_vfiprintf_r+0x80>
200a4f68:	0049a403          	lw	s0,4(s3)
200a4f6c:	507c                	lw	a5,100(s0)
200a4f6e:	8b85                	andi	a5,a5,1
200a4f70:	eb81                	bnez	a5,200a4f80 <_vfiprintf_r+0x4c>
200a4f72:	245e                	lhu	a5,12(s0)
200a4f74:	2007f793          	andi	a5,a5,512
200a4f78:	e781                	bnez	a5,200a4f80 <_vfiprintf_r+0x4c>
200a4f7a:	4c28                	lw	a0,88(s0)
200a4f7c:	c67ff0ef          	jal	ra,200a4be2 <__retarget_lock_acquire_recursive>
200a4f80:	245e                	lhu	a5,12(s0)
200a4f82:	8ba1                	andi	a5,a5,8
200a4f84:	c399                	beqz	a5,200a4f8a <_vfiprintf_r+0x56>
200a4f86:	481c                	lw	a5,16(s0)
200a4f88:	e3a5                	bnez	a5,200a4fe8 <_vfiprintf_r+0xb4>
200a4f8a:	85a2                	mv	a1,s0
200a4f8c:	854e                	mv	a0,s3
200a4f8e:	f56ff0ef          	jal	ra,200a46e4 <__swsetup_r>
200a4f92:	c939                	beqz	a0,200a4fe8 <_vfiprintf_r+0xb4>
200a4f94:	507c                	lw	a5,100(s0)
200a4f96:	8b85                	andi	a5,a5,1
200a4f98:	c3a1                	beqz	a5,200a4fd8 <_vfiprintf_r+0xa4>
200a4f9a:	557d                	li	a0,-1
200a4f9c:	40fa                	lw	ra,156(sp)
200a4f9e:	446a                	lw	s0,152(sp)
200a4fa0:	44da                	lw	s1,148(sp)
200a4fa2:	494a                	lw	s2,144(sp)
200a4fa4:	49ba                	lw	s3,140(sp)
200a4fa6:	4a2a                	lw	s4,136(sp)
200a4fa8:	4a9a                	lw	s5,132(sp)
200a4faa:	4b0a                	lw	s6,128(sp)
200a4fac:	5bf6                	lw	s7,124(sp)
200a4fae:	5c66                	lw	s8,120(sp)
200a4fb0:	610d                	addi	sp,sp,160
200a4fb2:	8082                	ret
200a4fb4:	00001797          	auipc	a5,0x1
200a4fb8:	f7878793          	addi	a5,a5,-136 # 200a5f2c <__sf_fake_stdout>
200a4fbc:	00f41563          	bne	s0,a5,200a4fc6 <_vfiprintf_r+0x92>
200a4fc0:	0089a403          	lw	s0,8(s3)
200a4fc4:	b765                	j	200a4f6c <_vfiprintf_r+0x38>
200a4fc6:	00001797          	auipc	a5,0x1
200a4fca:	f4678793          	addi	a5,a5,-186 # 200a5f0c <__sf_fake_stderr>
200a4fce:	f8f41fe3          	bne	s0,a5,200a4f6c <_vfiprintf_r+0x38>
200a4fd2:	00c9a403          	lw	s0,12(s3)
200a4fd6:	bf59                	j	200a4f6c <_vfiprintf_r+0x38>
200a4fd8:	245e                	lhu	a5,12(s0)
200a4fda:	2007f793          	andi	a5,a5,512
200a4fde:	ffd5                	bnez	a5,200a4f9a <_vfiprintf_r+0x66>
200a4fe0:	4c28                	lw	a0,88(s0)
200a4fe2:	c03ff0ef          	jal	ra,200a4be4 <__retarget_lock_release_recursive>
200a4fe6:	bf55                	j	200a4f9a <_vfiprintf_r+0x66>
200a4fe8:	02000793          	li	a5,32
200a4fec:	02f104a3          	sb	a5,41(sp)
200a4ff0:	03000793          	li	a5,48
200a4ff4:	d202                	sw	zero,36(sp)
200a4ff6:	02f10523          	sb	a5,42(sp)
200a4ffa:	c626                	sw	s1,12(sp)
200a4ffc:	02500b93          	li	s7,37
200a5000:	00001a97          	auipc	s5,0x1
200a5004:	f6ca8a93          	addi	s5,s5,-148 # 200a5f6c <__sf_fake_stdin+0x20>
200a5008:	4b29                	li	s6,10
200a500a:	84ca                	mv	s1,s2
200a500c:	209c                	lbu	a5,0(s1)
200a500e:	c399                	beqz	a5,200a5014 <_vfiprintf_r+0xe0>
200a5010:	09779a63          	bne	a5,s7,200a50a4 <_vfiprintf_r+0x170>
200a5014:	41248c33          	sub	s8,s1,s2
200a5018:	01248e63          	beq	s1,s2,200a5034 <_vfiprintf_r+0x100>
200a501c:	86e2                	mv	a3,s8
200a501e:	864a                	mv	a2,s2
200a5020:	85a2                	mv	a1,s0
200a5022:	854e                	mv	a0,s3
200a5024:	ecfff0ef          	jal	ra,200a4ef2 <__sfputs_r>
200a5028:	57fd                	li	a5,-1
200a502a:	18f50663          	beq	a0,a5,200a51b6 <_vfiprintf_r+0x282>
200a502e:	5792                	lw	a5,36(sp)
200a5030:	97e2                	add	a5,a5,s8
200a5032:	d23e                	sw	a5,36(sp)
200a5034:	209c                	lbu	a5,0(s1)
200a5036:	18078063          	beqz	a5,200a51b6 <_vfiprintf_r+0x282>
200a503a:	57fd                	li	a5,-1
200a503c:	00148913          	addi	s2,s1,1
200a5040:	c802                	sw	zero,16(sp)
200a5042:	ce02                	sw	zero,28(sp)
200a5044:	ca3e                	sw	a5,20(sp)
200a5046:	cc02                	sw	zero,24(sp)
200a5048:	040109a3          	sb	zero,83(sp)
200a504c:	d482                	sw	zero,104(sp)
200a504e:	00094583          	lbu	a1,0(s2)
200a5052:	4615                	li	a2,5
200a5054:	8556                	mv	a0,s5
200a5056:	2635                	jal	200a5382 <memchr>
200a5058:	47c2                	lw	a5,16(sp)
200a505a:	00190493          	addi	s1,s2,1
200a505e:	e529                	bnez	a0,200a50a8 <_vfiprintf_r+0x174>
200a5060:	0107f713          	andi	a4,a5,16
200a5064:	c709                	beqz	a4,200a506e <_vfiprintf_r+0x13a>
200a5066:	02000713          	li	a4,32
200a506a:	04e109a3          	sb	a4,83(sp)
200a506e:	0087f713          	andi	a4,a5,8
200a5072:	c709                	beqz	a4,200a507c <_vfiprintf_r+0x148>
200a5074:	02b00713          	li	a4,43
200a5078:	04e109a3          	sb	a4,83(sp)
200a507c:	00094683          	lbu	a3,0(s2)
200a5080:	02a00713          	li	a4,42
200a5084:	02e68963          	beq	a3,a4,200a50b6 <_vfiprintf_r+0x182>
200a5088:	47f2                	lw	a5,28(sp)
200a508a:	84ca                	mv	s1,s2
200a508c:	4681                	li	a3,0
200a508e:	4625                	li	a2,9
200a5090:	2098                	lbu	a4,0(s1)
200a5092:	00148593          	addi	a1,s1,1
200a5096:	fd070713          	addi	a4,a4,-48 # ffffdfd0 <USBSS_EP2_Tx_Th0_Buf+0xdfeddfd0>
200a509a:	06e67263          	bgeu	a2,a4,200a50fe <_vfiprintf_r+0x1ca>
200a509e:	c685                	beqz	a3,200a50c6 <_vfiprintf_r+0x192>
200a50a0:	ce3e                	sw	a5,28(sp)
200a50a2:	a015                	j	200a50c6 <_vfiprintf_r+0x192>
200a50a4:	0485                	addi	s1,s1,1
200a50a6:	b79d                	j	200a500c <_vfiprintf_r+0xd8>
200a50a8:	41550533          	sub	a0,a0,s5
200a50ac:	28a797b3          	bset	a5,a5,a0
200a50b0:	8926                	mv	s2,s1
200a50b2:	c83e                	sw	a5,16(sp)
200a50b4:	bf69                	j	200a504e <_vfiprintf_r+0x11a>
200a50b6:	4732                	lw	a4,12(sp)
200a50b8:	00470693          	addi	a3,a4,4
200a50bc:	4318                	lw	a4,0(a4)
200a50be:	c636                	sw	a3,12(sp)
200a50c0:	02074863          	bltz	a4,200a50f0 <_vfiprintf_r+0x1bc>
200a50c4:	ce3a                	sw	a4,28(sp)
200a50c6:	2098                	lbu	a4,0(s1)
200a50c8:	02e00793          	li	a5,46
200a50cc:	04f71c63          	bne	a4,a5,200a5124 <_vfiprintf_r+0x1f0>
200a50d0:	3098                	lbu	a4,1(s1)
200a50d2:	02a00793          	li	a5,42
200a50d6:	02f71a63          	bne	a4,a5,200a510a <_vfiprintf_r+0x1d6>
200a50da:	47b2                	lw	a5,12(sp)
200a50dc:	0489                	addi	s1,s1,2
200a50de:	00478713          	addi	a4,a5,4
200a50e2:	439c                	lw	a5,0(a5)
200a50e4:	c63a                	sw	a4,12(sp)
200a50e6:	577d                	li	a4,-1
200a50e8:	0ae7e7b3          	max	a5,a5,a4
200a50ec:	ca3e                	sw	a5,20(sp)
200a50ee:	a81d                	j	200a5124 <_vfiprintf_r+0x1f0>
200a50f0:	40e00733          	neg	a4,a4
200a50f4:	0027e793          	ori	a5,a5,2
200a50f8:	ce3a                	sw	a4,28(sp)
200a50fa:	c83e                	sw	a5,16(sp)
200a50fc:	b7e9                	j	200a50c6 <_vfiprintf_r+0x192>
200a50fe:	036787b3          	mul	a5,a5,s6
200a5102:	84ae                	mv	s1,a1
200a5104:	4685                	li	a3,1
200a5106:	97ba                	add	a5,a5,a4
200a5108:	b761                	j	200a5090 <_vfiprintf_r+0x15c>
200a510a:	0485                	addi	s1,s1,1
200a510c:	ca02                	sw	zero,20(sp)
200a510e:	4681                	li	a3,0
200a5110:	4781                	li	a5,0
200a5112:	4625                	li	a2,9
200a5114:	2098                	lbu	a4,0(s1)
200a5116:	00148593          	addi	a1,s1,1
200a511a:	fd070713          	addi	a4,a4,-48
200a511e:	06e67263          	bgeu	a2,a4,200a5182 <_vfiprintf_r+0x24e>
200a5122:	f6e9                	bnez	a3,200a50ec <_vfiprintf_r+0x1b8>
200a5124:	208c                	lbu	a1,0(s1)
200a5126:	460d                	li	a2,3
200a5128:	00001517          	auipc	a0,0x1
200a512c:	e4c50513          	addi	a0,a0,-436 # 200a5f74 <__sf_fake_stdin+0x28>
200a5130:	2c89                	jal	200a5382 <memchr>
200a5132:	cd11                	beqz	a0,200a514e <_vfiprintf_r+0x21a>
200a5134:	00001797          	auipc	a5,0x1
200a5138:	e4078793          	addi	a5,a5,-448 # 200a5f74 <__sf_fake_stdin+0x28>
200a513c:	8d1d                	sub	a0,a0,a5
200a513e:	47c2                	lw	a5,16(sp)
200a5140:	04000713          	li	a4,64
200a5144:	00a71733          	sll	a4,a4,a0
200a5148:	8fd9                	or	a5,a5,a4
200a514a:	0485                	addi	s1,s1,1
200a514c:	c83e                	sw	a5,16(sp)
200a514e:	208c                	lbu	a1,0(s1)
200a5150:	4619                	li	a2,6
200a5152:	00001517          	auipc	a0,0x1
200a5156:	e2650513          	addi	a0,a0,-474 # 200a5f78 <__sf_fake_stdin+0x2c>
200a515a:	00148913          	addi	s2,s1,1
200a515e:	02b10423          	sb	a1,40(sp)
200a5162:	2405                	jal	200a5382 <memchr>
200a5164:	c935                	beqz	a0,200a51d8 <_vfiprintf_r+0x2a4>
200a5166:	00000793          	li	a5,0
200a516a:	e795                	bnez	a5,200a5196 <_vfiprintf_r+0x262>
200a516c:	4742                	lw	a4,16(sp)
200a516e:	47b2                	lw	a5,12(sp)
200a5170:	10077713          	andi	a4,a4,256
200a5174:	cf09                	beqz	a4,200a518e <_vfiprintf_r+0x25a>
200a5176:	0791                	addi	a5,a5,4
200a5178:	c63e                	sw	a5,12(sp)
200a517a:	5792                	lw	a5,36(sp)
200a517c:	97d2                	add	a5,a5,s4
200a517e:	d23e                	sw	a5,36(sp)
200a5180:	b569                	j	200a500a <_vfiprintf_r+0xd6>
200a5182:	036787b3          	mul	a5,a5,s6
200a5186:	84ae                	mv	s1,a1
200a5188:	4685                	li	a3,1
200a518a:	97ba                	add	a5,a5,a4
200a518c:	b761                	j	200a5114 <_vfiprintf_r+0x1e0>
200a518e:	079d                	addi	a5,a5,7
200a5190:	9be1                	andi	a5,a5,-8
200a5192:	07a1                	addi	a5,a5,8
200a5194:	b7d5                	j	200a5178 <_vfiprintf_r+0x244>
200a5196:	0078                	addi	a4,sp,12
200a5198:	00000697          	auipc	a3,0x0
200a519c:	d5a68693          	addi	a3,a3,-678 # 200a4ef2 <__sfputs_r>
200a51a0:	8622                	mv	a2,s0
200a51a2:	080c                	addi	a1,sp,16
200a51a4:	854e                	mv	a0,s3
200a51a6:	00000097          	auipc	ra,0x0
200a51aa:	000000e7          	jalr	zero # 0 <__stack_size-0x800>
200a51ae:	57fd                	li	a5,-1
200a51b0:	8a2a                	mv	s4,a0
200a51b2:	fcf514e3          	bne	a0,a5,200a517a <_vfiprintf_r+0x246>
200a51b6:	507c                	lw	a5,100(s0)
200a51b8:	8b85                	andi	a5,a5,1
200a51ba:	eb81                	bnez	a5,200a51ca <_vfiprintf_r+0x296>
200a51bc:	245e                	lhu	a5,12(s0)
200a51be:	2007f793          	andi	a5,a5,512
200a51c2:	e781                	bnez	a5,200a51ca <_vfiprintf_r+0x296>
200a51c4:	4c28                	lw	a0,88(s0)
200a51c6:	a1fff0ef          	jal	ra,200a4be4 <__retarget_lock_release_recursive>
200a51ca:	245e                	lhu	a5,12(s0)
200a51cc:	0407f793          	andi	a5,a5,64
200a51d0:	dc0795e3          	bnez	a5,200a4f9a <_vfiprintf_r+0x66>
200a51d4:	5512                	lw	a0,36(sp)
200a51d6:	b3d9                	j	200a4f9c <_vfiprintf_r+0x68>
200a51d8:	0078                	addi	a4,sp,12
200a51da:	00000697          	auipc	a3,0x0
200a51de:	d1868693          	addi	a3,a3,-744 # 200a4ef2 <__sfputs_r>
200a51e2:	8622                	mv	a2,s0
200a51e4:	080c                	addi	a1,sp,16
200a51e6:	854e                	mv	a0,s3
200a51e8:	24f1                	jal	200a54b4 <_printf_i>
200a51ea:	b7d1                	j	200a51ae <_vfiprintf_r+0x27a>

200a51ec <_sbrk_r>:
200a51ec:	1141                	addi	sp,sp,-16
200a51ee:	c422                	sw	s0,8(sp)
200a51f0:	842a                	mv	s0,a0
200a51f2:	852e                	mv	a0,a1
200a51f4:	8801a023          	sw	zero,-1920(gp) # 200c1090 <errno>
200a51f8:	c606                	sw	ra,12(sp)
200a51fa:	db5fb0ef          	jal	ra,200a0fae <_sbrk>
200a51fe:	57fd                	li	a5,-1
200a5200:	00f51663          	bne	a0,a5,200a520c <_sbrk_r+0x20>
200a5204:	8801a783          	lw	a5,-1920(gp) # 200c1090 <errno>
200a5208:	c391                	beqz	a5,200a520c <_sbrk_r+0x20>
200a520a:	c01c                	sw	a5,0(s0)
200a520c:	40b2                	lw	ra,12(sp)
200a520e:	4422                	lw	s0,8(sp)
200a5210:	0141                	addi	sp,sp,16
200a5212:	8082                	ret

200a5214 <__sread>:
200a5214:	1141                	addi	sp,sp,-16
200a5216:	c422                	sw	s0,8(sp)
200a5218:	842e                	mv	s0,a1
200a521a:	00e59583          	lh	a1,14(a1)
200a521e:	c606                	sw	ra,12(sp)
200a5220:	2b01                	jal	200a5730 <_read_r>
200a5222:	00054963          	bltz	a0,200a5234 <__sread+0x20>
200a5226:	487c                	lw	a5,84(s0)
200a5228:	97aa                	add	a5,a5,a0
200a522a:	c87c                	sw	a5,84(s0)
200a522c:	40b2                	lw	ra,12(sp)
200a522e:	4422                	lw	s0,8(sp)
200a5230:	0141                	addi	sp,sp,16
200a5232:	8082                	ret
200a5234:	245e                	lhu	a5,12(s0)
200a5236:	48c79793          	bclri	a5,a5,0xc
200a523a:	a45e                	sh	a5,12(s0)
200a523c:	bfc5                	j	200a522c <__sread+0x18>

200a523e <__swrite>:
200a523e:	25de                	lhu	a5,12(a1)
200a5240:	1101                	addi	sp,sp,-32
200a5242:	cc22                	sw	s0,24(sp)
200a5244:	ca26                	sw	s1,20(sp)
200a5246:	c84a                	sw	s2,16(sp)
200a5248:	c64e                	sw	s3,12(sp)
200a524a:	ce06                	sw	ra,28(sp)
200a524c:	1007f793          	andi	a5,a5,256
200a5250:	84aa                	mv	s1,a0
200a5252:	842e                	mv	s0,a1
200a5254:	8932                	mv	s2,a2
200a5256:	89b6                	mv	s3,a3
200a5258:	c791                	beqz	a5,200a5264 <__swrite+0x26>
200a525a:	00e59583          	lh	a1,14(a1)
200a525e:	4689                	li	a3,2
200a5260:	4601                	li	a2,0
200a5262:	28dd                	jal	200a5358 <_lseek_r>
200a5264:	245e                	lhu	a5,12(s0)
200a5266:	00e41583          	lh	a1,14(s0)
200a526a:	40f2                	lw	ra,28(sp)
200a526c:	48c79793          	bclri	a5,a5,0xc
200a5270:	a45e                	sh	a5,12(s0)
200a5272:	4462                	lw	s0,24(sp)
200a5274:	86ce                	mv	a3,s3
200a5276:	864a                	mv	a2,s2
200a5278:	49b2                	lw	s3,12(sp)
200a527a:	4942                	lw	s2,16(sp)
200a527c:	8526                	mv	a0,s1
200a527e:	44d2                	lw	s1,20(sp)
200a5280:	6105                	addi	sp,sp,32
200a5282:	a81d                	j	200a52b8 <_write_r>

200a5284 <__sseek>:
200a5284:	1141                	addi	sp,sp,-16
200a5286:	c422                	sw	s0,8(sp)
200a5288:	842e                	mv	s0,a1
200a528a:	00e59583          	lh	a1,14(a1)
200a528e:	c606                	sw	ra,12(sp)
200a5290:	20e1                	jal	200a5358 <_lseek_r>
200a5292:	577d                	li	a4,-1
200a5294:	245e                	lhu	a5,12(s0)
200a5296:	00e51963          	bne	a0,a4,200a52a8 <__sseek+0x24>
200a529a:	48c79793          	bclri	a5,a5,0xc
200a529e:	a45e                	sh	a5,12(s0)
200a52a0:	40b2                	lw	ra,12(sp)
200a52a2:	4422                	lw	s0,8(sp)
200a52a4:	0141                	addi	sp,sp,16
200a52a6:	8082                	ret
200a52a8:	28c79793          	bseti	a5,a5,0xc
200a52ac:	c868                	sw	a0,84(s0)
200a52ae:	a45e                	sh	a5,12(s0)
200a52b0:	bfc5                	j	200a52a0 <__sseek+0x1c>

200a52b2 <__sclose>:
200a52b2:	00e59583          	lh	a1,14(a1)
200a52b6:	a03d                	j	200a52e4 <_close_r>

200a52b8 <_write_r>:
200a52b8:	1141                	addi	sp,sp,-16
200a52ba:	c422                	sw	s0,8(sp)
200a52bc:	842a                	mv	s0,a0
200a52be:	852e                	mv	a0,a1
200a52c0:	85b2                	mv	a1,a2
200a52c2:	8636                	mv	a2,a3
200a52c4:	8801a023          	sw	zero,-1920(gp) # 200c1090 <errno>
200a52c8:	c606                	sw	ra,12(sp)
200a52ca:	cabfb0ef          	jal	ra,200a0f74 <_write>
200a52ce:	57fd                	li	a5,-1
200a52d0:	00f51663          	bne	a0,a5,200a52dc <_write_r+0x24>
200a52d4:	8801a783          	lw	a5,-1920(gp) # 200c1090 <errno>
200a52d8:	c391                	beqz	a5,200a52dc <_write_r+0x24>
200a52da:	c01c                	sw	a5,0(s0)
200a52dc:	40b2                	lw	ra,12(sp)
200a52de:	4422                	lw	s0,8(sp)
200a52e0:	0141                	addi	sp,sp,16
200a52e2:	8082                	ret

200a52e4 <_close_r>:
200a52e4:	1141                	addi	sp,sp,-16
200a52e6:	c422                	sw	s0,8(sp)
200a52e8:	842a                	mv	s0,a0
200a52ea:	852e                	mv	a0,a1
200a52ec:	8801a023          	sw	zero,-1920(gp) # 200c1090 <errno>
200a52f0:	c606                	sw	ra,12(sp)
200a52f2:	21a5                	jal	200a575a <_close>
200a52f4:	57fd                	li	a5,-1
200a52f6:	00f51663          	bne	a0,a5,200a5302 <_close_r+0x1e>
200a52fa:	8801a783          	lw	a5,-1920(gp) # 200c1090 <errno>
200a52fe:	c391                	beqz	a5,200a5302 <_close_r+0x1e>
200a5300:	c01c                	sw	a5,0(s0)
200a5302:	40b2                	lw	ra,12(sp)
200a5304:	4422                	lw	s0,8(sp)
200a5306:	0141                	addi	sp,sp,16
200a5308:	8082                	ret

200a530a <_fstat_r>:
200a530a:	1141                	addi	sp,sp,-16
200a530c:	c422                	sw	s0,8(sp)
200a530e:	842a                	mv	s0,a0
200a5310:	852e                	mv	a0,a1
200a5312:	85b2                	mv	a1,a2
200a5314:	8801a023          	sw	zero,-1920(gp) # 200c1090 <errno>
200a5318:	c606                	sw	ra,12(sp)
200a531a:	21b1                	jal	200a5766 <_fstat>
200a531c:	57fd                	li	a5,-1
200a531e:	00f51663          	bne	a0,a5,200a532a <_fstat_r+0x20>
200a5322:	8801a783          	lw	a5,-1920(gp) # 200c1090 <errno>
200a5326:	c391                	beqz	a5,200a532a <_fstat_r+0x20>
200a5328:	c01c                	sw	a5,0(s0)
200a532a:	40b2                	lw	ra,12(sp)
200a532c:	4422                	lw	s0,8(sp)
200a532e:	0141                	addi	sp,sp,16
200a5330:	8082                	ret

200a5332 <_isatty_r>:
200a5332:	1141                	addi	sp,sp,-16
200a5334:	c422                	sw	s0,8(sp)
200a5336:	842a                	mv	s0,a0
200a5338:	852e                	mv	a0,a1
200a533a:	8801a023          	sw	zero,-1920(gp) # 200c1090 <errno>
200a533e:	c606                	sw	ra,12(sp)
200a5340:	290d                	jal	200a5772 <_isatty>
200a5342:	57fd                	li	a5,-1
200a5344:	00f51663          	bne	a0,a5,200a5350 <_isatty_r+0x1e>
200a5348:	8801a783          	lw	a5,-1920(gp) # 200c1090 <errno>
200a534c:	c391                	beqz	a5,200a5350 <_isatty_r+0x1e>
200a534e:	c01c                	sw	a5,0(s0)
200a5350:	40b2                	lw	ra,12(sp)
200a5352:	4422                	lw	s0,8(sp)
200a5354:	0141                	addi	sp,sp,16
200a5356:	8082                	ret

200a5358 <_lseek_r>:
200a5358:	1141                	addi	sp,sp,-16
200a535a:	c422                	sw	s0,8(sp)
200a535c:	842a                	mv	s0,a0
200a535e:	852e                	mv	a0,a1
200a5360:	85b2                	mv	a1,a2
200a5362:	8636                	mv	a2,a3
200a5364:	8801a023          	sw	zero,-1920(gp) # 200c1090 <errno>
200a5368:	c606                	sw	ra,12(sp)
200a536a:	2911                	jal	200a577e <_lseek>
200a536c:	57fd                	li	a5,-1
200a536e:	00f51663          	bne	a0,a5,200a537a <_lseek_r+0x22>
200a5372:	8801a783          	lw	a5,-1920(gp) # 200c1090 <errno>
200a5376:	c391                	beqz	a5,200a537a <_lseek_r+0x22>
200a5378:	c01c                	sw	a5,0(s0)
200a537a:	40b2                	lw	ra,12(sp)
200a537c:	4422                	lw	s0,8(sp)
200a537e:	0141                	addi	sp,sp,16
200a5380:	8082                	ret

200a5382 <memchr>:
200a5382:	0ff5f593          	zext.b	a1,a1
200a5386:	962a                	add	a2,a2,a0
200a5388:	00c51463          	bne	a0,a2,200a5390 <memchr+0xe>
200a538c:	4501                	li	a0,0
200a538e:	8082                	ret
200a5390:	211c                	lbu	a5,0(a0)
200a5392:	feb78ee3          	beq	a5,a1,200a538e <memchr+0xc>
200a5396:	0505                	addi	a0,a0,1
200a5398:	bfc5                	j	200a5388 <memchr+0x6>

200a539a <__malloc_lock>:
200a539a:	86c18513          	addi	a0,gp,-1940 # 200c107c <__lock___malloc_recursive_mutex>
200a539e:	845ff06f          	j	200a4be2 <__retarget_lock_acquire_recursive>

200a53a2 <__malloc_unlock>:
200a53a2:	86c18513          	addi	a0,gp,-1940 # 200c107c <__lock___malloc_recursive_mutex>
200a53a6:	83fff06f          	j	200a4be4 <__retarget_lock_release_recursive>

200a53aa <_printf_common>:
200a53aa:	7179                	addi	sp,sp,-48
200a53ac:	ca56                	sw	s5,20(sp)
200a53ae:	499c                	lw	a5,16(a1)
200a53b0:	8aba                	mv	s5,a4
200a53b2:	4598                	lw	a4,8(a1)
200a53b4:	d422                	sw	s0,40(sp)
200a53b6:	d04a                	sw	s2,32(sp)
200a53b8:	ce4e                	sw	s3,28(sp)
200a53ba:	cc52                	sw	s4,24(sp)
200a53bc:	d606                	sw	ra,44(sp)
200a53be:	d226                	sw	s1,36(sp)
200a53c0:	c85a                	sw	s6,16(sp)
200a53c2:	c65e                	sw	s7,12(sp)
200a53c4:	0ae7e7b3          	max	a5,a5,a4
200a53c8:	c21c                	sw	a5,0(a2)
200a53ca:	0435c703          	lbu	a4,67(a1)
200a53ce:	89aa                	mv	s3,a0
200a53d0:	842e                	mv	s0,a1
200a53d2:	8932                	mv	s2,a2
200a53d4:	8a36                	mv	s4,a3
200a53d6:	c319                	beqz	a4,200a53dc <_printf_common+0x32>
200a53d8:	0785                	addi	a5,a5,1
200a53da:	c21c                	sw	a5,0(a2)
200a53dc:	401c                	lw	a5,0(s0)
200a53de:	0207f793          	andi	a5,a5,32
200a53e2:	c791                	beqz	a5,200a53ee <_printf_common+0x44>
200a53e4:	00092783          	lw	a5,0(s2)
200a53e8:	0789                	addi	a5,a5,2
200a53ea:	00f92023          	sw	a5,0(s2)
200a53ee:	4004                	lw	s1,0(s0)
200a53f0:	8899                	andi	s1,s1,6
200a53f2:	e891                	bnez	s1,200a5406 <_printf_common+0x5c>
200a53f4:	01940b13          	addi	s6,s0,25
200a53f8:	5bfd                	li	s7,-1
200a53fa:	445c                	lw	a5,12(s0)
200a53fc:	00092703          	lw	a4,0(s2)
200a5400:	8f99                	sub	a5,a5,a4
200a5402:	04f4cc63          	blt	s1,a5,200a545a <_printf_common+0xb0>
200a5406:	04344783          	lbu	a5,67(s0)
200a540a:	00f036b3          	snez	a3,a5
200a540e:	401c                	lw	a5,0(s0)
200a5410:	0207f793          	andi	a5,a5,32
200a5414:	eba5                	bnez	a5,200a5484 <_printf_common+0xda>
200a5416:	04340613          	addi	a2,s0,67
200a541a:	85d2                	mv	a1,s4
200a541c:	854e                	mv	a0,s3
200a541e:	9a82                	jalr	s5
200a5420:	57fd                	li	a5,-1
200a5422:	04f50363          	beq	a0,a5,200a5468 <_printf_common+0xbe>
200a5426:	401c                	lw	a5,0(s0)
200a5428:	4711                	li	a4,4
200a542a:	4481                	li	s1,0
200a542c:	8b99                	andi	a5,a5,6
200a542e:	00e79963          	bne	a5,a4,200a5440 <_printf_common+0x96>
200a5432:	00092783          	lw	a5,0(s2)
200a5436:	4444                	lw	s1,12(s0)
200a5438:	8c9d                	sub	s1,s1,a5
200a543a:	4781                	li	a5,0
200a543c:	0af4e4b3          	max	s1,s1,a5
200a5440:	441c                	lw	a5,8(s0)
200a5442:	4818                	lw	a4,16(s0)
200a5444:	00f75463          	bge	a4,a5,200a544c <_printf_common+0xa2>
200a5448:	8f99                	sub	a5,a5,a4
200a544a:	94be                	add	s1,s1,a5
200a544c:	4901                	li	s2,0
200a544e:	0469                	addi	s0,s0,26
200a5450:	5b7d                	li	s6,-1
200a5452:	05249863          	bne	s1,s2,200a54a2 <_printf_common+0xf8>
200a5456:	4501                	li	a0,0
200a5458:	a809                	j	200a546a <_printf_common+0xc0>
200a545a:	4685                	li	a3,1
200a545c:	865a                	mv	a2,s6
200a545e:	85d2                	mv	a1,s4
200a5460:	854e                	mv	a0,s3
200a5462:	9a82                	jalr	s5
200a5464:	01751e63          	bne	a0,s7,200a5480 <_printf_common+0xd6>
200a5468:	557d                	li	a0,-1
200a546a:	50b2                	lw	ra,44(sp)
200a546c:	5422                	lw	s0,40(sp)
200a546e:	5492                	lw	s1,36(sp)
200a5470:	5902                	lw	s2,32(sp)
200a5472:	49f2                	lw	s3,28(sp)
200a5474:	4a62                	lw	s4,24(sp)
200a5476:	4ad2                	lw	s5,20(sp)
200a5478:	4b42                	lw	s6,16(sp)
200a547a:	4bb2                	lw	s7,12(sp)
200a547c:	6145                	addi	sp,sp,48
200a547e:	8082                	ret
200a5480:	0485                	addi	s1,s1,1
200a5482:	bfa5                	j	200a53fa <_printf_common+0x50>
200a5484:	00d40733          	add	a4,s0,a3
200a5488:	03000613          	li	a2,48
200a548c:	04c701a3          	sb	a2,67(a4)
200a5490:	04544703          	lbu	a4,69(s0)
200a5494:	00168793          	addi	a5,a3,1
200a5498:	97a2                	add	a5,a5,s0
200a549a:	0689                	addi	a3,a3,2
200a549c:	04e781a3          	sb	a4,67(a5)
200a54a0:	bf9d                	j	200a5416 <_printf_common+0x6c>
200a54a2:	4685                	li	a3,1
200a54a4:	8622                	mv	a2,s0
200a54a6:	85d2                	mv	a1,s4
200a54a8:	854e                	mv	a0,s3
200a54aa:	9a82                	jalr	s5
200a54ac:	fb650ee3          	beq	a0,s6,200a5468 <_printf_common+0xbe>
200a54b0:	0905                	addi	s2,s2,1
200a54b2:	b745                	j	200a5452 <_printf_common+0xa8>

200a54b4 <_printf_i>:
200a54b4:	7179                	addi	sp,sp,-48
200a54b6:	d422                	sw	s0,40(sp)
200a54b8:	d04a                	sw	s2,32(sp)
200a54ba:	ce4e                	sw	s3,28(sp)
200a54bc:	cc52                	sw	s4,24(sp)
200a54be:	d606                	sw	ra,44(sp)
200a54c0:	d226                	sw	s1,36(sp)
200a54c2:	ca56                	sw	s5,20(sp)
200a54c4:	c85a                	sw	s6,16(sp)
200a54c6:	0185c803          	lbu	a6,24(a1)
200a54ca:	07800793          	li	a5,120
200a54ce:	892a                	mv	s2,a0
200a54d0:	842e                	mv	s0,a1
200a54d2:	89b2                	mv	s3,a2
200a54d4:	8a36                	mv	s4,a3
200a54d6:	0307e263          	bltu	a5,a6,200a54fa <_printf_i+0x46>
200a54da:	06200793          	li	a5,98
200a54de:	04358693          	addi	a3,a1,67
200a54e2:	0307e163          	bltu	a5,a6,200a5504 <_printf_i+0x50>
200a54e6:	1c080c63          	beqz	a6,200a56be <_printf_i+0x20a>
200a54ea:	05800793          	li	a5,88
200a54ee:	00001617          	auipc	a2,0x1
200a54f2:	a9260613          	addi	a2,a2,-1390 # 200a5f80 <__sf_fake_stdin+0x34>
200a54f6:	14f80863          	beq	a6,a5,200a5646 <_printf_i+0x192>
200a54fa:	04240493          	addi	s1,s0,66
200a54fe:	05040123          	sb	a6,66(s0)
200a5502:	a815                	j	200a5536 <_printf_i+0x82>
200a5504:	f9d80793          	addi	a5,a6,-99
200a5508:	0ff7f793          	zext.b	a5,a5
200a550c:	4655                	li	a2,21
200a550e:	fef666e3          	bltu	a2,a5,200a54fa <_printf_i+0x46>
200a5512:	00001617          	auipc	a2,0x1
200a5516:	a9660613          	addi	a2,a2,-1386 # 200a5fa8 <__sf_fake_stdin+0x5c>
200a551a:	20c7c7b3          	sh2add	a5,a5,a2
200a551e:	439c                	lw	a5,0(a5)
200a5520:	97b2                	add	a5,a5,a2
200a5522:	8782                	jr	a5
200a5524:	431c                	lw	a5,0(a4)
200a5526:	04258493          	addi	s1,a1,66
200a552a:	00478693          	addi	a3,a5,4
200a552e:	439c                	lw	a5,0(a5)
200a5530:	c314                	sw	a3,0(a4)
200a5532:	04f58123          	sb	a5,66(a1)
200a5536:	4785                	li	a5,1
200a5538:	a275                	j	200a56e4 <_printf_i+0x230>
200a553a:	4190                	lw	a2,0(a1)
200a553c:	431c                	lw	a5,0(a4)
200a553e:	08067513          	andi	a0,a2,128
200a5542:	00478593          	addi	a1,a5,4
200a5546:	c129                	beqz	a0,200a5588 <_printf_i+0xd4>
200a5548:	439c                	lw	a5,0(a5)
200a554a:	c30c                	sw	a1,0(a4)
200a554c:	4058                	lw	a4,4(s0)
200a554e:	1207df63          	bgez	a5,200a568c <_printf_i+0x1d8>
200a5552:	02d00593          	li	a1,45
200a5556:	04b401a3          	sb	a1,67(s0)
200a555a:	c418                	sw	a4,8(s0)
200a555c:	02075e63          	bgez	a4,200a5598 <_printf_i+0xe4>
200a5560:	40f007b3          	neg	a5,a5
200a5564:	00001617          	auipc	a2,0x1
200a5568:	a1c60613          	addi	a2,a2,-1508 # 200a5f80 <__sf_fake_stdin+0x34>
200a556c:	4829                	li	a6,10
200a556e:	84b6                	mv	s1,a3
200a5570:	0307f733          	remu	a4,a5,a6
200a5574:	14fd                	addi	s1,s1,-1
200a5576:	9732                	add	a4,a4,a2
200a5578:	2318                	lbu	a4,0(a4)
200a557a:	a098                	sb	a4,0(s1)
200a557c:	873e                	mv	a4,a5
200a557e:	0307d7b3          	divu	a5,a5,a6
200a5582:	ff0777e3          	bgeu	a4,a6,200a5570 <_printf_i+0xbc>
200a5586:	a085                	j	200a55e6 <_printf_i+0x132>
200a5588:	439c                	lw	a5,0(a5)
200a558a:	04067513          	andi	a0,a2,64
200a558e:	c30c                	sw	a1,0(a4)
200a5590:	dd55                	beqz	a0,200a554c <_printf_i+0x98>
200a5592:	60579793          	sext.h	a5,a5
200a5596:	bf5d                	j	200a554c <_printf_i+0x98>
200a5598:	9a6d                	andi	a2,a2,-5
200a559a:	c010                	sw	a2,0(s0)
200a559c:	b7d1                	j	200a5560 <_printf_i+0xac>
200a559e:	4190                	lw	a2,0(a1)
200a55a0:	431c                	lw	a5,0(a4)
200a55a2:	08067513          	andi	a0,a2,128
200a55a6:	00478593          	addi	a1,a5,4
200a55aa:	c501                	beqz	a0,200a55b2 <_printf_i+0xfe>
200a55ac:	c30c                	sw	a1,0(a4)
200a55ae:	439c                	lw	a5,0(a5)
200a55b0:	a031                	j	200a55bc <_printf_i+0x108>
200a55b2:	04067613          	andi	a2,a2,64
200a55b6:	c30c                	sw	a1,0(a4)
200a55b8:	da7d                	beqz	a2,200a55ae <_printf_i+0xfa>
200a55ba:	239e                	lhu	a5,0(a5)
200a55bc:	06f00713          	li	a4,111
200a55c0:	00001617          	auipc	a2,0x1
200a55c4:	9c060613          	addi	a2,a2,-1600 # 200a5f80 <__sf_fake_stdin+0x34>
200a55c8:	0ce81063          	bne	a6,a4,200a5688 <_printf_i+0x1d4>
200a55cc:	4821                	li	a6,8
200a55ce:	040401a3          	sb	zero,67(s0)
200a55d2:	4058                	lw	a4,4(s0)
200a55d4:	c418                	sw	a4,8(s0)
200a55d6:	f8074ce3          	bltz	a4,200a556e <_printf_i+0xba>
200a55da:	400c                	lw	a1,0(s0)
200a55dc:	99ed                	andi	a1,a1,-5
200a55de:	c00c                	sw	a1,0(s0)
200a55e0:	f7d9                	bnez	a5,200a556e <_printf_i+0xba>
200a55e2:	84b6                	mv	s1,a3
200a55e4:	f749                	bnez	a4,200a556e <_printf_i+0xba>
200a55e6:	47a1                	li	a5,8
200a55e8:	00f81e63          	bne	a6,a5,200a5604 <_printf_i+0x150>
200a55ec:	401c                	lw	a5,0(s0)
200a55ee:	8b85                	andi	a5,a5,1
200a55f0:	cb91                	beqz	a5,200a5604 <_printf_i+0x150>
200a55f2:	4058                	lw	a4,4(s0)
200a55f4:	481c                	lw	a5,16(s0)
200a55f6:	00e7c763          	blt	a5,a4,200a5604 <_printf_i+0x150>
200a55fa:	03000793          	li	a5,48
200a55fe:	fef48fa3          	sb	a5,-1(s1)
200a5602:	14fd                	addi	s1,s1,-1
200a5604:	8e85                	sub	a3,a3,s1
200a5606:	c814                	sw	a3,16(s0)
200a5608:	8752                	mv	a4,s4
200a560a:	86ce                	mv	a3,s3
200a560c:	0070                	addi	a2,sp,12
200a560e:	85a2                	mv	a1,s0
200a5610:	854a                	mv	a0,s2
200a5612:	d99ff0ef          	jal	ra,200a53aa <_printf_common>
200a5616:	5afd                	li	s5,-1
200a5618:	0d551a63          	bne	a0,s5,200a56ec <_printf_i+0x238>
200a561c:	557d                	li	a0,-1
200a561e:	50b2                	lw	ra,44(sp)
200a5620:	5422                	lw	s0,40(sp)
200a5622:	5492                	lw	s1,36(sp)
200a5624:	5902                	lw	s2,32(sp)
200a5626:	49f2                	lw	s3,28(sp)
200a5628:	4a62                	lw	s4,24(sp)
200a562a:	4ad2                	lw	s5,20(sp)
200a562c:	4b42                	lw	s6,16(sp)
200a562e:	6145                	addi	sp,sp,48
200a5630:	8082                	ret
200a5632:	419c                	lw	a5,0(a1)
200a5634:	0207e793          	ori	a5,a5,32
200a5638:	c19c                	sw	a5,0(a1)
200a563a:	07800813          	li	a6,120
200a563e:	00001617          	auipc	a2,0x1
200a5642:	95660613          	addi	a2,a2,-1706 # 200a5f94 <__sf_fake_stdin+0x48>
200a5646:	050402a3          	sb	a6,69(s0)
200a564a:	400c                	lw	a1,0(s0)
200a564c:	431c                	lw	a5,0(a4)
200a564e:	0805f813          	andi	a6,a1,128
200a5652:	00478513          	addi	a0,a5,4
200a5656:	00080563          	beqz	a6,200a5660 <_printf_i+0x1ac>
200a565a:	c308                	sw	a0,0(a4)
200a565c:	439c                	lw	a5,0(a5)
200a565e:	a039                	j	200a566c <_printf_i+0x1b8>
200a5660:	0405f813          	andi	a6,a1,64
200a5664:	c308                	sw	a0,0(a4)
200a5666:	fe080be3          	beqz	a6,200a565c <_printf_i+0x1a8>
200a566a:	239e                	lhu	a5,0(a5)
200a566c:	0015f713          	andi	a4,a1,1
200a5670:	c701                	beqz	a4,200a5678 <_printf_i+0x1c4>
200a5672:	0205e593          	ori	a1,a1,32
200a5676:	c00c                	sw	a1,0(s0)
200a5678:	c399                	beqz	a5,200a567e <_printf_i+0x1ca>
200a567a:	4841                	li	a6,16
200a567c:	bf89                	j	200a55ce <_printf_i+0x11a>
200a567e:	4018                	lw	a4,0(s0)
200a5680:	fdf77713          	andi	a4,a4,-33
200a5684:	c018                	sw	a4,0(s0)
200a5686:	bfd5                	j	200a567a <_printf_i+0x1c6>
200a5688:	4829                	li	a6,10
200a568a:	b791                	j	200a55ce <_printf_i+0x11a>
200a568c:	00001617          	auipc	a2,0x1
200a5690:	8f460613          	addi	a2,a2,-1804 # 200a5f80 <__sf_fake_stdin+0x34>
200a5694:	4829                	li	a6,10
200a5696:	bf35                	j	200a55d2 <_printf_i+0x11e>
200a5698:	4190                	lw	a2,0(a1)
200a569a:	431c                	lw	a5,0(a4)
200a569c:	49cc                	lw	a1,20(a1)
200a569e:	08067813          	andi	a6,a2,128
200a56a2:	00478513          	addi	a0,a5,4
200a56a6:	00080663          	beqz	a6,200a56b2 <_printf_i+0x1fe>
200a56aa:	c308                	sw	a0,0(a4)
200a56ac:	439c                	lw	a5,0(a5)
200a56ae:	c38c                	sw	a1,0(a5)
200a56b0:	a039                	j	200a56be <_printf_i+0x20a>
200a56b2:	c308                	sw	a0,0(a4)
200a56b4:	04067613          	andi	a2,a2,64
200a56b8:	439c                	lw	a5,0(a5)
200a56ba:	da75                	beqz	a2,200a56ae <_printf_i+0x1fa>
200a56bc:	a38e                	sh	a1,0(a5)
200a56be:	00042823          	sw	zero,16(s0)
200a56c2:	84b6                	mv	s1,a3
200a56c4:	b791                	j	200a5608 <_printf_i+0x154>
200a56c6:	431c                	lw	a5,0(a4)
200a56c8:	41d0                	lw	a2,4(a1)
200a56ca:	4581                	li	a1,0
200a56cc:	00478693          	addi	a3,a5,4
200a56d0:	c314                	sw	a3,0(a4)
200a56d2:	4384                	lw	s1,0(a5)
200a56d4:	8526                	mv	a0,s1
200a56d6:	cadff0ef          	jal	ra,200a5382 <memchr>
200a56da:	c501                	beqz	a0,200a56e2 <_printf_i+0x22e>
200a56dc:	409507b3          	sub	a5,a0,s1
200a56e0:	c05c                	sw	a5,4(s0)
200a56e2:	405c                	lw	a5,4(s0)
200a56e4:	c81c                	sw	a5,16(s0)
200a56e6:	040401a3          	sb	zero,67(s0)
200a56ea:	bf39                	j	200a5608 <_printf_i+0x154>
200a56ec:	4814                	lw	a3,16(s0)
200a56ee:	8626                	mv	a2,s1
200a56f0:	85ce                	mv	a1,s3
200a56f2:	854a                	mv	a0,s2
200a56f4:	9a02                	jalr	s4
200a56f6:	f35503e3          	beq	a0,s5,200a561c <_printf_i+0x168>
200a56fa:	401c                	lw	a5,0(s0)
200a56fc:	8b89                	andi	a5,a5,2
200a56fe:	e785                	bnez	a5,200a5726 <_printf_i+0x272>
200a5700:	4448                	lw	a0,12(s0)
200a5702:	47b2                	lw	a5,12(sp)
200a5704:	0af56533          	max	a0,a0,a5
200a5708:	bf19                	j	200a561e <_printf_i+0x16a>
200a570a:	4685                	li	a3,1
200a570c:	8656                	mv	a2,s5
200a570e:	85ce                	mv	a1,s3
200a5710:	854a                	mv	a0,s2
200a5712:	9a02                	jalr	s4
200a5714:	f16504e3          	beq	a0,s6,200a561c <_printf_i+0x168>
200a5718:	0485                	addi	s1,s1,1
200a571a:	445c                	lw	a5,12(s0)
200a571c:	4732                	lw	a4,12(sp)
200a571e:	8f99                	sub	a5,a5,a4
200a5720:	fef4c5e3          	blt	s1,a5,200a570a <_printf_i+0x256>
200a5724:	bff1                	j	200a5700 <_printf_i+0x24c>
200a5726:	4481                	li	s1,0
200a5728:	01940a93          	addi	s5,s0,25
200a572c:	5b7d                	li	s6,-1
200a572e:	b7f5                	j	200a571a <_printf_i+0x266>

200a5730 <_read_r>:
200a5730:	1141                	addi	sp,sp,-16
200a5732:	c422                	sw	s0,8(sp)
200a5734:	842a                	mv	s0,a0
200a5736:	852e                	mv	a0,a1
200a5738:	85b2                	mv	a1,a2
200a573a:	8636                	mv	a2,a3
200a573c:	8801a023          	sw	zero,-1920(gp) # 200c1090 <errno>
200a5740:	c606                	sw	ra,12(sp)
200a5742:	20a1                	jal	200a578a <_read>
200a5744:	57fd                	li	a5,-1
200a5746:	00f51663          	bne	a0,a5,200a5752 <_read_r+0x22>
200a574a:	8801a783          	lw	a5,-1920(gp) # 200c1090 <errno>
200a574e:	c391                	beqz	a5,200a5752 <_read_r+0x22>
200a5750:	c01c                	sw	a5,0(s0)
200a5752:	40b2                	lw	ra,12(sp)
200a5754:	4422                	lw	s0,8(sp)
200a5756:	0141                	addi	sp,sp,16
200a5758:	8082                	ret

200a575a <_close>:
200a575a:	05800793          	li	a5,88
200a575e:	88f1a023          	sw	a5,-1920(gp) # 200c1090 <errno>
200a5762:	557d                	li	a0,-1
200a5764:	8082                	ret

200a5766 <_fstat>:
200a5766:	05800793          	li	a5,88
200a576a:	88f1a023          	sw	a5,-1920(gp) # 200c1090 <errno>
200a576e:	557d                	li	a0,-1
200a5770:	8082                	ret

200a5772 <_isatty>:
200a5772:	05800793          	li	a5,88
200a5776:	88f1a023          	sw	a5,-1920(gp) # 200c1090 <errno>
200a577a:	4501                	li	a0,0
200a577c:	8082                	ret

200a577e <_lseek>:
200a577e:	05800793          	li	a5,88
200a5782:	88f1a023          	sw	a5,-1920(gp) # 200c1090 <errno>
200a5786:	557d                	li	a0,-1
200a5788:	8082                	ret

200a578a <_read>:
200a578a:	05800793          	li	a5,88
200a578e:	88f1a023          	sw	a5,-1920(gp) # 200c1090 <errno>
200a5792:	557d                	li	a0,-1
200a5794:	8082                	ret
200a5796:	0000                	unimp
200a5798:	fc00                	.2byte	0xfc00
200a579a:	0000                	unimp
200a579c:	00000003          	lb	zero,0(zero) # 0 <__stack_size-0x800>
200a57a0:	0018                	.2byte	0x18
200a57a2:	0000                	unimp
200a57a4:	00000003          	lb	zero,0(zero) # 0 <__stack_size-0x800>
200a57a8:	00000003          	lb	zero,0(zero) # 0 <__stack_size-0x800>
200a57ac:	0018                	.2byte	0x18
200a57ae:	0000                	unimp
200a57b0:	e000                	.2byte	0xe000
200a57b2:	0000                	unimp
200a57b4:	00000003          	lb	zero,0(zero) # 0 <__stack_size-0x800>
200a57b8:	0028                	addi	a0,sp,8
200a57ba:	0000                	unimp
200a57bc:	03c0                	addi	s0,sp,452
200a57be:	0000                	unimp
200a57c0:	00000003          	lb	zero,0(zero) # 0 <__stack_size-0x800>
200a57c4:	0028                	addi	a0,sp,8
200a57c6:	0000                	unimp
200a57c8:	fc00                	.2byte	0xfc00
200a57ca:	0000                	unimp
200a57cc:	00000003          	lb	zero,0(zero) # 0 <__stack_size-0x800>
200a57d0:	0028                	addi	a0,sp,8
200a57d2:	0000                	unimp
200a57d4:	00000007          	.4byte	0x7
200a57d8:	00000003          	lb	zero,0(zero) # 0 <__stack_size-0x800>
200a57dc:	0028                	addi	a0,sp,8
200a57de:	0000                	unimp
200a57e0:	e000                	.2byte	0xe000
200a57e2:	0000                	unimp
200a57e4:	00000003          	lb	zero,0(zero) # 0 <__stack_size-0x800>
200a57e8:	0018                	.2byte	0x18
200a57ea:	0000                	unimp
200a57ec:	1fc0                	addi	s0,sp,1012
200a57ee:	0000                	unimp
200a57f0:	00000003          	lb	zero,0(zero) # 0 <__stack_size-0x800>
200a57f4:	0018                	.2byte	0x18
200a57f6:	0000                	unimp
200a57f8:	fc1f 0000 0003      	.byte	0x1f, 0xfc, 0x00, 0x00, 0x03, 0x00
200a57fe:	0000                	unimp
200a5800:	0018                	.2byte	0x18
200a5802:	0000                	unimp
200a5804:	00000007          	.4byte	0x7
200a5808:	00000003          	lb	zero,0(zero) # 0 <__stack_size-0x800>
200a580c:	0018                	.2byte	0x18
200a580e:	0000                	unimp
200a5810:	fcff                	.2byte	0xfcff
200a5812:	0000                	unimp
200a5814:	00000003          	lb	zero,0(zero) # 0 <__stack_size-0x800>
200a5818:	0018                	.2byte	0x18
200a581a:	0000                	unimp
200a581c:	0000003f 00000003 	.8byte	0x30000003f
200a5824:	0018                	.2byte	0x18
200a5826:	0000                	unimp
200a5828:	0800                	addi	s0,sp,16
200a582a:	0000                	unimp
200a582c:	00000003          	lb	zero,0(zero) # 0 <__stack_size-0x800>
200a5830:	0010                	.2byte	0x10
200a5832:	0000                	unimp
200a5834:	0001                	nop
200a5836:	0000                	unimp
200a5838:	00000003          	lb	zero,0(zero) # 0 <__stack_size-0x800>
200a583c:	0010                	.2byte	0x10
200a583e:	0000                	unimp
200a5840:	4000                	lw	s0,0(s0)
200a5842:	0000                	unimp
200a5844:	00000003          	lb	zero,0(zero) # 0 <__stack_size-0x800>
200a5848:	0010                	.2byte	0x10
200a584a:	0000                	unimp
200a584c:	0200                	addi	s0,sp,256
200a584e:	0000                	unimp
200a5850:	00000003          	lb	zero,0(zero) # 0 <__stack_size-0x800>
200a5854:	0010                	.2byte	0x10
200a5856:	0000                	unimp
200a5858:	7800                	.2byte	0x7800
200a585a:	0000                	unimp
200a585c:	00000003          	lb	zero,0(zero) # 0 <__stack_size-0x800>
200a5860:	0010                	.2byte	0x10
200a5862:	0000                	unimp
200a5864:	0400                	addi	s0,sp,512
200a5866:	0000                	unimp
200a5868:	00000003          	lb	zero,0(zero) # 0 <__stack_size-0x800>
200a586c:	0028                	addi	a0,sp,8
200a586e:	0000                	unimp
200a5870:	0400                	addi	s0,sp,512
200a5872:	0000                	unimp
200a5874:	00000003          	lb	zero,0(zero) # 0 <__stack_size-0x800>
200a5878:	0048                	addi	a0,sp,4
200a587a:	0000                	unimp
200a587c:	5000                	lw	s0,32(s0)
200a587e:	0000                	unimp
200a5880:	00000003          	lb	zero,0(zero) # 0 <__stack_size-0x800>
200a5884:	0028                	addi	a0,sp,8
200a5886:	0000                	unimp
200a5888:	2000                	lbu	s0,0(s0)
200a588a:	0000                	unimp
200a588c:	00000003          	lb	zero,0(zero) # 0 <__stack_size-0x800>
200a5890:	0010                	.2byte	0x10
200a5892:	0000                	unimp
200a5894:	2100                	lbu	s0,0(a0)
200a5896:	0000                	unimp
200a5898:	00000003          	lb	zero,0(zero) # 0 <__stack_size-0x800>
200a589c:	0010                	.2byte	0x10
200a589e:	0000                	unimp
200a58a0:	2300                	lbu	s0,0(a4)
200a58a2:	0000                	unimp
200a58a4:	00000003          	lb	zero,0(zero) # 0 <__stack_size-0x800>
200a58a8:	0010                	.2byte	0x10
200a58aa:	0000                	unimp
200a58ac:	0402                	c.slli64	s0
200a58ae:	0000                	unimp
200a58b0:	00000003          	lb	zero,0(zero) # 0 <__stack_size-0x800>
200a58b4:	0028                	addi	a0,sp,8
200a58b6:	0000                	unimp
200a58b8:	0008                	.2byte	0x8
200a58ba:	0000                	unimp
200a58bc:	00000003          	lb	zero,0(zero) # 0 <__stack_size-0x800>
200a58c0:	0048                	addi	a0,sp,4
200a58c2:	0000                	unimp
200a58c4:	4000                	lw	s0,0(s0)
200a58c6:	0000                	unimp
200a58c8:	00000003          	lb	zero,0(zero) # 0 <__stack_size-0x800>
200a58cc:	0028                	addi	a0,sp,8
200a58ce:	0000                	unimp
200a58d0:	0002                	c.slli64	zero
200a58d2:	0000                	unimp
200a58d4:	00000003          	lb	zero,0(zero) # 0 <__stack_size-0x800>
200a58d8:	0010                	.2byte	0x10
200a58da:	0000                	unimp
200a58dc:	0006                	c.slli	zero,0x1
200a58de:	0000                	unimp
200a58e0:	00000003          	lb	zero,0(zero) # 0 <__stack_size-0x800>
200a58e4:	0010                	.2byte	0x10
200a58e6:	0000                	unimp
200a58e8:	7801                	lui	a6,0xfffe0
200a58ea:	0000                	unimp
200a58ec:	00000003          	lb	zero,0(zero) # 0 <__stack_size-0x800>
200a58f0:	0010                	.2byte	0x10
200a58f2:	0000                	unimp
200a58f4:	00007803          	.4byte	0x7803
200a58f8:	00000003          	lb	zero,0(zero) # 0 <__stack_size-0x800>
200a58fc:	0010                	.2byte	0x10
200a58fe:	0000                	unimp
200a5900:	0800                	addi	s0,sp,16
200a5902:	0000                	unimp
200a5904:	00000003          	lb	zero,0(zero) # 0 <__stack_size-0x800>
200a5908:	0028                	addi	a0,sp,8
200a590a:	0000                	unimp
200a590c:	0001                	nop
200a590e:	0000                	unimp
200a5910:	00000003          	lb	zero,0(zero) # 0 <__stack_size-0x800>
200a5914:	0028                	addi	a0,sp,8
200a5916:	0000                	unimp
200a5918:	0200                	addi	s0,sp,256
200a591a:	0000                	unimp
200a591c:	00000003          	lb	zero,0(zero) # 0 <__stack_size-0x800>
200a5920:	0028                	addi	a0,sp,8
200a5922:	0000                	unimp
200a5924:	7800                	.2byte	0x7800
200a5926:	0000                	unimp
200a5928:	00000003          	lb	zero,0(zero) # 0 <__stack_size-0x800>
200a592c:	0048                	addi	a0,sp,4
200a592e:	0000                	unimp
200a5930:	0400                	addi	s0,sp,512
200a5932:	0000                	unimp
200a5934:	00000003          	lb	zero,0(zero) # 0 <__stack_size-0x800>
200a5938:	0010                	.2byte	0x10
200a593a:	0000                	unimp
200a593c:	2400                	lbu	s0,8(s0)
200a593e:	0000                	unimp
200a5940:	00000003          	lb	zero,0(zero) # 0 <__stack_size-0x800>
200a5944:	0048                	addi	a0,sp,4
200a5946:	0000                	unimp
200a5948:	5000                	lw	s0,32(s0)
200a594a:	0000                	unimp
200a594c:	00000003          	lb	zero,0(zero) # 0 <__stack_size-0x800>
200a5950:	0010                	.2byte	0x10
200a5952:	0000                	unimp
200a5954:	0100                	addi	s0,sp,128
200a5956:	0000                	unimp
200a5958:	00000003          	lb	zero,0(zero) # 0 <__stack_size-0x800>
200a595c:	0028                	addi	a0,sp,8
200a595e:	0000                	unimp
200a5960:	0300                	addi	s0,sp,384
200a5962:	0000                	unimp
200a5964:	00000003          	lb	zero,0(zero) # 0 <__stack_size-0x800>
200a5968:	0028                	addi	a0,sp,8
200a596a:	0000                	unimp
200a596c:	0402                	c.slli64	s0
200a596e:	0000                	unimp
200a5970:	00000003          	lb	zero,0(zero) # 0 <__stack_size-0x800>
200a5974:	0010                	.2byte	0x10
200a5976:	0000                	unimp
200a5978:	2000                	lbu	s0,0(s0)
200a597a:	0000                	unimp
200a597c:	00000003          	lb	zero,0(zero) # 0 <__stack_size-0x800>
200a5980:	0048                	addi	a0,sp,4
200a5982:	0000                	unimp
200a5984:	0002                	c.slli64	zero
200a5986:	0000                	unimp
200a5988:	00000003          	lb	zero,0(zero) # 0 <__stack_size-0x800>
200a598c:	0028                	addi	a0,sp,8
200a598e:	0000                	unimp
200a5990:	0006                	c.slli	zero,0x1
200a5992:	0000                	unimp
200a5994:	00000003          	lb	zero,0(zero) # 0 <__stack_size-0x800>
200a5998:	0028                	addi	a0,sp,8
200a599a:	0000                	unimp
200a599c:	00000003          	lb	zero,0(zero) # 0 <__stack_size-0x800>
200a59a0:	00000003          	lb	zero,0(zero) # 0 <__stack_size-0x800>
200a59a4:	0028                	addi	a0,sp,8
200a59a6:	0000                	unimp
200a59a8:	3556                	lhu	a3,44(a0)
200a59aa:	2046                	lhu	s1,4(s0)
200a59ac:	74737953          	.4byte	0x74737953
200a59b0:	6d65                	lui	s10,0x19
200a59b2:	65726f43          	.4byte	0x65726f43
200a59b6:	3a6b6c43          	.4byte	0x3a6b6c43
200a59ba:	6425                	lui	s0,0x9
200a59bc:	0a0d                	addi	s4,s4,3
200a59be:	0000                	unimp
200a59c0:	133e                	slli	t1,t1,0x2f
200a59c2:	200a                	lhu	a0,0(s0)
200a59c4:	135e                	slli	t1,t1,0x37
200a59c6:	200a                	lhu	a0,0(s0)
200a59c8:	137a                	slli	t1,t1,0x3e
200a59ca:	200a                	lhu	a0,0(s0)
200a59cc:	1398                	addi	a4,sp,480
200a59ce:	200a                	lhu	a0,0(s0)
200a59d0:	13ba                	slli	t2,t2,0x2e
200a59d2:	200a                	lhu	a0,0(s0)
200a59d4:	13d8                	addi	a4,sp,484
200a59d6:	200a                	lhu	a0,0(s0)
200a59d8:	13f6                	slli	t2,t2,0x3d
200a59da:	200a                	lhu	a0,0(s0)
200a59dc:	1404                	addi	s1,sp,544
200a59de:	200a                	lhu	a0,0(s0)
200a59e0:	1412                	slli	s0,s0,0x24
200a59e2:	200a                	lhu	a0,0(s0)
200a59e4:	1424                	addi	s1,sp,552
200a59e6:	200a                	lhu	a0,0(s0)
200a59e8:	1440                	addi	s0,sp,548
200a59ea:	200a                	lhu	a0,0(s0)
200a59ec:	145c                	addi	a5,sp,548
200a59ee:	200a                	lhu	a0,0(s0)
200a59f0:	149c                	addi	a5,sp,608
200a59f2:	200a                	lhu	a0,0(s0)
200a59f4:	14f0                	addi	a2,sp,620
200a59f6:	200a                	lhu	a0,0(s0)
200a59f8:	14b4                	addi	a3,sp,616
200a59fa:	200a                	lhu	a0,0(s0)
200a59fc:	6f6c                	.2byte	0x6f6c
200a59fe:	5f636967          	.4byte	0x5f636967
200a5a02:	7265766f          	jal	a2,200fd128 <_ebss+0x29bd4>
200a5a06:	0000                	unimp
200a5a08:	6461                	lui	s0,0x18
200a5a0a:	766f5f63          	bge	t5,t1,200a6188 <_highcode_vma_end+0x188>
200a5a0e:	7265                	lui	tp,0xffff9
200a5a10:	0000                	unimp
200a5a12:	0000                	unimp
200a5a14:	6572                	.2byte	0x6572
200a5a16:	00746573          	csrrsi	a0,0x7,8
	...

200a5a1c <CSWTCH.70>:
200a5a1c:	0d0e0f10 07090b0c 0e0f1005 090b0c0d     ................

200a5a2c <CSWTCH.69>:
200a5a2c:	01010101 01010101 03030301 03030303     ................
200a5a3c:	200a2296 200a206c 200a20cc 200a2128     .". l . . . (!. 
200a5a4c:	200a20cc 200a2018 200a1e44 200a20cc     . . . . D.. . . 
200a5a5c:	200a2026 200a203c 200a2290 200a1ef2     & . < . .". ... 
200a5a6c:	200a1e66 200a1e76 200a1f44 200a1f6c     f.. v.. D.. l.. 
200a5a7c:	200a1f6c 200a1f92 200a1f9c 200a2446     l.. ... ... F$. 
200a5a8c:	200a2510 200a2530 200a255c 200a2588     .%. 0%. \%. .%. 
200a5a9c:	200a1d8a 200a25c4 200a3128 200a306e     ... .%. (1. n0. 
200a5aac:	200a2f98 200a30da 200a2e7a 200a2f8e     ./. .0. z.. ./. 
200a5abc:	200a2e90 200a2e7a 200a2fb6 200a2fda     ... z.. ./. ./. 
200a5acc:	200a3122 200a2f98 200a2eb2 200a2ec2     "1. ./. ... ... 
200a5adc:	200a2ed8 200a2f4a 200a2f4a 200a2f7a     ... J/. J/. z/. 
200a5aec:	200a2f4a 200a2f4a 200a2f4a 200a2f4a     J/. J/. J/. J/. 
200a5afc:	200a2f4a 200a2f4a 200a2f4a 200a2f4a     J/. J/. J/. J/. 
200a5b0c:	200a2f84                                ./. 

200a5b10 <MyBOSDesc_SS>:
200a5b10:	00160f05 02100702 00000006 0003100a     ................
200a5b20:	0a01000e 000007ff                       ........

200a5b28 <OSStringDescriptor>:
200a5b28:	004d0312 00460053 00310054 00300030     ..M.S.F.T.1.0.0.
200a5b38:	00000001                                ....

200a5b3c <MySerNumInfo>:
200a5b3c:	00300316 00320031 00340033 00360035     ..0.1.2.3.4.5.6.
200a5b4c:	00380037 00000039                       7.8.9...

200a5b54 <MyProdInfo>:
200a5b54:	00570326 00480043 00550020 00420053     &.W.C.H. .U.S.B.
200a5b64:	002e0033 00200030 00450044 00490056     3...0. .D.E.V.I.
200a5b74:	00450043 00000020                       C.E. ...

200a5b7c <MyManuInfo>:
200a5b7c:	0077030e 00680063 0063002e 0000006e     ..w.c.h...c.n...

200a5b8c <SS_ConfigDescriptor>:
200a5b8c:	00600209 80000101 00040964 ffff0600     ..`.....d.......
200a5b9c:	050700ff 04000281 0f300600 07000000     ..........0.....
200a5bac:	00020105 30060004 0000000f 02820507     .......0........
200a5bbc:	06000400 00000f30 02050700 00040002     ....0...........
200a5bcc:	000f3006 05070000 04000283 0f300600     .0............0.
200a5bdc:	07000000 00020305 30060004 0000000f     ...........0....

200a5bec <SS_DeviceDescriptor>:
200a5bec:	03000112 095580ff 55371a86 02010001     ......U...7U....
200a5bfc:	00000103                                ....

200a5c00 <MyQuaDesc>:
200a5c00:	0200060a 40ffffff 00000001              .......@....

200a5c0c <MyCfgDescr_FS>:
200a5c0c:	003c0209 80000101 00040932 ffff0600     ..<.....2.......
200a5c1c:	050700ff 00400201 81050700 00004002     ......@......@..
200a5c2c:	02020507 07000040 40028205 05070000     ....@......@....
200a5c3c:	00400203 83050700 00004002              ..@......@..

200a5c48 <MyCfgDescr_HS>:
200a5c48:	003c0209 80000101 00040932 ffff0600     ..<.....2.......
200a5c58:	050700ff 02000201 81050700 00020002     ................
200a5c68:	02020507 07000200 00028205 05070002     ................
200a5c78:	02000203 83050700 00020002              ............

200a5c84 <MyDevDescr>:
200a5c84:	02000112 40ffffff 55371a86 02010001     .......@..7U....
200a5c94:	00000103                                ....

200a5c98 <UhsifWavedataPosition_MASTER>:
200a5c98:	03020100 00060504 00000807              ............

200a5ca4 <UhsifWavedata_MASTER>:
200a5ca4:	1e68c401 0400000a 800000a0 00000000     ..h.............
	...
200a5cbc:	2e709a02 00880006 80000000 3e734603     ..p..........Fs>
200a5ccc:	044010c0 80000000 1e68c401 0400000a     ..@.......h.....
200a5cdc:	800000a0 3e734404 00c00c00 80000000     .....Ds>........
200a5cec:	6e729a08 04403008 80000040 00000000     ..rn.0@.@.......
	...
200a5d04:	3e734405 00c00d00 80c00000 00000000     .Ds>............
	...
200a5d1c:	4e227a06 20c0000e 80000010 00000000     .z"N... ........
	...
200a5d34:	1e68c401 0400000a 800000a0 8e739c07     ..h...........s.
200a5d44:	00000000 80080000 8e739c09 00402000     ..........s.. @.
200a5d54:	80000000 1e68c401 0400000a 800000a0     ......h.........
200a5d64:	8e739c0a 00000000 80000000 00000000     ..s.............
	...

200a5d7c <UhsifWavedata_Slave_SOC>:
200a5d7c:	1e739a01 00000100 80000000 00000000     ..s.............
	...
200a5d94:	1e739802 20000100 80000000 00000000     ..s.... ........
	...
200a5dac:	1e739803 24000100 80000000 00000000     ..s....$........
	...

200a5dc4 <UhsifWavedata_Slave_FPGA>:
200a5dc4:	1e739a01 00000100 80000000 00000000     ..s.............
	...
200a5ddc:	1e739802 20000100 80000000 00000000     ..s.... ........
	...
200a5df4:	1e739803 24000100 80000000 00000000     ..s....$........
	...

200a5e0c <__clz_tab>:
200a5e0c:	02020100 03030303 04040404 04040404     ................
200a5e1c:	05050505 05050505 05050505 05050505     ................
200a5e2c:	06060606 06060606 06060606 06060606     ................
200a5e3c:	06060606 06060606 06060606 06060606     ................
200a5e4c:	07070707 07070707 07070707 07070707     ................
200a5e5c:	07070707 07070707 07070707 07070707     ................
200a5e6c:	07070707 07070707 07070707 07070707     ................
200a5e7c:	07070707 07070707 07070707 07070707     ................
200a5e8c:	08080808 08080808 08080808 08080808     ................
200a5e9c:	08080808 08080808 08080808 08080808     ................
200a5eac:	08080808 08080808 08080808 08080808     ................
200a5ebc:	08080808 08080808 08080808 08080808     ................
200a5ecc:	08080808 08080808 08080808 08080808     ................
200a5edc:	08080808 08080808 08080808 08080808     ................
200a5eec:	08080808 08080808 08080808 08080808     ................
200a5efc:	08080808 08080808 08080808 08080808     ................

200a5f0c <__sf_fake_stderr>:
	...

200a5f2c <__sf_fake_stdout>:
	...

200a5f4c <__sf_fake_stdin>:
	...
200a5f6c:	2b302d23 00000020 004c6c68 45676665     #-0+ ...hlL.efgE
200a5f7c:	00004746 33323130 37363534 42413938     FG..0123456789AB
200a5f8c:	46454443 00000000 33323130 37363534     CDEF....01234567
200a5f9c:	62613938 66656463 00000000 fffff57c     89abcdef....|...
200a5fac:	fffff592 fffff552 fffff552 fffff552     ....R...R...R...
200a5fbc:	fffff552 fffff592 fffff552 fffff552     R.......R...R...
200a5fcc:	fffff552 fffff552 fffff6f0 fffff5f6     R...R...........
200a5fdc:	fffff68a fffff552 fffff552 fffff71e     ....R...R.......
200a5fec:	fffff552 fffff5f6 fffff552 fffff552     R.......R...R...
200a5ffc:	fffff692                                ....

Disassembly of section .text:

000260e4 <handle_reset>:
   260e4:	2009b197          	auipc	gp,0x2009b
   260e8:	72c18193          	addi	gp,gp,1836 # 200c1810 <__global_pointer$>
   260ec:	200da117          	auipc	sp,0x200da
   260f0:	f1410113          	addi	sp,sp,-236 # 20100000 <USBSS_EP2_Tx_Th1_Buf>
   260f4:	400226b7          	lui	a3,0x40022
   260f8:	4298                	lw	a4,0(a3)
   260fa:	478d                	li	a5,3
   260fc:	8fd9                	or	a5,a5,a4
   260fe:	c29c                	sw	a5,0(a3)
   26100:	ffffa517          	auipc	a0,0xffffa
   26104:	f0850513          	addi	a0,a0,-248 # 20008 <_einit>
   26108:	2009a597          	auipc	a1,0x2009a
   2610c:	ef858593          	addi	a1,a1,-264 # 200c0000 <_loadcode_vma_start>
   26110:	2009a617          	auipc	a2,0x2009a
   26114:	fcc60613          	addi	a2,a2,-52 # 200c00dc <_loadcode_vma_end>
   26118:	00c5fa63          	bgeu	a1,a2,2612c <handle_reset+0x48>
   2611c:	00052283          	lw	t0,0(a0)
   26120:	0055a023          	sw	t0,0(a1)
   26124:	0511                	addi	a0,a0,4
   26126:	0591                	addi	a1,a1,4
   26128:	fec5eae3          	bltu	a1,a2,2611c <handle_reset+0x38>
   2612c:	c298                	sw	a4,0(a3)
   2612e:	2009a097          	auipc	ra,0x2009a
   26132:	ed2080e7          	jalr	-302(ra) # 200c0000 <_loadcode_vma_start>
	...
