
CH32H417_IAP_V3F.elf:     file format elf32-littleriscv
CH32H417_IAP_V3F.elf
architecture: riscv:rv32, flags 0x00000112:
EXEC_P, HAS_SYMS, D_PAGED
start address 0x00000000

Program Header:
0x70000003 off    0x00022083 vaddr 0x00000000 paddr 0x00000000 align 2**0
         filesz 0x00000056 memsz 0x00000000 flags r--
    LOAD off    0x00001000 vaddr 0x00000000 paddr 0x00000000 align 2**12
         filesz 0x00000008 memsz 0x00000008 flags r-x
    LOAD off    0x00002000 vaddr 0x20110000 paddr 0x00000008 align 2**12
         filesz 0x000000e8 memsz 0x000000e8 flags r-x
    LOAD off    0x00003000 vaddr 0x20100000 paddr 0x000000f0 align 2**12
         filesz 0x00003b40 memsz 0x00003b40 flags r-x
    LOAD off    0x00006c30 vaddr 0x00003c30 paddr 0x00003c30 align 2**12
         filesz 0x00000084 memsz 0x00000084 flags r-x
    LOAD off    0x00007100 vaddr 0x20110100 paddr 0x00003cb4 align 2**12
         filesz 0x00000118 memsz 0x00002b28 flags rw-
    LOAD off    0x00000800 vaddr 0x20114800 paddr 0x20114800 align 2**12
         filesz 0x00000000 memsz 0x00000800 flags rw-

Sections:
Idx Name          Size      VMA       LMA       File off  Algn
  0 .init         00000008  00000000  00000000  00001000  2**2
                  CONTENTS, ALLOC, LOAD, READONLY, CODE
  1 .loadcodelalign 00000000  00000008  00000008  00007218  2**0
                  CONTENTS
  2 .loadcode     000000e8  20110000  00000008  00002000  2**1
                  CONTENTS, ALLOC, LOAD, READONLY, CODE
  3 .highcodelalign 00000000  000000f0  000000f0  00007218  2**0
                  CONTENTS
  4 .highcode     00003b40  20100000  000000f0  00003000  2**2
                  CONTENTS, ALLOC, LOAD, READONLY, CODE
  5 .text         00000084  00003c30  00003c30  00006c30  2**1
                  CONTENTS, ALLOC, LOAD, READONLY, CODE
  6 .highcodelalign1 00000000  00003cb4  00003cb4  00007218  2**0
                  CONTENTS
  7 .fini         00000000  20103b40  20103b40  00007218  2**0
                  CONTENTS, ALLOC, LOAD, CODE
  8 .dtors        00000000  20103b40  20103b40  00007218  2**0
                  CONTENTS
  9 .dalign       00000000  20110100  20110100  00007218  2**0
                  CONTENTS
 10 .dlalign      00000000  00003cb4  00003cb4  00007218  2**0
                  CONTENTS
 11 .data         00000118  20110100  00003cb4  00007100  2**2
                  CONTENTS, ALLOC, LOAD, DATA
 12 .bss          00002a10  20110218  00003dcc  00007218  2**2
                  ALLOC
 13 .stack        00000800  20114800  20114800  00007800  2**0
                  ALLOC
 14 .debug_info   0000986d  00000000  00000000  00007218  2**0
                  CONTENTS, READONLY, DEBUGGING, OCTETS
 15 .debug_abbrev 0000214a  00000000  00000000  00010a85  2**0
                  CONTENTS, READONLY, DEBUGGING, OCTETS
 16 .debug_aranges 00000708  00000000  00000000  00012bd0  2**3
                  CONTENTS, READONLY, DEBUGGING, OCTETS
 17 .debug_rnglists 000007c1  00000000  00000000  000132d8  2**0
                  CONTENTS, READONLY, DEBUGGING, OCTETS
 18 .debug_line   0000aa57  00000000  00000000  00013a99  2**0
                  CONTENTS, READONLY, DEBUGGING, OCTETS
 19 .debug_str    00002d21  00000000  00000000  0001e4f0  2**0
                  CONTENTS, READONLY, DEBUGGING, OCTETS
 20 .debug_line_str 00000e41  00000000  00000000  00021211  2**0
                  CONTENTS, READONLY, DEBUGGING, OCTETS
 21 .comment      00000031  00000000  00000000  00022052  2**0
                  CONTENTS, READONLY
 22 .riscv.attributes 00000056  00000000  00000000  00022083  2**0
                  CONTENTS, READONLY
 23 .debug_frame  00000f28  00000000  00000000  000220dc  2**2
                  CONTENTS, READONLY, DEBUGGING, OCTETS
 24 .debug_loclists 00002ee3  00000000  00000000  00023004  2**0
                  CONTENTS, READONLY, DEBUGGING, OCTETS
SYMBOL TABLE:
00000000 l    d  .init	00000000 .init
00000008 l    d  .loadcodelalign	00000000 .loadcodelalign
20110000 l    d  .loadcode	00000000 .loadcode
000000f0 l    d  .highcodelalign	00000000 .highcodelalign
20100000 l    d  .highcode	00000000 .highcode
00003c30 l    d  .text	00000000 .text
00003cb4 l    d  .highcodelalign1	00000000 .highcodelalign1
20103b40 l    d  .fini	00000000 .fini
20103b40 l    d  .dtors	00000000 .dtors
20110100 l    d  .dalign	00000000 .dalign
00003cb4 l    d  .dlalign	00000000 .dlalign
20110100 l    d  .data	00000000 .data
20110218 l    d  .bss	00000000 .bss
20114800 l    d  .stack	00000000 .stack
00000000 l    d  .debug_info	00000000 .debug_info
00000000 l    d  .debug_abbrev	00000000 .debug_abbrev
00000000 l    d  .debug_aranges	00000000 .debug_aranges
00000000 l    d  .debug_rnglists	00000000 .debug_rnglists
00000000 l    d  .debug_line	00000000 .debug_line
00000000 l    d  .debug_str	00000000 .debug_str
00000000 l    d  .debug_line_str	00000000 .debug_line_str
00000000 l    d  .comment	00000000 .comment
00000000 l    d  .riscv.attributes	00000000 .riscv.attributes
00000000 l    d  .debug_frame	00000000 .debug_frame
00000000 l    d  .debug_loclists	00000000 .debug_loclists
00000000 l    df *ABS*	00000000 startup_ch32h417_v3f.o
20100000 l       .highcode	00000000 _vector_base
20110000 l       .loadcode	00000000 _load_base
00003ca2 l       .text	00000000 BP
00000000 l    df *ABS*	00000000 save-restore.o
00000000 l    df *ABS*	00000000 lib_a-memcpy-asm.o
00000000 l    df *ABS*	00000000 lib_a-memset.o
00000000 l    df *ABS*	00000000 ch32h417_it.c
00000000 l    df *ABS*	00000000 main.c
00000000 l    df *ABS*	00000000 system_ch32h417.c
20110120 l     O .data	00000020 PLLMULTB
20110110 l     O .data	00000010 HBPrescTB
201101e0 l     O .data	00000004 FPRETB
20110100 l     O .data	00000010 SERDESPLLMULTB
00000000 l    df *ABS*	00000000 ch32h417_flash.c
00000000 l    df *ABS*	00000000 ch32h417_gpio.c
00000000 l    df *ABS*	00000000 ch32h417_rcc.c
20110160 l     O .data	00000020 PLLMULTable
20110150 l     O .data	00000010 HBPrescTable
201101f8 l     O .data	00000004 FPRETable
20110140 l     O .data	00000010 SERDESPLLMULTable
201101f0 l     O .data	00000008 PPRE2Table
201101ec l     O .data	00000004 ADCPRETable
00000000 l    df *ABS*	00000000 ch32h417_usart.c
00000000 l    df *ABS*	00000000 ch32h417_usbfs_device.c
00000000 l    df *ABS*	00000000 ch32h417_usbhs_device.c
2010169e l     F .highcode	00000058 USBHS_RCC_Init.part.0
00000000 l    df *ABS*	00000000 usb_inf.c
00000000 l    df *ABS*	00000000 debug.c
20110240 l     O .bss	00000002 p_us
2011023c l     O .bss	00000004 p_ms
201101fc l     O .data	00000004 curbrk.0
00000000 l    df *ABS*	00000000 flash.c
00000000 l    df *ABS*	00000000 hardware.c
00000000 l    df *ABS*	00000000 iap.c
00000000 l    df *ABS*	00000000 _udivdi3.o
00000000 l    df *ABS*	00000000 lib_a-printf.o
00000000 l    df *ABS*	00000000 lib_a-puts.o
00000000 l    df *ABS*	00000000 lib_a-wbuf.o
00000000 l    df *ABS*	00000000 lib_a-wsetup.o
00000000 l    df *ABS*	00000000 lib_a-fflush.o
00000000 l    df *ABS*	00000000 lib_a-findfp.o
201029fe l     F .highcode	00000066 std
00000000 l    df *ABS*	00000000 lib_a-fwalk.o
00000000 l    df *ABS*	00000000 lib_a-lock.o
00000000 l    df *ABS*	00000000 lib_a-makebuf.o
00000000 l    df *ABS*	00000000 lib_a-nano-freer.o
00000000 l    df *ABS*	00000000 lib_a-nano-mallocr.o
20102dd0 l     F .highcode	00000054 sbrk_aligned
00000000 l    df *ABS*	00000000 lib_a-nano-vfprintf.o
20102f26 l     F .highcode	00000028 __sfputc_r
00000000 l    df *ABS*	00000000 lib_a-sbrkr.o
00000000 l    df *ABS*	00000000 lib_a-stdio.o
00000000 l    df *ABS*	00000000 lib_a-writer.o
00000000 l    df *ABS*	00000000 lib_a-closer.o
00000000 l    df *ABS*	00000000 lib_a-fstatr.o
00000000 l    df *ABS*	00000000 lib_a-isattyr.o
00000000 l    df *ABS*	00000000 lib_a-lseekr.o
00000000 l    df *ABS*	00000000 lib_a-memchr.o
00000000 l    df *ABS*	00000000 lib_a-mlock.o
00000000 l    df *ABS*	00000000 lib_a-nano-vfprintf_i.o
00000000 l    df *ABS*	00000000 lib_a-readr.o
00000000 l    df *ABS*	00000000 close.o
00000000 l    df *ABS*	00000000 fstat.o
00000000 l    df *ABS*	00000000 isatty.o
00000000 l    df *ABS*	00000000 lseek.o
00000000 l    df *ABS*	00000000 read.o
00000000 l    df *ABS*	00000000 usb_desc.c
00000000 l    df *ABS*	00000000 lib_a-impure.o
20110180 l     O .data	00000060 impure_data
20100662  w      .highcode	00000000 TIM8_TRG_COM_IRQHandler
20110324 g     O .bss	00000040 USBHS_EP2_Rx_Buf
20100662  w      .highcode	00000000 TIM8_CC_IRQHandler
20100662  w      .highcode	00000000 USART_WKUP_IRQHandler
2010338a g     F .highcode	00000026 _isatty_r
20103878 g     O .highcode	00000016 MySerNumInfo
20110428 g     O .bss	00002800 Fast_Program_Buf
20110224 g     O .bss	00000002 USBFS_SetupReqValue
20110248 g     O .bss	00000001 Verify_Star_flag
20102590 g     F .highcode	00000104 _puts_r
201033b0 g     F .highcode	0000002a _lseek_r
2010098e g     F .highcode	000001e8 GPIO_PinAFConfig
20100662  w      .highcode	00000000 SPI4_IRQHandler
20110238 g     O .bss	00000004 pUSBHS_Descr
20100662  w      .highcode	00000000 DFSDM0_IRQHandler
20101dac g     F .highcode	0000004e USB_Pack_Out_Callback
20101d10 g     F .highcode	00000042 USB_Init
20102556 g     F .highcode	0000003a printf
201109e0 g       .data	00000000 __global_pointer$
2010025c g     F .highcode	00000028 .hidden __riscv_save_8
20100662  w      .highcode	00000000 TIM1_CC_IRQHandler
201032dc g     F .highcode	0000002e __sseek
20102acc g     F .highcode	00000068 __sinit
2010269c g     F .highcode	000000bc __swbuf_r
201002dc g     F .highcode	00000010 HardFault_Handler
20100662  w      .highcode	00000000 TIM10_IRQHandler
20102a6e g     F .highcode	00000046 __sfmoreglue
201033fa g     F .highcode	00000008 __malloc_unlock
20100662  w      .highcode	00000000 IPC_CH2_Handler
20100662  w      .highcode	00000000 USBPD_IRQHandler
201002a8 g     F .highcode	0000000c .hidden __riscv_restore_3
20100662  w      .highcode	00000000 TIM6_IRQHandler
201103a4 g     O .bss	00000040 USB_In_Buf
20100662  w      .highcode	00000000 I3C_ER_IRQHandler
20100662  w      .highcode	00000000 SDIO_IRQHandler
20100294 g     F .highcode	00000020 .hidden __riscv_restore_10
20100662  w      .highcode	00000000 DMA2_Channel8_IRQHandler
201002da g     F .highcode	00000002 NMI_Handler
20100662  w      .highcode	00000000 HSEM_Handler
2010025c g     F .highcode	00000028 .hidden __riscv_save_11
20101fde g     F .highcode	000001de RecData_Deal
201017b0 g     F .highcode	00000560 USBHS_IRQHandler
20100662  w      .highcode	00000000 LPTIM2_IRQHandler
201103e4 g     O .bss	00000044 IAP_Deal_Buf
20100744 g     F .highcode	00000060 FLASH_ProgramPage_Fast
2010111e g     F .highcode	0000000a USART_GetFlagStatus
20103362 g     F .highcode	00000028 _fstat_r
20110260 g     O .bss	00000004 errno
20110218 g       .bss	00000000 _sbss
00000800 g       *ABS*	00000000 __stack_size
20110220 g     O .bss	00000002 USBFS_SetupReqLen
20101e4e g     F .highcode	00000074 USART_Printf_Init
20100662  w      .highcode	00000000 USBFSWakeup_IRQHandler
20100662  w      .highcode	00000000 I2C3_ER_IRQHandler
201006d8 g     F .highcode	0000004e FLASH_ErasePage
2010115a g     F .highcode	00000544 USBFS_IRQHandler
201002a8 g     F .highcode	0000000c .hidden __riscv_restore_2
20110364 g     O .bss	00000040 USBHS_EP0_Buf
2010390c g     O .highcode	00000012 MyDevDescr
201002b4 g     F .highcode	00000016 memcpy
20100662  w      .highcode	00000000 USART8_IRQHandler
20102a64 g     F .highcode	0000000a _cleanup_r
20100920 g     F .highcode	0000006e GPIO_PinRemapConfig
20100662  w      .highcode	00000000 I2C2_EV_IRQHandler
20102694 g     F .highcode	00000008 puts
20100662  w      .highcode	00000000 CAN1_RX0_IRQHandler
20100664 g     F .highcode	00000036 FLASH_BOOT_GetMode
201101e4 g     O .data	00000004 SystemCoreClock
20100662  w      .highcode	00000000 CAN3_SCE_IRQHandler
2011022f g     O .bss	00000001 USBHS_DevConfig
201037be g     F .highcode	0000000c _fstat
00000008 g       .init	00000000 _einit
20101036 g     F .highcode	00000012 RCC_USBHSPLLCLKConfig
20100726 g     F .highcode	0000001e FLASH_Unlock_Fast
20110236 g     O .bss	00000001 USBHS_SetupReqType
20100254 g     F .highcode	00000030 .hidden __riscv_save_12
20100662  w      .highcode	00000000 CAN2_SCE_IRQHandler
20100662  w      .highcode	00000000 ADC1_2_IRQHandler
20110204 g     O .data	00000004 Verify_addr
20100840 g     F .highcode	000000e0 GPIO_Init
20100662  w      .highcode	00000000 Break_Point_Handler
20100662  w      .highcode	00000000 IPC_CH0_Handler
20100294 g     F .highcode	00000020 .hidden __riscv_restore_11
20100662  w      .highcode	00000000 SPI1_IRQHandler
20100662  w      .highcode	00000000 USART5_IRQHandler
20101102 g     F .highcode	00000014 USART_Cmd
20103244 g     F .highcode	00000028 _sbrk_r
20100284 g     F .highcode	0000000c .hidden __riscv_save_1
20110210 g     O .data	00000004 MyLangDescr
2010069a g     F .highcode	0000000a FLASH_GetUserOptionByte
201002a8 g     F .highcode	0000000c .hidden __riscv_restore_0
20100662  w      .highcode	00000000 SysTick0_Handler
20100662  w      .highcode	00000000 EXTI7_0_IRQHandler
20103788 g     F .highcode	0000002a _read_r
2010026a g     F .highcode	0000001a .hidden __riscv_save_7
20100662  w      .highcode	00000000 CAN2_RX0_IRQHandler
20100662  w      .highcode	00000000 TIM8_UP_IRQHandler
20100662  w      .highcode	00000000 Ecall_M_Mode_Handler
20100662  w      .highcode	00000000 ECDC_IRQHandler
20100662  w      .highcode	00000000 SDMMC_IRQHandler
201038e0 g     O .highcode	00000029 MyCfgDescr
20114800 g       .stack	00000000 _heap_end
20100fee g     F .highcode	0000001c RCC_HB2PeriphResetCmd
201037ca g     F .highcode	0000000c _isatty
20110254 g     O .bss	00000001 __lock___sinit_recursive_mutex
20110214 g     O .data	00000004 _global_impure_ptr
2010029e g     F .highcode	00000016 .hidden __riscv_restore_5
20100662  w      .highcode	00000000 USART7_IRQHandler
20110208 g     O .data	00000004 Program_addr
20100662  w      .highcode	00000000 DMA2_Channel2_IRQHandler
201021bc g     F .highcode	0000039a .hidden __udivdi3
20100662  w      .highcode	00000000 DMA1_Channel4_IRQHandler
20101f00 g     F .highcode	0000002a _sbrk
201038ac g     O .highcode	0000000e MyManuInfo
20100662  w      .highcode	00000000 USART6_IRQHandler
20110234 g     O .bss	00000002 USBHS_SetupReqValue
20110232 g     O .bss	00000002 USBHS_SetupReqIndex
20100662  w      .highcode	00000000 CAN3_RX0_IRQHandler
2011022e g     O .bss	00000001 USBHS_DevAddr
20100fb6 g     F .highcode	0000001c RCC_HB2PeriphClockCmd
20100662  w      .highcode	00000000 HSADC_IRQHandler
2010029e g     F .highcode	00000016 .hidden __riscv_restore_6
20100662  w      .highcode	00000000 USART3_IRQHandler
20100662  w      .highcode	00000000 RTC_IRQHandler
2011021f g     O .bss	00000001 USBFS_DevConfig
20112c28 g       .bss	00000000 _ebss
20100662  w      .highcode	00000000 DMA1_Channel7_IRQHandler
20101dfa g     F .highcode	00000022 Delay_Init
20100662  w      .highcode	00000000 DVP_IRQHandler
2011024c g     O .bss	00000001 __lock___malloc_recursive_mutex
20100662  w      .highcode	00000000 USBSS_IRQHandler
20100b76 g     F .highcode	000001fa GPIO_IPD_Unused
20100662  w      .highcode	00000000 SWPMI_IRQHandler
20100662  w      .highcode	00000000 USBPDWakeUp_IRQHandler
20100662  w      .highcode	00000000 EXTI15_8_IRQHandler
20110222 g     O .bss	00000002 USBFS_SetupReqIndex
20100662  w      .highcode	00000000 TIM4_IRQHandler
2010025c g     F .highcode	00000028 .hidden __riscv_save_9
20101d52 g     F .highcode	0000005a USB_Pack_In
20100662  w      .highcode	00000000 DMA2_Channel1_IRQHandler
20100662  w      .highcode	00000000 SWPMI_WKUP_IRQHandler
20110226 g     O .bss	00000001 USBFS_SetupReqType
20103a4c g     O .highcode	00000020 __sf_fake_stderr
2010026a g     F .highcode	0000001a .hidden __riscv_save_4
20100662  w      .highcode	00000000 I2C1_EV_IRQHandler
20102c46 g     F .highcode	00000002 __retarget_lock_release_recursive
20100662  w      .highcode	00000000 USBSSWakeup_IRQHandler
20100662  w      .highcode	00000000 USART4_IRQHandler
2010172a g     F .highcode	00000038 USBHS_RCC_Init
20100df8 g     F .highcode	000001a2 RCC_GetClocksFreq
20100662  w      .highcode	00000000 DMA1_Channel6_IRQHandler
20101048 g     F .highcode	00000012 RCC_USBHSPLLReferConfig
20102f4e g     F .highcode	00000040 __sfputs_r
20100662  w      .highcode	00000000 DMA2_Channel4_IRQHandler
20102ab4 g     F .highcode	00000006 __sfp_lock_acquire
201033da g     F .highcode	00000018 memchr
20101072 g     F .highcode	00000090 USART_Init
20102d32 g     F .highcode	0000009e _free_r
20100662  w      .highcode	00000000 TIM3_IRQHandler
20100662  w      .highcode	00000000 RCC_IRQHandler
20110237 g     O .bss	00000001 USBHS_SetupReqCode
20100284 g     F .highcode	0000000c .hidden __riscv_save_3
20100662  w      .highcode	00000000 TIM1_TRG_COM_IRQHandler
20100662  w      .highcode	00000000 DMA1_Channel1_IRQHandler
00000000 g       .init	00000000 _start
201006a4 g     F .highcode	00000016 FLASH_GetStatus
20100662  w      .highcode	00000000 DMA2_Channel7_IRQHandler
20110242 g     O .bss	00000001 End_Flag
20100f9a g     F .highcode	0000001c RCC_HBPeriphClockCmd
201037d6 g     F .highcode	0000000c _lseek
201006ba g     F .highcode	0000001e FLASH_WaitForLastOperation
20103b40 g       .dtors	00000000 _highcode_vma_end1
20100662  w      .highcode	00000000 QSPI1_IRQHandler
20100000 g       .highcode	00000000 _highcode_vma_start
20110227 g     O .bss	00000001 USBFS_SetupReqCode
20110264 g     O .bss	00000080 USBFS_EP2_Buf
20100662  w      .highcode	00000000 DMA1_Channel8_IRQHandler
20100662  w      .highcode	00000000 IPC_CH3_Handler
20100662  w      .highcode	00000000 I3C_EV_IRQHandler
20100662  w      .highcode	00000000 I3C_WKUP_IRQHandler
20101f2e g     F .highcode	00000066 IAP_2_APP
20100662  w      .highcode	00000000 TIM12_IRQHandler
20100662  w      .highcode	00000000 TIM7_IRQHandler
2011021c g     O .bss	00000001 USBFS_DevEnumStatus
2010333c g     F .highcode	00000026 _close_r
20100662  w      .highcode	00000000 CAN2_TX_IRQHandler
20110100 g       .dalign	00000000 _data_vma
20100662  w      .highcode	00000000 TIM5_IRQHandler
20100fd2 g     F .highcode	0000001c RCC_HB1PeriphClockCmd
20100662  w      .highcode	00000000 I2C3_EV_IRQHandler
20101762 g     F .highcode	0000004e USBHS_Device_Init
20102758 g     F .highcode	000000ee __swsetup_r
20100662  w      .highcode	00000000 PIOC_IRQHandler
20102b34 g     F .highcode	000000a6 __sfp
20100662  w      .highcode	00000000 TIM9_IRQHandler
20102ac6 g     F .highcode	00000006 __sinit_lock_release
20100662  w      .highcode	00000000 LTDC_IRQHandler
20100662  w      .highcode	00000000 SAI_IRQHandler
2011021e g     O .bss	00000001 USBFS_DevAddr
2010025c g     F .highcode	00000028 .hidden __riscv_save_10
2010326c g     F .highcode	0000002a __sread
20100662  w      .highcode	00000000 ETH_WKUP_IRQHandler
201033f2 g     F .highcode	00000008 __malloc_lock
2010029e g     F .highcode	00000016 .hidden __riscv_restore_4
20100294 g     F .highcode	00000020 .hidden __riscv_restore_8
20102978 g     F .highcode	00000086 _fflush_r
2010026a g     F .highcode	0000001a .hidden __riscv_save_6
20100662  w      .highcode	00000000 SPI2_IRQHandler
20103a8c g     O .highcode	00000020 __sf_fake_stdin
20110218 g     O .bss	00000004 HCLKClock
20102c44 g     F .highcode	00000002 __retarget_lock_acquire_recursive
20100662  w      .highcode	00000000 IPC_CH1_Handler
00003cb4 g       .highcodelalign1	00000000 _highcode_lma1
201002ca g     F .highcode	00000010 memset
20100294 g     F .highcode	00000020 .hidden __riscv_restore_9
2010029e g     F .highcode	00000016 .hidden __riscv_restore_7
201002f2 g     F .highcode	0000004e main
20100662  w      .highcode	00000000 LPTIM1_WKUP_IRQHandler
20110200 g     O .data	00000004 Flash_Erase_Page_Size
20102c42 g     F .highcode	00000002 __retarget_lock_init_recursive
20103b40 g       .fini	00000000 _highcode_vma_start1
20100662  w      .highcode	00000000 CAN1_TX_IRQHandler
2010330a g     F .highcode	00000006 __sclose
2010100a g     F .highcode	00000016 RCC_USBHS_PLLCmd
20100662  w      .highcode	00000000 DMA2_Channel5_IRQHandler
20102e24 g     F .highcode	00000102 _malloc_r
2011021d g     O .bss	00000001 USBFS_DevSleepStatus
20100662  w      .highcode	00000000 DMA1_Channel5_IRQHandler
201038bc g     O .highcode	00000022 MyHIDReportDesc
20101e1c g     F .highcode	00000032 Delay_Ms
20103890 g     O .highcode	0000001a MyProdInfo
201100e8 g       .loadcode	00000000 _loadcode_vma_end
20100662  w      .highcode	00000000 QSPI2_IRQHandler
20101128 g     F .highcode	00000032 USBFS_Device_Endp_Init
000000f0 g       .highcodelalign	00000000 _highcode_lma
20100340 g     F .highcode	000001b4 SystemInit
20101f94 g     F .highcode	0000004a Hardware
20100662  w      .highcode	00000000 RNG_IRQHandler
20110230 g     O .bss	00000002 USBHS_SetupReqLen
201007a4 g     F .highcode	0000009c GPIO_DeInit
20102556 g     F .highcode	0000003a iprintf
2011022d g     O .bss	00000001 USBHS_DevSleepStatus
2010394c g     O .highcode	00000100 .hidden __clz_tab
20100d70 g     F .highcode	00000088 RCC_DeInit
00000000 g       .init	00000000 _sinit
20103310 g     F .highcode	0000002c _write_r
20100662  w      .highcode	00000000 DMA1_Channel3_IRQHandler
20100662  w      .highcode	00000000 ETH_IRQHandler
20103402 g     F .highcode	0000010a _printf_common
2011020c g     O .data	00000004 _impure_ptr
20100662  w      .highcode	00000000 TIM1_UP_IRQHandler
20102846 g     F .highcode	00000132 __sflush_r
20100662  w      .highcode	00000000 WWDG_IRQHandler
20100662  w      .highcode	00000000 USBHSWakeup_IRQHandler
20100662  w      .highcode	00000000 Ecall_U_Mode_Handler
20100662  w      .highcode	00000000 I2C4_EV_IRQHandler
20100662  w      .highcode	00000000 CAN3_TX_IRQHandler
20100662  w      .highcode	00000000 DMA2_Channel6_IRQHandler
20100662  w      .highcode	00000000 TIM2_IRQHandler
20115000 g       .stack	00000000 _eusrstack
20100284 g     F .highcode	0000000c .hidden __riscv_save_2
201002ec g     F .highcode	00000006 SW_Handler
201101e8 g     O .data	00000004 SystemClock
20100662  w      .highcode	00000000 TIM1_BRK_IRQHandler
20102c48 g     F .highcode	00000058 __swhatbuf_r
20100662  w      .highcode	00000000 GPHA_IRQHandler
20101116 g     F .highcode	00000008 USART_SendData
2010026a g     F .highcode	0000001a .hidden __riscv_save_5
20101ec2 g     F .highcode	0000003e _write
201102e4 g     O .bss	00000040 USBFS_EP0_Buf
20110218 g       .data	00000000 _edata
20110228 g     O .bss	00000004 pUSBFS_Descr
20110000 g       .loadcode	00000000 _loadcode_vma_start
20112c28 g       .bss	00000000 _end
20100662  w      .highcode	00000000 LPTIM2_WKUP_IRQHandler
20110244 g     O .bss	00000004 CodeLen
20103b40 g       .highcode	00000000 _highcode_vma_end
20100662  w      .highcode	00000000 RTCAlarm_IRQHandler
20100662  w      .highcode	00000000 TIM11_IRQHandler
201016f6 g     F .highcode	00000034 USBHS_Device_Endp_Init
00003cb4 g       .dlalign	00000000 _data_lma
20100662  w      .highcode	00000000 USART2_IRQHandler
20103296 g     F .highcode	00000046 __swrite
20101020 g     F .highcode	00000016 RCC_UTMIcmd
00000008 g       .loadcodelalign	00000000 _loadcode_lma
20100662  w      .highcode	00000000 UHSIF_IRQHandler
20102f8e g     F .highcode	000002b6 _vfiprintf_r
20102bda g     F .highcode	00000068 _fwalk_reent
201004f4 g     F .highcode	0000016e SystemAndCoreClockUpdate
20100662  w      .highcode	00000000 I2C2_ER_IRQHandler
20100662  w      .highcode	00000000 DMA1_Channel2_IRQHandler
20102aba g     F .highcode	00000006 __sfp_lock_release
20103a6c g     O .highcode	00000020 __sf_fake_stdout
20100290 g     F .highcode	00000024 .hidden __riscv_restore_12
20100662  w      .highcode	00000000 TIM8_BRK_IRQHandler
201037e2 g     F .highcode	0000000c _read
00003c30  w      .text	00000000 handle_reset
20100662  w      .highcode	00000000 CAN1_SCE_IRQHandler
20100662  w      .highcode	00000000 FLASH_IRQHandler
20100284 g     F .highcode	0000000c .hidden __riscv_save_0
20100662  w      .highcode	00000000 USART1_IRQHandler
20102ca0 g     F .highcode	00000092 __smakebuf_r
2010105a g     F .highcode	00000018 RCC_USBHSPLLClockSourceDivConfig
2010350c g     F .highcode	0000027c _printf_i
20100662  w      .highcode	00000000 SPI3_IRQHandler
20110258 g     O .bss	00000004 __malloc_sbrk_start
20100662  w      .highcode	00000000 I2C1_ER_IRQHandler
20100662  w      .highcode	00000000 FMC_IRQHandler
20100662  w      .highcode	00000000 SysTick1_Handler
2011022c g     O .bss	00000001 USBHS_DevEnumStatus
2011025c g     O .bss	00000004 __malloc_free_list
201002a8 g     F .highcode	0000000c .hidden __riscv_restore_1
20100662  w      .highcode	00000000 LPTIM1_IRQHandler
20100662  w      .highcode	00000000 DFSDM1_IRQHandler
20102f8e g     F .highcode	000002b6 _vfprintf_r
20100662  w      .highcode	00000000 I2C4_ER_IRQHandler
20100662  w      .highcode	00000000 SERDES_IRQHandler
20101f2a g     F .highcode	00000004 CH32_IAP_Program
20100662  w      .highcode	00000000 USBSS_LINK_IRQHandler
20110250 g     O .bss	00000001 __lock___sfp_recursive_mutex
201037b2 g     F .highcode	0000000c _close
20102ac0 g     F .highcode	00000006 __sinit_lock_acquire
20100662  w      .highcode	00000000 DMA2_Channel3_IRQHandler



Disassembly of section .init:

00000000 <_sinit>:
   0:	4310306f          	j	3c30 <handle_reset>
   4:	0000                	unimp
	...

Disassembly of section .loadcode:

20110000 <_loadcode_vma_start>:
20110000:	400214b7          	lui	s1,0x40021
20110004:	40e00593          	li	a1,1038
20110008:	c48c                	sw	a1,8(s1)
2011000a:	0004a283          	lw	t0,0(s1) # 40021000 <_eusrstack+0x1ff0c000>
2011000e:	01000337          	lui	t1,0x1000
20110012:	0062e2b3          	or	t0,t0,t1
20110016:	0054a023          	sw	t0,0(s1)
2011001a:	0004a383          	lw	t2,0(s1)
2011001e:	02000e37          	lui	t3,0x2000
20110022:	01c3f3b3          	and	t2,t2,t3
20110026:	fe038ae3          	beqz	t2,2011001a <_loadcode_vma_start+0x1a>
2011002a:	0084ae83          	lw	t4,8(s1)
2011002e:	80000f37          	lui	t5,0x80000
20110032:	01eeeeb3          	or	t4,t4,t5
20110036:	01d4a423          	sw	t4,8(s1)
2011003a:	4f89                	li	t6,2
2011003c:	01f4a223          	sw	t6,4(s1)
20110040:	0044a903          	lw	s2,4(s1)
20110044:	49a1                	li	s3,8
20110046:	01397933          	and	s2,s2,s3
2011004a:	fe090be3          	beqz	s2,20110040 <_loadcode_vma_start+0x40>
2011004e:	0f000513          	li	a0,240
20110052:	ffff0597          	auipc	a1,0xffff0
20110056:	fae58593          	addi	a1,a1,-82 # 20100000 <_highcode_vma_start>
2011005a:	ffff4617          	auipc	a2,0xffff4
2011005e:	ae660613          	addi	a2,a2,-1306 # 20103b40 <_highcode_vma_end>
20110062:	00c5fa63          	bgeu	a1,a2,20110076 <_loadcode_vma_start+0x76>
20110066:	00052283          	lw	t0,0(a0)
2011006a:	0055a023          	sw	t0,0(a1)
2011006e:	0511                	addi	a0,a0,4
20110070:	0591                	addi	a1,a1,4
20110072:	fec5eae3          	bltu	a1,a2,20110066 <_loadcode_vma_start+0x66>
20110076:	dfef4517          	auipc	a0,0xdfef4
2011007a:	c3e50513          	addi	a0,a0,-962 # 3cb4 <_data_lma>
2011007e:	ffff4597          	auipc	a1,0xffff4
20110082:	ac258593          	addi	a1,a1,-1342 # 20103b40 <_highcode_vma_end>
20110086:	ffff4617          	auipc	a2,0xffff4
2011008a:	aba60613          	addi	a2,a2,-1350 # 20103b40 <_highcode_vma_end>
2011008e:	00c5fa63          	bgeu	a1,a2,201100a2 <_loadcode_vma_start+0xa2>
20110092:	00052283          	lw	t0,0(a0)
20110096:	0055a023          	sw	t0,0(a1)
2011009a:	0511                	addi	a0,a0,4
2011009c:	0591                	addi	a1,a1,4
2011009e:	fec5eae3          	bltu	a1,a2,20110092 <_loadcode_vma_start+0x92>
201100a2:	dfef4517          	auipc	a0,0xdfef4
201100a6:	c1250513          	addi	a0,a0,-1006 # 3cb4 <_data_lma>
201100aa:	00000597          	auipc	a1,0x0
201100ae:	05658593          	addi	a1,a1,86 # 20110100 <SERDESPLLMULTB>
201100b2:	83818613          	addi	a2,gp,-1992 # 20110218 <HCLKClock>
201100b6:	00c5fa63          	bgeu	a1,a2,201100ca <_loadcode_vma_start+0xca>
201100ba:	00052283          	lw	t0,0(a0)
201100be:	0055a023          	sw	t0,0(a1)
201100c2:	0511                	addi	a0,a0,4
201100c4:	0591                	addi	a1,a1,4
201100c6:	fec5eae3          	bltu	a1,a2,201100ba <_loadcode_vma_start+0xba>
201100ca:	83818513          	addi	a0,gp,-1992 # 20110218 <HCLKClock>
201100ce:	00003597          	auipc	a1,0x3
201100d2:	b5a58593          	addi	a1,a1,-1190 # 20112c28 <_ebss>
201100d6:	00b57763          	bgeu	a0,a1,201100e4 <_loadcode_vma_start+0xe4>
201100da:	00052023          	sw	zero,0(a0)
201100de:	0511                	addi	a0,a0,4
201100e0:	feb56de3          	bltu	a0,a1,201100da <_loadcode_vma_start+0xda>
201100e4:	8082                	ret
	...

Disassembly of section .highcode:

20100000 <_highcode_vma_start>:
	...
20100008:	201002da          	.word	0x201002da
2010000c:	201002dc          	.word	0x201002dc
20100010:	00000000          	.word	0x00000000
20100014:	20100662          	.word	0x20100662
	...
20100020:	20100662          	.word	0x20100662
20100024:	20100662          	.word	0x20100662
	...
20100030:	20100662          	.word	0x20100662
20100034:	20100662          	.word	0x20100662
20100038:	201002ec          	.word	0x201002ec
2010003c:	00000000          	.word	0x00000000
20100040:	20100662          	.word	0x20100662
20100044:	20100662          	.word	0x20100662
20100048:	20100662          	.word	0x20100662
2010004c:	20100662          	.word	0x20100662
	...
20100070:	20100662          	.word	0x20100662
	...
20100080:	20100662          	.word	0x20100662
20100084:	20100662          	.word	0x20100662
20100088:	20100662          	.word	0x20100662
2010008c:	20100662          	.word	0x20100662
20100090:	20100662          	.word	0x20100662
20100094:	20100662          	.word	0x20100662
20100098:	20100662          	.word	0x20100662
2010009c:	20100662          	.word	0x20100662
201000a0:	20100662          	.word	0x20100662
201000a4:	20100662          	.word	0x20100662
201000a8:	20100662          	.word	0x20100662
201000ac:	20100662          	.word	0x20100662
201000b0:	20100662          	.word	0x20100662
201000b4:	20100662          	.word	0x20100662
201000b8:	20100662          	.word	0x20100662
201000bc:	20100662          	.word	0x20100662
201000c0:	20100662          	.word	0x20100662
201000c4:	20100662          	.word	0x20100662
201000c8:	20100662          	.word	0x20100662
201000cc:	20100662          	.word	0x20100662
201000d0:	20100662          	.word	0x20100662
201000d4:	20100662          	.word	0x20100662
201000d8:	20100662          	.word	0x20100662
201000dc:	20100662          	.word	0x20100662
201000e0:	201017b0          	.word	0x201017b0
201000e4:	20100662          	.word	0x20100662
201000e8:	20100662          	.word	0x20100662
201000ec:	20100662          	.word	0x20100662
201000f0:	20100662          	.word	0x20100662
201000f4:	00000000          	.word	0x00000000
201000f8:	20100662          	.word	0x20100662
201000fc:	20100662          	.word	0x20100662
20100100:	20100662          	.word	0x20100662
20100104:	20100662          	.word	0x20100662
20100108:	20100662          	.word	0x20100662
2010010c:	2010115a          	.word	0x2010115a
20100110:	20100662          	.word	0x20100662
20100114:	20100662          	.word	0x20100662
20100118:	20100662          	.word	0x20100662
2010011c:	20100662          	.word	0x20100662
20100120:	20100662          	.word	0x20100662
20100124:	20100662          	.word	0x20100662
20100128:	20100662          	.word	0x20100662
2010012c:	20100662          	.word	0x20100662
20100130:	20100662          	.word	0x20100662
20100134:	20100662          	.word	0x20100662
20100138:	20100662          	.word	0x20100662
2010013c:	20100662          	.word	0x20100662
20100140:	20100662          	.word	0x20100662
20100144:	20100662          	.word	0x20100662
20100148:	20100662          	.word	0x20100662
2010014c:	20100662          	.word	0x20100662
20100150:	20100662          	.word	0x20100662
20100154:	20100662          	.word	0x20100662
20100158:	20100662          	.word	0x20100662
2010015c:	20100662          	.word	0x20100662
20100160:	20100662          	.word	0x20100662
20100164:	20100662          	.word	0x20100662
20100168:	20100662          	.word	0x20100662
2010016c:	20100662          	.word	0x20100662
20100170:	20100662          	.word	0x20100662
20100174:	20100662          	.word	0x20100662
20100178:	20100662          	.word	0x20100662
2010017c:	20100662          	.word	0x20100662
20100180:	20100662          	.word	0x20100662
20100184:	20100662          	.word	0x20100662
20100188:	20100662          	.word	0x20100662
2010018c:	20100662          	.word	0x20100662
20100190:	20100662          	.word	0x20100662
20100194:	20100662          	.word	0x20100662
20100198:	20100662          	.word	0x20100662
2010019c:	20100662          	.word	0x20100662
201001a0:	20100662          	.word	0x20100662
201001a4:	20100662          	.word	0x20100662
201001a8:	20100662          	.word	0x20100662
201001ac:	20100662          	.word	0x20100662
201001b0:	20100662          	.word	0x20100662
201001b4:	20100662          	.word	0x20100662
201001b8:	20100662          	.word	0x20100662
201001bc:	20100662          	.word	0x20100662
201001c0:	20100662          	.word	0x20100662
201001c4:	20100662          	.word	0x20100662
201001c8:	20100662          	.word	0x20100662
201001cc:	00000000          	.word	0x00000000
201001d0:	20100662          	.word	0x20100662
201001d4:	20100662          	.word	0x20100662
201001d8:	20100662          	.word	0x20100662
201001dc:	20100662          	.word	0x20100662
201001e0:	20100662          	.word	0x20100662
201001e4:	20100662          	.word	0x20100662
201001e8:	20100662          	.word	0x20100662
201001ec:	20100662          	.word	0x20100662
201001f0:	20100662          	.word	0x20100662
201001f4:	20100662          	.word	0x20100662
201001f8:	00000000          	.word	0x00000000
201001fc:	20100662          	.word	0x20100662
20100200:	20100662          	.word	0x20100662
	...
2010020c:	20100662          	.word	0x20100662
	...
20100218:	20100662          	.word	0x20100662
2010021c:	20100662          	.word	0x20100662
20100220:	20100662          	.word	0x20100662
20100224:	20100662          	.word	0x20100662
20100228:	20100662          	.word	0x20100662
2010022c:	00000000          	.word	0x00000000
20100230:	20100662          	.word	0x20100662
20100234:	20100662          	.word	0x20100662
20100238:	20100662          	.word	0x20100662
2010023c:	20100662          	.word	0x20100662
20100240:	20100662          	.word	0x20100662
20100244:	20100662          	.word	0x20100662
20100248:	20100662          	.word	0x20100662
2010024c:	20100662          	.word	0x20100662
20100250:	20100662          	.word	0x20100662

20100254 <__riscv_save_12>:
20100254:	7139                	addi	sp,sp,-64
20100256:	4301                	li	t1,0
20100258:	c66e                	sw	s11,12(sp)
2010025a:	a019                	j	20100260 <__riscv_save_10+0x4>

2010025c <__riscv_save_10>:
2010025c:	7139                	addi	sp,sp,-64
2010025e:	5341                	li	t1,-16
20100260:	c86a                	sw	s10,16(sp)
20100262:	ca66                	sw	s9,20(sp)
20100264:	cc62                	sw	s8,24(sp)
20100266:	ce5e                	sw	s7,28(sp)
20100268:	a019                	j	2010026e <__riscv_save_4+0x4>

2010026a <__riscv_save_4>:
2010026a:	7139                	addi	sp,sp,-64
2010026c:	5301                	li	t1,-32
2010026e:	d05a                	sw	s6,32(sp)
20100270:	d256                	sw	s5,36(sp)
20100272:	d452                	sw	s4,40(sp)
20100274:	d64e                	sw	s3,44(sp)
20100276:	d84a                	sw	s2,48(sp)
20100278:	da26                	sw	s1,52(sp)
2010027a:	dc22                	sw	s0,56(sp)
2010027c:	de06                	sw	ra,60(sp)
2010027e:	40610133          	sub	sp,sp,t1
20100282:	8282                	jr	t0

20100284 <__riscv_save_0>:
20100284:	1141                	addi	sp,sp,-16
20100286:	c04a                	sw	s2,0(sp)
20100288:	c226                	sw	s1,4(sp)
2010028a:	c422                	sw	s0,8(sp)
2010028c:	c606                	sw	ra,12(sp)
2010028e:	8282                	jr	t0

20100290 <__riscv_restore_12>:
20100290:	4db2                	lw	s11,12(sp)
20100292:	0141                	addi	sp,sp,16

20100294 <__riscv_restore_10>:
20100294:	4d02                	lw	s10,0(sp)
20100296:	4c92                	lw	s9,4(sp)
20100298:	4c22                	lw	s8,8(sp)
2010029a:	4bb2                	lw	s7,12(sp)
2010029c:	0141                	addi	sp,sp,16

2010029e <__riscv_restore_4>:
2010029e:	4b02                	lw	s6,0(sp)
201002a0:	4a92                	lw	s5,4(sp)
201002a2:	4a22                	lw	s4,8(sp)
201002a4:	49b2                	lw	s3,12(sp)
201002a6:	0141                	addi	sp,sp,16

201002a8 <__riscv_restore_0>:
201002a8:	4902                	lw	s2,0(sp)
201002aa:	4492                	lw	s1,4(sp)
201002ac:	4422                	lw	s0,8(sp)
201002ae:	40b2                	lw	ra,12(sp)
201002b0:	0141                	addi	sp,sp,16
201002b2:	8082                	ret

201002b4 <memcpy>:
201002b4:	832a                	mv	t1,a0
201002b6:	ca09                	beqz	a2,201002c8 <memcpy+0x14>
201002b8:	00058383          	lb	t2,0(a1)
201002bc:	00730023          	sb	t2,0(t1) # 1000000 <_data_lma+0xffc34c>
201002c0:	167d                	addi	a2,a2,-1
201002c2:	0305                	addi	t1,t1,1
201002c4:	0585                	addi	a1,a1,1
201002c6:	fa6d                	bnez	a2,201002b8 <memcpy+0x4>
201002c8:	8082                	ret

201002ca <memset>:
201002ca:	832a                	mv	t1,a0
201002cc:	c611                	beqz	a2,201002d8 <memset+0xe>
201002ce:	00b30023          	sb	a1,0(t1)
201002d2:	167d                	addi	a2,a2,-1
201002d4:	0305                	addi	t1,t1,1
201002d6:	fe65                	bnez	a2,201002ce <memset+0x4>
201002d8:	8082                	ret

201002da <NMI_Handler>:
201002da:	a001                	j	201002da <NMI_Handler>

201002dc <HardFault_Handler>:
201002dc:	beef07b7          	lui	a5,0xbeef0
201002e0:	e000e737          	lui	a4,0xe000e
201002e4:	08078793          	addi	a5,a5,128 # beef0080 <_eusrstack+0x9eddb080>
201002e8:	c73c                	sw	a5,72(a4)
201002ea:	a001                	j	201002ea <HardFault_Handler+0xe>

201002ec <SW_Handler>:
201002ec:	6719                	lui	a4,0x6
201002ee:	8702                	jr	a4
201002f0:	a001                	j	201002f0 <SW_Handler+0x4>

201002f2 <main>:
201002f2:	f93ff2ef          	jal	t0,20100284 <__riscv_save_0>
201002f6:	20a9                	jal	20100340 <SystemInit>
201002f8:	2af5                	jal	201004f4 <SystemAndCoreClockUpdate>
201002fa:	301010ef          	jal	ra,20101dfa <Delay_Init>
201002fe:	000e1537          	lui	a0,0xe1
20100302:	34d010ef          	jal	ra,20101e4e <USART_Printf_Init>
20100306:	3e800513          	li	a0,1000
2010030a:	313010ef          	jal	ra,20101e1c <Delay_Ms>
2010030e:	8081a583          	lw	a1,-2040(gp) # 201101e8 <SystemClock>
20100312:	20103537          	lui	a0,0x20103
20100316:	7f050513          	addi	a0,a0,2032 # 201037f0 <_read+0xe>
2010031a:	23c020ef          	jal	ra,20102556 <iprintf>
2010031e:	201107b7          	lui	a5,0x20110
20100322:	1e47a583          	lw	a1,484(a5) # 201101e4 <SystemCoreClock>
20100326:	20104537          	lui	a0,0x20104
2010032a:	80050513          	addi	a0,a0,-2048 # 20103800 <_read+0x1e>
2010032e:	228020ef          	jal	ra,20102556 <iprintf>
20100332:	1f400513          	li	a0,500
20100336:	2e7010ef          	jal	ra,20101e1c <Delay_Ms>
2010033a:	45b010ef          	jal	ra,20101f94 <Hardware>
2010033e:	a001                	j	2010033e <main+0x4c>

20100340 <SystemInit>:
20100340:	f45ff2ef          	jal	t0,20100284 <__riscv_save_0>
20100344:	400217b7          	lui	a5,0x40021
20100348:	4398                	lw	a4,0(a5)
2010034a:	305c06b7          	lui	a3,0x305c0
2010034e:	1141                	addi	sp,sp,-16
20100350:	00176713          	ori	a4,a4,1
20100354:	c398                	sw	a4,0(a5)
20100356:	43d8                	lw	a4,4(a5)
20100358:	40021437          	lui	s0,0x40021
2010035c:	8f75                	and	a4,a4,a3
2010035e:	c3d8                	sw	a4,4(a5)
20100360:	405c                	lw	a5,4(s0)
20100362:	8bb1                	andi	a5,a5,12
20100364:	fff5                	bnez	a5,20100360 <SystemInit+0x20>
20100366:	405c                	lw	a5,4(s0)
20100368:	6aa70737          	lui	a4,0x6aa70
2010036c:	177d                	addi	a4,a4,-1 # 6aa6ffff <_eusrstack+0x4a95afff>
2010036e:	49679793          	bclri	a5,a5,0x16
20100372:	c05c                	sw	a5,4(s0)
20100374:	441c                	lw	a5,8(s0)
20100376:	49f79793          	bclri	a5,a5,0x1f
2010037a:	c41c                	sw	a5,8(s0)
2010037c:	401c                	lw	a5,0(s0)
2010037e:	8ff9                	and	a5,a5,a4
20100380:	c01c                	sw	a5,0(s0)
20100382:	401c                	lw	a5,0(s0)
20100384:	0fffc737          	lui	a4,0xfffc
20100388:	49279793          	bclri	a5,a5,0x12
2010038c:	c01c                	sw	a5,0(s0)
2010038e:	441c                	lw	a5,8(s0)
20100390:	8ff9                	and	a5,a5,a4
20100392:	c41c                	sw	a5,8(s0)
20100394:	441c                	lw	a5,8(s0)
20100396:	0c600737          	lui	a4,0xc600
2010039a:	0047e793          	ori	a5,a5,4
2010039e:	c41c                	sw	a5,8(s0)
201003a0:	00ff07b7          	lui	a5,0xff0
201003a4:	c45c                	sw	a5,12(s0)
201003a6:	581c                	lw	a5,48(s0)
201003a8:	8ff9                	and	a5,a5,a4
201003aa:	d81c                	sw	a5,48(s0)
201003ac:	585c                	lw	a5,52(s0)
201003ae:	fff0e737          	lui	a4,0xfff0e
201003b2:	08070713          	addi	a4,a4,128 # fff0e080 <_eusrstack+0xdfdf9080>
201003b6:	8ff9                	and	a5,a5,a4
201003b8:	d85c                	sw	a5,52(s0)
201003ba:	585c                	lw	a5,52(s0)
201003bc:	00080737          	lui	a4,0x80
201003c0:	02070713          	addi	a4,a4,32 # 80020 <_data_lma+0x7c36c>
201003c4:	8fd9                	or	a5,a5,a4
201003c6:	d85c                	sw	a5,52(s0)
201003c8:	7ae000ef          	jal	ra,20100b76 <GPIO_IPD_Unused>
201003cc:	c202                	sw	zero,4(sp)
201003ce:	c402                	sw	zero,8(sp)
201003d0:	c602                	sw	zero,12(sp)
201003d2:	401c                	lw	a5,0(s0)
201003d4:	400216b7          	lui	a3,0x40021
201003d8:	00020637          	lui	a2,0x20
201003dc:	29079793          	bseti	a5,a5,0x10
201003e0:	01000737          	lui	a4,0x1000
201003e4:	c01c                	sw	a5,0(s0)
201003e6:	429c                	lw	a5,0(a3)
201003e8:	8ff1                	and	a5,a5,a2
201003ea:	c43e                	sw	a5,8(sp)
201003ec:	4792                	lw	a5,4(sp)
201003ee:	0785                	addi	a5,a5,1 # ff0001 <_data_lma+0xfec34d>
201003f0:	c23e                	sw	a5,4(sp)
201003f2:	47a2                	lw	a5,8(sp)
201003f4:	e781                	bnez	a5,201003fc <SystemInit+0xbc>
201003f6:	4792                	lw	a5,4(sp)
201003f8:	fee797e3          	bne	a5,a4,201003e6 <SystemInit+0xa6>
201003fc:	400217b7          	lui	a5,0x40021
20100400:	439c                	lw	a5,0(a5)
20100402:	00020737          	lui	a4,0x20
20100406:	8ff9                	and	a5,a5,a4
20100408:	c7e5                	beqz	a5,201004f0 <SystemInit+0x1b0>
2010040a:	4785                	li	a5,1
2010040c:	c43e                	sw	a5,8(sp)
2010040e:	4722                	lw	a4,8(sp)
20100410:	4785                	li	a5,1
20100412:	0cf71d63          	bne	a4,a5,201004ec <SystemInit+0x1ac>
20100416:	400217b7          	lui	a5,0x40021
2010041a:	4798                	lw	a4,8(a5)
2010041c:	76f1                	lui	a3,0xffffc
2010041e:	0ff68693          	addi	a3,a3,255 # ffffc0ff <_eusrstack+0xdfee70ff>
20100422:	9b01                	andi	a4,a4,-32
20100424:	c798                	sw	a4,8(a5)
20100426:	4798                	lw	a4,8(a5)
20100428:	01076713          	ori	a4,a4,16
2010042c:	c798                	sw	a4,8(a5)
2010042e:	4798                	lw	a4,8(a5)
20100430:	8f75                	and	a4,a4,a3
20100432:	c798                	sw	a4,8(a5)
20100434:	4798                	lw	a4,8(a5)
20100436:	02000693          	li	a3,32
2010043a:	c798                	sw	a4,8(a5)
2010043c:	4798                	lw	a4,8(a5)
2010043e:	f1f77713          	andi	a4,a4,-225
20100442:	c798                	sw	a4,8(a5)
20100444:	4798                	lw	a4,8(a5)
20100446:	02076713          	ori	a4,a4,32
2010044a:	c798                	sw	a4,8(a5)
2010044c:	4798                	lw	a4,8(a5)
2010044e:	0e077713          	andi	a4,a4,224
20100452:	fed71de3          	bne	a4,a3,2010044c <SystemInit+0x10c>
20100456:	4398                	lw	a4,0(a5)
20100458:	020006b7          	lui	a3,0x2000
2010045c:	29871713          	bseti	a4,a4,0x18
20100460:	c398                	sw	a4,0(a5)
20100462:	400217b7          	lui	a5,0x40021
20100466:	4398                	lw	a4,0(a5)
20100468:	8f75                	and	a4,a4,a3
2010046a:	df75                	beqz	a4,20100466 <SystemInit+0x126>
2010046c:	4798                	lw	a4,8(a5)
2010046e:	900006b7          	lui	a3,0x90000
20100472:	16fd                	addi	a3,a3,-1 # 8fffffff <_eusrstack+0x6feeafff>
20100474:	49f71713          	bclri	a4,a4,0x1f
20100478:	c798                	sw	a4,8(a5)
2010047a:	4798                	lw	a4,8(a5)
2010047c:	8f75                	and	a4,a4,a3
2010047e:	c798                	sw	a4,8(a5)
20100480:	700006b7          	lui	a3,0x70000
20100484:	400217b7          	lui	a5,0x40021
20100488:	4798                	lw	a4,8(a5)
2010048a:	8f75                	and	a4,a4,a3
2010048c:	ff75                	bnez	a4,20100488 <SystemInit+0x148>
2010048e:	43d8                	lw	a4,4(a5)
20100490:	fffd06b7          	lui	a3,0xfffd0
20100494:	16fd                	addi	a3,a3,-1 # fffcffff <_eusrstack+0xdfebafff>
20100496:	f0f77713          	andi	a4,a4,-241
2010049a:	c3d8                	sw	a4,4(a5)
2010049c:	43d8                	lw	a4,4(a5)
2010049e:	c3d8                	sw	a4,4(a5)
201004a0:	43d8                	lw	a4,4(a5)
201004a2:	8f75                	and	a4,a4,a3
201004a4:	c3d8                	sw	a4,4(a5)
201004a6:	43d8                	lw	a4,4(a5)
201004a8:	400226b7          	lui	a3,0x40022
201004ac:	29171713          	bseti	a4,a4,0x11
201004b0:	c3d8                	sw	a4,4(a5)
201004b2:	4298                	lw	a4,0(a3)
201004b4:	c63a                	sw	a4,12(sp)
201004b6:	4732                	lw	a4,12(sp)
201004b8:	9b71                	andi	a4,a4,-4
201004ba:	c63a                	sw	a4,12(sp)
201004bc:	4732                	lw	a4,12(sp)
201004be:	00176713          	ori	a4,a4,1
201004c2:	c63a                	sw	a4,12(sp)
201004c4:	4732                	lw	a4,12(sp)
201004c6:	c298                	sw	a4,0(a3)
201004c8:	4798                	lw	a4,8(a5)
201004ca:	400216b7          	lui	a3,0x40021
201004ce:	29f71713          	bseti	a4,a4,0x1f
201004d2:	c798                	sw	a4,8(a5)
201004d4:	43d8                	lw	a4,4(a5)
201004d6:	9b71                	andi	a4,a4,-4
201004d8:	c3d8                	sw	a4,4(a5)
201004da:	43d8                	lw	a4,4(a5)
201004dc:	00276713          	ori	a4,a4,2
201004e0:	c3d8                	sw	a4,4(a5)
201004e2:	4721                	li	a4,8
201004e4:	42dc                	lw	a5,4(a3)
201004e6:	8bb1                	andi	a5,a5,12
201004e8:	fee79ee3          	bne	a5,a4,201004e4 <SystemInit+0x1a4>
201004ec:	0141                	addi	sp,sp,16
201004ee:	bb6d                	j	201002a8 <__riscv_restore_0>
201004f0:	c402                	sw	zero,8(sp)
201004f2:	bf31                	j	2010040e <SystemInit+0xce>

201004f4 <SystemAndCoreClockUpdate>:
201004f4:	400217b7          	lui	a5,0x40021
201004f8:	43d4                	lw	a3,4(a5)
201004fa:	4798                	lw	a4,8(a5)
201004fc:	4621                	li	a2,8
201004fe:	8ab1                	andi	a3,a3,12
20100500:	02c69463          	bne	a3,a2,20100528 <SystemAndCoreClockUpdate+0x34>
20100504:	700006b7          	lui	a3,0x70000
20100508:	8f75                	and	a4,a4,a3
2010050a:	50000637          	lui	a2,0x50000
2010050e:	14c70563          	beq	a4,a2,20100658 <SystemAndCoreClockUpdate+0x164>
20100512:	02e66063          	bltu	a2,a4,20100532 <SystemAndCoreClockUpdate+0x3e>
20100516:	c71d                	beqz	a4,20100544 <SystemAndCoreClockUpdate+0x50>
20100518:	1c9c47b7          	lui	a5,0x1c9c4
2010051c:	400006b7          	lui	a3,0x40000
20100520:	80078793          	addi	a5,a5,-2048 # 1c9c3800 <_data_lma+0x1c9bfb4c>
20100524:	06d70763          	beq	a4,a3,20100592 <SystemAndCoreClockUpdate+0x9e>
20100528:	017d87b7          	lui	a5,0x17d8
2010052c:	84078793          	addi	a5,a5,-1984 # 17d7840 <_data_lma+0x17d3b8c>
20100530:	a08d                	j	20100592 <SystemAndCoreClockUpdate+0x9e>
20100532:	60000637          	lui	a2,0x60000
20100536:	10c70263          	beq	a4,a2,2010063a <SystemAndCoreClockUpdate+0x146>
2010053a:	077367b7          	lui	a5,0x7736
2010053e:	94078793          	addi	a5,a5,-1728 # 7735940 <_data_lma+0x7731c8c>
20100542:	b7cd                	j	20100524 <SystemAndCoreClockUpdate+0x30>
20100544:	4790                	lw	a2,8(a5)
20100546:	4794                	lw	a3,8(a5)
20100548:	4798                	lw	a4,8(a5)
2010054a:	0a000593          	li	a1,160
2010054e:	0e06f693          	andi	a3,a3,224
20100552:	8321                	srli	a4,a4,0x8
20100554:	03f77713          	andi	a4,a4,63
20100558:	8a7d                	andi	a2,a2,31
2010055a:	0705                	addi	a4,a4,1 # 20001 <_data_lma+0x1c34d>
2010055c:	08b69463          	bne	a3,a1,201005e4 <SystemAndCoreClockUpdate+0xf0>
20100560:	1dcd67b7          	lui	a5,0x1dcd6
20100564:	50078793          	addi	a5,a5,1280 # 1dcd6500 <_data_lma+0x1dcd284c>
20100568:	02e7d733          	divu	a4,a5,a4
2010056c:	201107b7          	lui	a5,0x20110
20100570:	12078793          	addi	a5,a5,288 # 20110120 <PLLMULTB>
20100574:	97b2                	add	a5,a5,a2
20100576:	239c                	lbu	a5,0(a5)
20100578:	4691                	li	a3,4
2010057a:	02e787b3          	mul	a5,a5,a4
2010057e:	00d60963          	beq	a2,a3,20100590 <SystemAndCoreClockUpdate+0x9c>
20100582:	6685                	lui	a3,0x1
20100584:	54068693          	addi	a3,a3,1344 # 1540 <__stack_size+0xd40>
20100588:	00c6d6b3          	srl	a3,a3,a2
2010058c:	8a85                	andi	a3,a3,1
2010058e:	c291                	beqz	a3,20100592 <SystemAndCoreClockUpdate+0x9e>
20100590:	8385                	srli	a5,a5,0x1
20100592:	80f1a423          	sw	a5,-2040(gp) # 201101e8 <SystemClock>
20100596:	40021637          	lui	a2,0x40021
2010059a:	4254                	lw	a3,4(a2)
2010059c:	20110737          	lui	a4,0x20110
201005a0:	11070713          	addi	a4,a4,272 # 20110110 <HBPrescTB>
201005a4:	8291                	srli	a3,a3,0x4
201005a6:	8abd                	andi	a3,a3,15
201005a8:	9736                	add	a4,a4,a3
201005aa:	2318                	lbu	a4,0(a4)
201005ac:	201106b7          	lui	a3,0x20110
201005b0:	1e068693          	addi	a3,a3,480 # 201101e0 <FPRETB>
201005b4:	00e7d7b3          	srl	a5,a5,a4
201005b8:	4258                	lw	a4,4(a2)
201005ba:	6641                	lui	a2,0x10
201005bc:	8341                	srli	a4,a4,0x10
201005be:	8b0d                	andi	a4,a4,3
201005c0:	9736                	add	a4,a4,a3
201005c2:	2318                	lbu	a4,0(a4)
201005c4:	00e7d733          	srl	a4,a5,a4
201005c8:	82e1ac23          	sw	a4,-1992(gp) # 20110218 <HCLKClock>
201005cc:	e000f6b7          	lui	a3,0xe000f
201005d0:	d106a683          	lw	a3,-752(a3) # e000ed10 <_eusrstack+0xbfef9d10>
201005d4:	8ef1                	and	a3,a3,a2
201005d6:	e291                	bnez	a3,201005da <SystemAndCoreClockUpdate+0xe6>
201005d8:	87ba                	mv	a5,a4
201005da:	20110737          	lui	a4,0x20110
201005de:	1ef72223          	sw	a5,484(a4) # 201101e4 <SystemCoreClock>
201005e2:	8082                	ret
201005e4:	0e000593          	li	a1,224
201005e8:	02b69263          	bne	a3,a1,2010060c <SystemAndCoreClockUpdate+0x118>
201005ec:	5bd4                	lw	a3,52(a5)
201005ee:	201107b7          	lui	a5,0x20110
201005f2:	10078793          	addi	a5,a5,256 # 20110100 <SERDESPLLMULTB>
201005f6:	82c1                	srli	a3,a3,0x10
201005f8:	97b6                	add	a5,a5,a3
201005fa:	239c                	lbu	a5,0(a5)
201005fc:	017d86b7          	lui	a3,0x17d8
20100600:	84068693          	addi	a3,a3,-1984 # 17d7840 <_data_lma+0x17d3b8c>
20100604:	02d787b3          	mul	a5,a5,a3
20100608:	8385                	srli	a5,a5,0x1
2010060a:	bfb9                	j	20100568 <SystemAndCoreClockUpdate+0x74>
2010060c:	08000793          	li	a5,128
20100610:	00f69763          	bne	a3,a5,2010061e <SystemAndCoreClockUpdate+0x12a>
20100614:	1c9c47b7          	lui	a5,0x1c9c4
20100618:	80078793          	addi	a5,a5,-2048 # 1c9c3800 <_data_lma+0x1c9bfb4c>
2010061c:	b7b1                	j	20100568 <SystemAndCoreClockUpdate+0x74>
2010061e:	0c000793          	li	a5,192
20100622:	00f69763          	bne	a3,a5,20100630 <SystemAndCoreClockUpdate+0x13c>
20100626:	077367b7          	lui	a5,0x7736
2010062a:	94078793          	addi	a5,a5,-1728 # 7735940 <_data_lma+0x7731c8c>
2010062e:	bf2d                	j	20100568 <SystemAndCoreClockUpdate+0x74>
20100630:	017d87b7          	lui	a5,0x17d8
20100634:	84078793          	addi	a5,a5,-1984 # 17d7840 <_data_lma+0x17d3b8c>
20100638:	bf05                	j	20100568 <SystemAndCoreClockUpdate+0x74>
2010063a:	5bd8                	lw	a4,52(a5)
2010063c:	201107b7          	lui	a5,0x20110
20100640:	10078793          	addi	a5,a5,256 # 20110100 <SERDESPLLMULTB>
20100644:	8341                	srli	a4,a4,0x10
20100646:	97ba                	add	a5,a5,a4
20100648:	239c                	lbu	a5,0(a5)
2010064a:	017d8737          	lui	a4,0x17d8
2010064e:	84070713          	addi	a4,a4,-1984 # 17d7840 <_data_lma+0x17d3b8c>
20100652:	02e787b3          	mul	a5,a5,a4
20100656:	bf2d                	j	20100590 <SystemAndCoreClockUpdate+0x9c>
20100658:	1dcd67b7          	lui	a5,0x1dcd6
2010065c:	50078793          	addi	a5,a5,1280 # 1dcd6500 <_data_lma+0x1dcd284c>
20100660:	bf0d                	j	20100592 <SystemAndCoreClockUpdate+0x9e>

20100662 <ADC1_2_IRQHandler>:
20100662:	a001                	j	20100662 <ADC1_2_IRQHandler>

20100664 <FLASH_BOOT_GetMode>:
20100664:	1101                	addi	sp,sp,-32
20100666:	ce06                	sw	ra,28(sp)
20100668:	cc22                	sw	s0,24(sp)
2010066a:	1000                	addi	s0,sp,32
2010066c:	080007b7          	lui	a5,0x8000
20100670:	439c                	lw	a5,0(a5)
20100672:	fef42623          	sw	a5,-20(s0) # 40020fec <_eusrstack+0x1ff0bfec>
20100676:	2015                	jal	2010069a <FLASH_GetUserOptionByte>
20100678:	87aa                	mv	a5,a0
2010067a:	fef42623          	sw	a5,-20(s0)
2010067e:	fec42783          	lw	a5,-20(s0)
20100682:	f007f793          	andi	a5,a5,-256
20100686:	fef42623          	sw	a5,-20(s0)
2010068a:	fec42783          	lw	a5,-20(s0)
2010068e:	8399                	srli	a5,a5,0x6
20100690:	853e                	mv	a0,a5
20100692:	40f2                	lw	ra,28(sp)
20100694:	4462                	lw	s0,24(sp)
20100696:	6105                	addi	sp,sp,32
20100698:	8082                	ret

2010069a <FLASH_GetUserOptionByte>:
2010069a:	400227b7          	lui	a5,0x40022
2010069e:	4fc8                	lw	a0,28(a5)
201006a0:	8109                	srli	a0,a0,0x2
201006a2:	8082                	ret

201006a4 <FLASH_GetStatus>:
201006a4:	400227b7          	lui	a5,0x40022
201006a8:	47c8                	lw	a0,12(a5)
201006aa:	8905                	andi	a0,a0,1
201006ac:	e511                	bnez	a0,201006b8 <FLASH_GetStatus+0x14>
201006ae:	47c8                	lw	a0,12(a5)
201006b0:	8941                	andi	a0,a0,16
201006b2:	00153513          	seqz	a0,a0
201006b6:	050d                	addi	a0,a0,3
201006b8:	8082                	ret

201006ba <FLASH_WaitForLastOperation>:
201006ba:	bcbff2ef          	jal	t0,20100284 <__riscv_save_0>
201006be:	84aa                	mv	s1,a0
201006c0:	4905                	li	s2,1
201006c2:	37cd                	jal	201006a4 <FLASH_GetStatus>
201006c4:	01251863          	bne	a0,s2,201006d4 <FLASH_WaitForLastOperation+0x1a>
201006c8:	e099                	bnez	s1,201006ce <FLASH_WaitForLastOperation+0x14>
201006ca:	4515                	li	a0,5
201006cc:	a029                	j	201006d6 <FLASH_WaitForLastOperation+0x1c>
201006ce:	3fd9                	jal	201006a4 <FLASH_GetStatus>
201006d0:	14fd                	addi	s1,s1,-1
201006d2:	bfcd                	j	201006c4 <FLASH_WaitForLastOperation+0xa>
201006d4:	d8fd                	beqz	s1,201006ca <FLASH_WaitForLastOperation+0x10>
201006d6:	bec9                	j	201002a8 <__riscv_restore_0>

201006d8 <FLASH_ErasePage>:
201006d8:	badff2ef          	jal	t0,20100284 <__riscv_save_0>
201006dc:	400227b7          	lui	a5,0x40022
201006e0:	57dc                	lw	a5,44(a5)
201006e2:	10000737          	lui	a4,0x10000
201006e6:	8ff9                	and	a5,a5,a4
201006e8:	cf8d                	beqz	a5,20100722 <FLASH_ErasePage+0x4a>
201006ea:	77f9                	lui	a5,0xffffe
201006ec:	00f57933          	and	s2,a0,a5
201006f0:	0a000537          	lui	a0,0xa000
201006f4:	37d9                	jal	201006ba <FLASH_WaitForLastOperation>
201006f6:	4791                	li	a5,4
201006f8:	02f51463          	bne	a0,a5,20100720 <FLASH_ErasePage+0x48>
201006fc:	400224b7          	lui	s1,0x40022
20100700:	489c                	lw	a5,16(s1)
20100702:	0a000537          	lui	a0,0xa000
20100706:	0027e793          	ori	a5,a5,2
2010070a:	c89c                	sw	a5,16(s1)
2010070c:	0124aa23          	sw	s2,20(s1) # 40022014 <_eusrstack+0x1ff0d014>
20100710:	489c                	lw	a5,16(s1)
20100712:	0407e793          	ori	a5,a5,64
20100716:	c89c                	sw	a5,16(s1)
20100718:	374d                	jal	201006ba <FLASH_WaitForLastOperation>
2010071a:	489c                	lw	a5,16(s1)
2010071c:	9bf5                	andi	a5,a5,-3
2010071e:	c89c                	sw	a5,16(s1)
20100720:	b661                	j	201002a8 <__riscv_restore_0>
20100722:	77fd                	lui	a5,0xfffff
20100724:	b7e1                	j	201006ec <FLASH_ErasePage+0x14>

20100726 <FLASH_Unlock_Fast>:
20100726:	456706b7          	lui	a3,0x45670
2010072a:	400227b7          	lui	a5,0x40022
2010072e:	12368693          	addi	a3,a3,291 # 45670123 <_eusrstack+0x2555b123>
20100732:	cdef9737          	lui	a4,0xcdef9
20100736:	c3d4                	sw	a3,4(a5)
20100738:	9ab70713          	addi	a4,a4,-1621 # cdef89ab <_eusrstack+0xadde39ab>
2010073c:	c3d8                	sw	a4,4(a5)
2010073e:	d3d4                	sw	a3,36(a5)
20100740:	d3d8                	sw	a4,36(a5)
20100742:	8082                	ret

20100744 <FLASH_ProgramPage_Fast>:
20100744:	40022737          	lui	a4,0x40022
20100748:	4b1c                	lw	a5,16(a4)
2010074a:	f0057513          	andi	a0,a0,-256
2010074e:	29079793          	bseti	a5,a5,0x10
20100752:	cb1c                	sw	a5,16(a4)
20100754:	475c                	lw	a5,12(a4)
20100756:	8b85                	andi	a5,a5,1
20100758:	fff5                	bnez	a5,20100754 <FLASH_ProgramPage_Fast+0x10>
2010075a:	40022737          	lui	a4,0x40022
2010075e:	475c                	lw	a5,12(a4)
20100760:	8b89                	andi	a5,a5,2
20100762:	fff5                	bnez	a5,2010075e <FLASH_ProgramPage_Fast+0x1a>
20100764:	40022737          	lui	a4,0x40022
20100768:	10000613          	li	a2,256
2010076c:	00f586b3          	add	a3,a1,a5
20100770:	0006a803          	lw	a6,0(a3)
20100774:	00a786b3          	add	a3,a5,a0
20100778:	0106a023          	sw	a6,0(a3)
2010077c:	4754                	lw	a3,12(a4)
2010077e:	8a89                	andi	a3,a3,2
20100780:	fef5                	bnez	a3,2010077c <FLASH_ProgramPage_Fast+0x38>
20100782:	0791                	addi	a5,a5,4 # 40022004 <_eusrstack+0x1ff0d004>
20100784:	fec794e3          	bne	a5,a2,2010076c <FLASH_ProgramPage_Fast+0x28>
20100788:	4b1c                	lw	a5,16(a4)
2010078a:	29579793          	bseti	a5,a5,0x15
2010078e:	cb1c                	sw	a5,16(a4)
20100790:	400227b7          	lui	a5,0x40022
20100794:	47d8                	lw	a4,12(a5)
20100796:	8b05                	andi	a4,a4,1
20100798:	ff75                	bnez	a4,20100794 <FLASH_ProgramPage_Fast+0x50>
2010079a:	4b98                	lw	a4,16(a5)
2010079c:	49071713          	bclri	a4,a4,0x10
201007a0:	cb98                	sw	a4,16(a5)
201007a2:	8082                	ret

201007a4 <GPIO_DeInit>:
201007a4:	ae1ff2ef          	jal	t0,20100284 <__riscv_save_0>
201007a8:	400117b7          	lui	a5,0x40011
201007ac:	80078713          	addi	a4,a5,-2048 # 40010800 <_eusrstack+0x1fefb800>
201007b0:	00e51b63          	bne	a0,a4,201007c6 <GPIO_DeInit+0x22>
201007b4:	4585                	li	a1,1
201007b6:	4511                	li	a0,4
201007b8:	037000ef          	jal	ra,20100fee <RCC_HB2PeriphResetCmd>
201007bc:	4581                	li	a1,0
201007be:	4511                	li	a0,4
201007c0:	02f000ef          	jal	ra,20100fee <RCC_HB2PeriphResetCmd>
201007c4:	b4d5                	j	201002a8 <__riscv_restore_0>
201007c6:	c0078713          	addi	a4,a5,-1024
201007ca:	00e51963          	bne	a0,a4,201007dc <GPIO_DeInit+0x38>
201007ce:	4585                	li	a1,1
201007d0:	4521                	li	a0,8
201007d2:	01d000ef          	jal	ra,20100fee <RCC_HB2PeriphResetCmd>
201007d6:	4581                	li	a1,0
201007d8:	4521                	li	a0,8
201007da:	b7dd                	j	201007c0 <GPIO_DeInit+0x1c>
201007dc:	00f51963          	bne	a0,a5,201007ee <GPIO_DeInit+0x4a>
201007e0:	4585                	li	a1,1
201007e2:	4541                	li	a0,16
201007e4:	00b000ef          	jal	ra,20100fee <RCC_HB2PeriphResetCmd>
201007e8:	4581                	li	a1,0
201007ea:	4541                	li	a0,16
201007ec:	bfd1                	j	201007c0 <GPIO_DeInit+0x1c>
201007ee:	40078793          	addi	a5,a5,1024
201007f2:	00f51b63          	bne	a0,a5,20100808 <GPIO_DeInit+0x64>
201007f6:	4585                	li	a1,1
201007f8:	02000513          	li	a0,32
201007fc:	7f2000ef          	jal	ra,20100fee <RCC_HB2PeriphResetCmd>
20100800:	4581                	li	a1,0
20100802:	02000513          	li	a0,32
20100806:	bf6d                	j	201007c0 <GPIO_DeInit+0x1c>
20100808:	400127b7          	lui	a5,0x40012
2010080c:	80078713          	addi	a4,a5,-2048 # 40011800 <_eusrstack+0x1fefc800>
20100810:	00e51b63          	bne	a0,a4,20100826 <GPIO_DeInit+0x82>
20100814:	4585                	li	a1,1
20100816:	04000513          	li	a0,64
2010081a:	7d4000ef          	jal	ra,20100fee <RCC_HB2PeriphResetCmd>
2010081e:	4581                	li	a1,0
20100820:	04000513          	li	a0,64
20100824:	bf71                	j	201007c0 <GPIO_DeInit+0x1c>
20100826:	c0078793          	addi	a5,a5,-1024
2010082a:	f8f51de3          	bne	a0,a5,201007c4 <GPIO_DeInit+0x20>
2010082e:	4585                	li	a1,1
20100830:	08000513          	li	a0,128
20100834:	7ba000ef          	jal	ra,20100fee <RCC_HB2PeriphResetCmd>
20100838:	4581                	li	a1,0
2010083a:	08000513          	li	a0,128
2010083e:	b749                	j	201007c0 <GPIO_DeInit+0x1c>

20100840 <GPIO_Init>:
20100840:	459c                	lw	a5,8(a1)
20100842:	0005d803          	lhu	a6,0(a1)
20100846:	0107f713          	andi	a4,a5,16
2010084a:	00f7f893          	andi	a7,a5,15
2010084e:	cb1d                	beqz	a4,20100884 <GPIO_Init+0x44>
20100850:	4d58                	lw	a4,28(a0)
20100852:	0018e893          	ori	a7,a7,1
20100856:	4681                	li	a3,0
20100858:	4e8d                	li	t4,3
2010085a:	4e41                	li	t3,16
2010085c:	28d01633          	bset	a2,zero,a3
20100860:	00c87333          	and	t1,a6,a2
20100864:	00661c63          	bne	a2,t1,2010087c <GPIO_Init+0x3c>
20100868:	00169313          	slli	t1,a3,0x1
2010086c:	006e9633          	sll	a2,t4,t1
20100870:	40c77733          	andn	a4,a4,a2
20100874:	41d0                	lw	a2,4(a1)
20100876:	00661633          	sll	a2,a2,t1
2010087a:	8f51                	or	a4,a4,a2
2010087c:	0685                	addi	a3,a3,1
2010087e:	fdc69fe3          	bne	a3,t3,2010085c <GPIO_Init+0x1c>
20100882:	cd58                	sw	a4,28(a0)
20100884:	0ff87713          	zext.b	a4,a6
20100888:	cf1d                	beqz	a4,201008c6 <GPIO_Init+0x86>
2010088a:	4118                	lw	a4,0(a0)
2010088c:	4681                	li	a3,0
2010088e:	02800313          	li	t1,40
20100892:	4e3d                	li	t3,15
20100894:	04800e93          	li	t4,72
20100898:	45a1                	li	a1,8
2010089a:	28d01633          	bset	a2,zero,a3
2010089e:	00c87f33          	and	t5,a6,a2
201008a2:	01e61e63          	bne	a2,t5,201008be <GPIO_Init+0x7e>
201008a6:	06679563          	bne	a5,t1,20100910 <GPIO_Init+0xd0>
201008aa:	c950                	sw	a2,20(a0)
201008ac:	00269613          	slli	a2,a3,0x2
201008b0:	00ce1f33          	sll	t5,t3,a2
201008b4:	00c89633          	sll	a2,a7,a2
201008b8:	41e77733          	andn	a4,a4,t5
201008bc:	8f51                	or	a4,a4,a2
201008be:	0685                	addi	a3,a3,1
201008c0:	fcb69de3          	bne	a3,a1,2010089a <GPIO_Init+0x5a>
201008c4:	c118                	sw	a4,0(a0)
201008c6:	0ff00713          	li	a4,255
201008ca:	05077263          	bgeu	a4,a6,2010090e <GPIO_Init+0xce>
201008ce:	4154                	lw	a3,4(a0)
201008d0:	4601                	li	a2,0
201008d2:	02800e13          	li	t3,40
201008d6:	04800e93          	li	t4,72
201008da:	4321                	li	t1,8
201008dc:	00860713          	addi	a4,a2,8 # 10008 <_data_lma+0xc354>
201008e0:	28e01733          	bset	a4,zero,a4
201008e4:	00e875b3          	and	a1,a6,a4
201008e8:	00b71f63          	bne	a4,a1,20100906 <GPIO_Init+0xc6>
201008ec:	03c79663          	bne	a5,t3,20100918 <GPIO_Init+0xd8>
201008f0:	c958                	sw	a4,20(a0)
201008f2:	00261713          	slli	a4,a2,0x2
201008f6:	45bd                	li	a1,15
201008f8:	00e595b3          	sll	a1,a1,a4
201008fc:	00e89733          	sll	a4,a7,a4
20100900:	40b6f6b3          	andn	a3,a3,a1
20100904:	8ed9                	or	a3,a3,a4
20100906:	0605                	addi	a2,a2,1
20100908:	fc661ae3          	bne	a2,t1,201008dc <GPIO_Init+0x9c>
2010090c:	c154                	sw	a3,4(a0)
2010090e:	8082                	ret
20100910:	f9d79ee3          	bne	a5,t4,201008ac <GPIO_Init+0x6c>
20100914:	c910                	sw	a2,16(a0)
20100916:	bf59                	j	201008ac <GPIO_Init+0x6c>
20100918:	fdd79de3          	bne	a5,t4,201008f2 <GPIO_Init+0xb2>
2010091c:	c918                	sw	a4,16(a0)
2010091e:	bfd1                	j	201008f2 <GPIO_Init+0xb2>

20100920 <GPIO_PinRemapConfig>:
20100920:	40010837          	lui	a6,0x40010
20100924:	003007b7          	lui	a5,0x300
20100928:	00082603          	lw	a2,0(a6) # 40010000 <_eusrstack+0x1fefb000>
2010092c:	00f576b3          	and	a3,a0,a5
20100930:	08054733          	zext.h	a4,a0
20100934:	02f69763          	bne	a3,a5,20100962 <GPIO_PinRemapConfig+0x42>
20100938:	f10006b7          	lui	a3,0xf1000
2010093c:	16fd                	addi	a3,a3,-1 # f0ffffff <_eusrstack+0xd0eeafff>
2010093e:	00d677b3          	and	a5,a2,a3
20100942:	00082603          	lw	a2,0(a6)
20100946:	8ef1                	and	a3,a3,a2
20100948:	00d82023          	sw	a3,0(a6)
2010094c:	c599                	beqz	a1,2010095a <GPIO_PinRemapConfig+0x3a>
2010094e:	8145                	srli	a0,a0,0x11
20100950:	07057513          	andi	a0,a0,112
20100954:	00a71733          	sll	a4,a4,a0
20100958:	8fd9                	or	a5,a5,a4
2010095a:	40010737          	lui	a4,0x40010
2010095e:	c31c                	sw	a5,0(a4)
20100960:	8082                	ret
20100962:	001007b7          	lui	a5,0x100
20100966:	8fe9                	and	a5,a5,a0
20100968:	cf89                	beqz	a5,20100982 <GPIO_PinRemapConfig+0x62>
2010096a:	01055693          	srli	a3,a0,0x10
2010096e:	8abd                	andi	a3,a3,15
20100970:	478d                	li	a5,3
20100972:	00d797b3          	sll	a5,a5,a3
20100976:	0f0006b7          	lui	a3,0xf000
2010097a:	40f677b3          	andn	a5,a2,a5
2010097e:	8fd5                	or	a5,a5,a3
20100980:	b7f1                	j	2010094c <GPIO_PinRemapConfig+0x2c>
20100982:	01555793          	srli	a5,a0,0x15
20100986:	0792                	slli	a5,a5,0x4
20100988:	00f717b3          	sll	a5,a4,a5
2010098c:	b7ed                	j	20100976 <GPIO_PinRemapConfig+0x56>

2010098e <GPIO_PinAFConfig>:
2010098e:	40011737          	lui	a4,0x40011
20100992:	479d                	li	a5,7
20100994:	80070693          	addi	a3,a4,-2048 # 40010800 <_eusrstack+0x1fefb800>
20100998:	02b7f863          	bgeu	a5,a1,201009c8 <GPIO_PinAFConfig+0x3a>
2010099c:	ff858793          	addi	a5,a1,-8
201009a0:	0ff7f793          	zext.b	a5,a5
201009a4:	06d51a63          	bne	a0,a3,20100a18 <GPIO_PinAFConfig+0x8a>
201009a8:	400106b7          	lui	a3,0x40010
201009ac:	468c                	lw	a1,8(a3)
201009ae:	078a                	slli	a5,a5,0x2
201009b0:	473d                	li	a4,15
201009b2:	00f71733          	sll	a4,a4,a5
201009b6:	40e5f733          	andn	a4,a1,a4
201009ba:	c698                	sw	a4,8(a3)
201009bc:	4698                	lw	a4,8(a3)
201009be:	00f617b3          	sll	a5,a2,a5
201009c2:	8fd9                	or	a5,a5,a4
201009c4:	c69c                	sw	a5,8(a3)
201009c6:	8082                	ret
201009c8:	02d50863          	beq	a0,a3,201009f8 <GPIO_PinAFConfig+0x6a>
201009cc:	c0070793          	addi	a5,a4,-1024
201009d0:	08f50a63          	beq	a0,a5,20100a64 <GPIO_PinAFConfig+0xd6>
201009d4:	16e51c63          	bne	a0,a4,20100b4c <GPIO_PinAFConfig+0x1be>
201009d8:	40010737          	lui	a4,0x40010
201009dc:	4b54                	lw	a3,20(a4)
201009de:	058a                	slli	a1,a1,0x2
201009e0:	47bd                	li	a5,15
201009e2:	00b797b3          	sll	a5,a5,a1
201009e6:	40f6f7b3          	andn	a5,a3,a5
201009ea:	cb5c                	sw	a5,20(a4)
201009ec:	4b5c                	lw	a5,20(a4)
201009ee:	00b615b3          	sll	a1,a2,a1
201009f2:	8ddd                	or	a1,a1,a5
201009f4:	cb4c                	sw	a1,20(a4)
201009f6:	8082                	ret
201009f8:	40010737          	lui	a4,0x40010
201009fc:	4354                	lw	a3,4(a4)
201009fe:	058a                	slli	a1,a1,0x2
20100a00:	47bd                	li	a5,15
20100a02:	00b797b3          	sll	a5,a5,a1
20100a06:	40f6f7b3          	andn	a5,a3,a5
20100a0a:	c35c                	sw	a5,4(a4)
20100a0c:	435c                	lw	a5,4(a4)
20100a0e:	00b615b3          	sll	a1,a2,a1
20100a12:	8ddd                	or	a1,a1,a5
20100a14:	c34c                	sw	a1,4(a4)
20100a16:	8082                	ret
20100a18:	c0070693          	addi	a3,a4,-1024 # 4000fc00 <_eusrstack+0x1fefac00>
20100a1c:	02d50463          	beq	a0,a3,20100a44 <GPIO_PinAFConfig+0xb6>
20100a20:	10e51263          	bne	a0,a4,20100b24 <GPIO_PinAFConfig+0x196>
20100a24:	400106b7          	lui	a3,0x40010
20100a28:	4e8c                	lw	a1,24(a3)
20100a2a:	078a                	slli	a5,a5,0x2
20100a2c:	473d                	li	a4,15
20100a2e:	00f71733          	sll	a4,a4,a5
20100a32:	40e5f733          	andn	a4,a1,a4
20100a36:	ce98                	sw	a4,24(a3)
20100a38:	4e98                	lw	a4,24(a3)
20100a3a:	00f617b3          	sll	a5,a2,a5
20100a3e:	8fd9                	or	a5,a5,a4
20100a40:	ce9c                	sw	a5,24(a3)
20100a42:	8082                	ret
20100a44:	400106b7          	lui	a3,0x40010
20100a48:	4a8c                	lw	a1,16(a3)
20100a4a:	078a                	slli	a5,a5,0x2
20100a4c:	473d                	li	a4,15
20100a4e:	00f71733          	sll	a4,a4,a5
20100a52:	40e5f733          	andn	a4,a1,a4
20100a56:	ca98                	sw	a4,16(a3)
20100a58:	4a98                	lw	a4,16(a3)
20100a5a:	00f617b3          	sll	a5,a2,a5
20100a5e:	8fd9                	or	a5,a5,a4
20100a60:	ca9c                	sw	a5,16(a3)
20100a62:	8082                	ret
20100a64:	40010737          	lui	a4,0x40010
20100a68:	4754                	lw	a3,12(a4)
20100a6a:	058a                	slli	a1,a1,0x2
20100a6c:	47bd                	li	a5,15
20100a6e:	00b797b3          	sll	a5,a5,a1
20100a72:	40f6f7b3          	andn	a5,a3,a5
20100a76:	c75c                	sw	a5,12(a4)
20100a78:	475c                	lw	a5,12(a4)
20100a7a:	00b615b3          	sll	a1,a2,a1
20100a7e:	8ddd                	or	a1,a1,a5
20100a80:	c74c                	sw	a1,12(a4)
20100a82:	8082                	ret
20100a84:	40012737          	lui	a4,0x40012
20100a88:	80070713          	addi	a4,a4,-2048 # 40011800 <_eusrstack+0x1fefc800>
20100a8c:	87ae                	mv	a5,a1
20100a8e:	04e51863          	bne	a0,a4,20100ade <GPIO_PinAFConfig+0x150>
20100a92:	40010737          	lui	a4,0x40010
20100a96:	5354                	lw	a3,36(a4)
20100a98:	058a                	slli	a1,a1,0x2
20100a9a:	47bd                	li	a5,15
20100a9c:	00b797b3          	sll	a5,a5,a1
20100aa0:	40f6f7b3          	andn	a5,a3,a5
20100aa4:	d35c                	sw	a5,36(a4)
20100aa6:	535c                	lw	a5,36(a4)
20100aa8:	00b615b3          	sll	a1,a2,a1
20100aac:	8ddd                	or	a1,a1,a5
20100aae:	d34c                	sw	a1,36(a4)
20100ab0:	8082                	ret
20100ab2:	40012737          	lui	a4,0x40012
20100ab6:	80070713          	addi	a4,a4,-2048 # 40011800 <_eusrstack+0x1fefc800>
20100aba:	02e51263          	bne	a0,a4,20100ade <GPIO_PinAFConfig+0x150>
20100abe:	400106b7          	lui	a3,0x40010
20100ac2:	568c                	lw	a1,40(a3)
20100ac4:	078a                	slli	a5,a5,0x2
20100ac6:	473d                	li	a4,15
20100ac8:	00f71733          	sll	a4,a4,a5
20100acc:	40e5f733          	andn	a4,a1,a4
20100ad0:	d698                	sw	a4,40(a3)
20100ad2:	5698                	lw	a4,40(a3)
20100ad4:	00f617b3          	sll	a5,a2,a5
20100ad8:	8fd9                	or	a5,a5,a4
20100ada:	d69c                	sw	a5,40(a3)
20100adc:	8082                	ret
20100ade:	40012737          	lui	a4,0x40012
20100ae2:	c0070713          	addi	a4,a4,-1024 # 40011c00 <_eusrstack+0x1fefcc00>
20100ae6:	08e51763          	bne	a0,a4,20100b74 <GPIO_PinAFConfig+0x1e6>
20100aea:	078a                	slli	a5,a5,0x2
20100aec:	473d                	li	a4,15
20100aee:	00f71733          	sll	a4,a4,a5
20100af2:	00f61633          	sll	a2,a2,a5
20100af6:	479d                	li	a5,7
20100af8:	fff74713          	not	a4,a4
20100afc:	00b7fb63          	bgeu	a5,a1,20100b12 <GPIO_PinAFConfig+0x184>
20100b00:	400107b7          	lui	a5,0x40010
20100b04:	5b94                	lw	a3,48(a5)
20100b06:	8f75                	and	a4,a4,a3
20100b08:	db98                	sw	a4,48(a5)
20100b0a:	5b98                	lw	a4,48(a5)
20100b0c:	8f51                	or	a4,a4,a2
20100b0e:	db98                	sw	a4,48(a5)
20100b10:	8082                	ret
20100b12:	400107b7          	lui	a5,0x40010
20100b16:	57d4                	lw	a3,44(a5)
20100b18:	8f75                	and	a4,a4,a3
20100b1a:	d7d8                	sw	a4,44(a5)
20100b1c:	57d8                	lw	a4,44(a5)
20100b1e:	8f51                	or	a4,a4,a2
20100b20:	d7d8                	sw	a4,44(a5)
20100b22:	8082                	ret
20100b24:	40070713          	addi	a4,a4,1024
20100b28:	f8e515e3          	bne	a0,a4,20100ab2 <GPIO_PinAFConfig+0x124>
20100b2c:	400106b7          	lui	a3,0x40010
20100b30:	528c                	lw	a1,32(a3)
20100b32:	078a                	slli	a5,a5,0x2
20100b34:	473d                	li	a4,15
20100b36:	00f71733          	sll	a4,a4,a5
20100b3a:	40e5f733          	andn	a4,a1,a4
20100b3e:	d298                	sw	a4,32(a3)
20100b40:	5298                	lw	a4,32(a3)
20100b42:	00f617b3          	sll	a5,a2,a5
20100b46:	8fd9                	or	a5,a5,a4
20100b48:	d29c                	sw	a5,32(a3)
20100b4a:	8082                	ret
20100b4c:	40070713          	addi	a4,a4,1024
20100b50:	f2e51ae3          	bne	a0,a4,20100a84 <GPIO_PinAFConfig+0xf6>
20100b54:	40010737          	lui	a4,0x40010
20100b58:	4f54                	lw	a3,28(a4)
20100b5a:	058a                	slli	a1,a1,0x2
20100b5c:	47bd                	li	a5,15
20100b5e:	00b797b3          	sll	a5,a5,a1
20100b62:	40f6f7b3          	andn	a5,a3,a5
20100b66:	cf5c                	sw	a5,28(a4)
20100b68:	4f5c                	lw	a5,28(a4)
20100b6a:	00b615b3          	sll	a1,a2,a1
20100b6e:	8ddd                	or	a1,a1,a5
20100b70:	cf4c                	sw	a1,28(a4)
20100b72:	8082                	ret
20100b74:	8082                	ret

20100b76 <GPIO_IPD_Unused>:
20100b76:	f0eff2ef          	jal	t0,20100284 <__riscv_save_0>
20100b7a:	1141                	addi	sp,sp,-16
20100b7c:	4585                	li	a1,1
20100b7e:	0fc00513          	li	a0,252
20100b82:	c202                	sw	zero,4(sp)
20100b84:	c402                	sw	zero,8(sp)
20100b86:	c602                	sw	zero,12(sp)
20100b88:	213d                	jal	20100fb6 <RCC_HB2PeriphClockCmd>
20100b8a:	3ce9                	jal	20100664 <FLASH_BOOT_GetMode>
20100b8c:	1ffff7b7          	lui	a5,0x1ffff
20100b90:	7047a783          	lw	a5,1796(a5) # 1ffff704 <_data_lma+0x1fffba50>
20100b94:	0f07f793          	andi	a5,a5,240
20100b98:	e38d                	bnez	a5,20100bba <GPIO_IPD_Unused+0x44>
20100b9a:	4585                	li	a1,1
20100b9c:	80000537          	lui	a0,0x80000
20100ba0:	290d                	jal	20100fd2 <RCC_HB1PeriphClockCmd>
20100ba2:	400087b7          	lui	a5,0x40008
20100ba6:	40078793          	addi	a5,a5,1024 # 40008400 <_eusrstack+0x1fef3400>
20100baa:	53d8                	lw	a4,36(a5)
20100bac:	4581                	li	a1,0
20100bae:	80000537          	lui	a0,0x80000
20100bb2:	00176713          	ori	a4,a4,1
20100bb6:	d3d8                	sw	a4,36(a5)
20100bb8:	2929                	jal	20100fd2 <RCC_HB1PeriphClockCmd>
20100bba:	1ffff7b7          	lui	a5,0x1ffff
20100bbe:	7047a783          	lw	a5,1796(a5) # 1ffff704 <_data_lma+0x1fffba50>
20100bc2:	41710737          	lui	a4,0x41710
20100bc6:	50d70713          	addi	a4,a4,1293 # 4171050d <_eusrstack+0x215fb50d>
20100bca:	f0f7f793          	andi	a5,a5,-241
20100bce:	08e78063          	beq	a5,a4,20100c4e <GPIO_IPD_Unused+0xd8>
20100bd2:	02f76163          	bltu	a4,a5,20100bf4 <GPIO_IPD_Unused+0x7e>
20100bd6:	41500737          	lui	a4,0x41500
20100bda:	50d70713          	addi	a4,a4,1293 # 4150050d <_eusrstack+0x213eb50d>
20100bde:	0ce78d63          	beq	a5,a4,20100cb8 <GPIO_IPD_Unused+0x142>
20100be2:	41600737          	lui	a4,0x41600
20100be6:	50d70713          	addi	a4,a4,1293 # 4160050d <_eusrstack+0x214eb50d>
20100bea:	12e78563          	beq	a5,a4,20100d14 <GPIO_IPD_Unused+0x19e>
20100bee:	0141                	addi	sp,sp,16
20100bf0:	eb8ff06f          	j	201002a8 <__riscv_restore_0>
20100bf4:	41720737          	lui	a4,0x41720
20100bf8:	50d70713          	addi	a4,a4,1293 # 4172050d <_eusrstack+0x2160b50d>
20100bfc:	fee799e3          	bne	a5,a4,20100bee <GPIO_IPD_Unused+0x78>
20100c00:	6409                	lui	s0,0x2
20100c02:	fdf40793          	addi	a5,s0,-33 # 1fdf <__stack_size+0x17df>
20100c06:	400114b7          	lui	s1,0x40011
20100c0a:	827c                	sh	a5,4(sp)
20100c0c:	004c                	addi	a1,sp,4
20100c0e:	02800793          	li	a5,40
20100c12:	80048513          	addi	a0,s1,-2048 # 40010800 <_eusrstack+0x1fefb800>
20100c16:	c63e                	sw	a5,12(sp)
20100c18:	3125                	jal	20100840 <GPIO_Init>
20100c1a:	77e1                	lui	a5,0xffff8
20100c1c:	0fc78793          	addi	a5,a5,252 # ffff80fc <_eusrstack+0xdfee30fc>
20100c20:	004c                	addi	a1,sp,4
20100c22:	c0048513          	addi	a0,s1,-1024
20100c26:	827c                	sh	a5,4(sp)
20100c28:	3921                	jal	20100840 <GPIO_Init>
20100c2a:	77f9                	lui	a5,0xffffe
20100c2c:	03078793          	addi	a5,a5,48 # ffffe030 <_eusrstack+0xdfee9030>
20100c30:	004c                	addi	a1,sp,4
20100c32:	40011537          	lui	a0,0x40011
20100c36:	827c                	sh	a5,4(sp)
20100c38:	3121                	jal	20100840 <GPIO_Init>
20100c3a:	30000793          	li	a5,768
20100c3e:	004c                	addi	a1,sp,4
20100c40:	40048513          	addi	a0,s1,1024
20100c44:	1471                	addi	s0,s0,-4
20100c46:	827c                	sh	a5,4(sp)
20100c48:	3ee5                	jal	20100840 <GPIO_Init>
20100c4a:	8260                	sh	s0,4(sp)
20100c4c:	a0b9                	j	20100c9a <GPIO_IPD_Unused+0x124>
20100c4e:	40011437          	lui	s0,0x40011
20100c52:	1ce00793          	li	a5,462
20100c56:	827c                	sh	a5,4(sp)
20100c58:	004c                	addi	a1,sp,4
20100c5a:	02800793          	li	a5,40
20100c5e:	80040513          	addi	a0,s0,-2048 # 40010800 <_eusrstack+0x1fefb800>
20100c62:	c63e                	sw	a5,12(sp)
20100c64:	3ef1                	jal	20100840 <GPIO_Init>
20100c66:	77e1                	lui	a5,0xffff8
20100c68:	0e478793          	addi	a5,a5,228 # ffff80e4 <_eusrstack+0xdfee30e4>
20100c6c:	004c                	addi	a1,sp,4
20100c6e:	c0040513          	addi	a0,s0,-1024
20100c72:	827c                	sh	a5,4(sp)
20100c74:	36f1                	jal	20100840 <GPIO_Init>
20100c76:	77f9                	lui	a5,0xffffe
20100c78:	03078793          	addi	a5,a5,48 # ffffe030 <_eusrstack+0xdfee9030>
20100c7c:	004c                	addi	a1,sp,4
20100c7e:	40011537          	lui	a0,0x40011
20100c82:	827c                	sh	a5,4(sp)
20100c84:	3e75                	jal	20100840 <GPIO_Init>
20100c86:	30000793          	li	a5,768
20100c8a:	004c                	addi	a1,sp,4
20100c8c:	40040513          	addi	a0,s0,1024
20100c90:	827c                	sh	a5,4(sp)
20100c92:	367d                	jal	20100840 <GPIO_Init>
20100c94:	38400793          	li	a5,900
20100c98:	827c                	sh	a5,4(sp)
20100c9a:	40012437          	lui	s0,0x40012
20100c9e:	004c                	addi	a1,sp,4
20100ca0:	80040513          	addi	a0,s0,-2048 # 40011800 <_eusrstack+0x1fefc800>
20100ca4:	3e71                	jal	20100840 <GPIO_Init>
20100ca6:	6791                	lui	a5,0x4
20100ca8:	fc078793          	addi	a5,a5,-64 # 3fc0 <_data_lma+0x30c>
20100cac:	004c                	addi	a1,sp,4
20100cae:	c0040513          	addi	a0,s0,-1024
20100cb2:	827c                	sh	a5,4(sp)
20100cb4:	3671                	jal	20100840 <GPIO_Init>
20100cb6:	bf25                	j	20100bee <GPIO_IPD_Unused+0x78>
20100cb8:	40011437          	lui	s0,0x40011
20100cbc:	10000793          	li	a5,256
20100cc0:	80040513          	addi	a0,s0,-2048 # 40010800 <_eusrstack+0x1fefb800>
20100cc4:	827c                	sh	a5,4(sp)
20100cc6:	004c                	addi	a1,sp,4
20100cc8:	02800793          	li	a5,40
20100ccc:	c63e                	sw	a5,12(sp)
20100cce:	3e8d                	jal	20100840 <GPIO_Init>
20100cd0:	02400793          	li	a5,36
20100cd4:	c0040513          	addi	a0,s0,-1024
20100cd8:	004c                	addi	a1,sp,4
20100cda:	827c                	sh	a5,4(sp)
20100cdc:	3695                	jal	20100840 <GPIO_Init>
20100cde:	77f9                	lui	a5,0xffffe
20100ce0:	02078793          	addi	a5,a5,32 # ffffe020 <_eusrstack+0xdfee9020>
20100ce4:	004c                	addi	a1,sp,4
20100ce6:	40011537          	lui	a0,0x40011
20100cea:	827c                	sh	a5,4(sp)
20100cec:	3e91                	jal	20100840 <GPIO_Init>
20100cee:	57dd                	li	a5,-9
20100cf0:	40040513          	addi	a0,s0,1024
20100cf4:	004c                	addi	a1,sp,4
20100cf6:	827c                	sh	a5,4(sp)
20100cf8:	40012437          	lui	s0,0x40012
20100cfc:	3691                	jal	20100840 <GPIO_Init>
20100cfe:	78700793          	li	a5,1927
20100d02:	004c                	addi	a1,sp,4
20100d04:	80040513          	addi	a0,s0,-2048 # 40011800 <_eusrstack+0x1fefc800>
20100d08:	827c                	sh	a5,4(sp)
20100d0a:	3e1d                	jal	20100840 <GPIO_Init>
20100d0c:	77e1                	lui	a5,0xffff8
20100d0e:	fc77c793          	xori	a5,a5,-57
20100d12:	bf69                	j	20100cac <GPIO_IPD_Unused+0x136>
20100d14:	40011437          	lui	s0,0x40011
20100d18:	70000793          	li	a5,1792
20100d1c:	80040513          	addi	a0,s0,-2048 # 40010800 <_eusrstack+0x1fefb800>
20100d20:	827c                	sh	a5,4(sp)
20100d22:	004c                	addi	a1,sp,4
20100d24:	02800793          	li	a5,40
20100d28:	c63e                	sw	a5,12(sp)
20100d2a:	3e19                	jal	20100840 <GPIO_Init>
20100d2c:	c0400793          	li	a5,-1020
20100d30:	c0040513          	addi	a0,s0,-1024
20100d34:	004c                	addi	a1,sp,4
20100d36:	827c                	sh	a5,4(sp)
20100d38:	3621                	jal	20100840 <GPIO_Init>
20100d3a:	77f9                	lui	a5,0xffffe
20100d3c:	004c                	addi	a1,sp,4
20100d3e:	40011537          	lui	a0,0x40011
20100d42:	827c                	sh	a5,4(sp)
20100d44:	3cf5                	jal	20100840 <GPIO_Init>
20100d46:	9f300793          	li	a5,-1549
20100d4a:	40040513          	addi	a0,s0,1024
20100d4e:	004c                	addi	a1,sp,4
20100d50:	827c                	sh	a5,4(sp)
20100d52:	34fd                	jal	20100840 <GPIO_Init>
20100d54:	77e1                	lui	a5,0xffff8
20100d56:	40012437          	lui	s0,0x40012
20100d5a:	dff7c793          	xori	a5,a5,-513
20100d5e:	004c                	addi	a1,sp,4
20100d60:	80040513          	addi	a0,s0,-2048 # 40011800 <_eusrstack+0x1fefc800>
20100d64:	827c                	sh	a5,4(sp)
20100d66:	3ce9                	jal	20100840 <GPIO_Init>
20100d68:	6795                	lui	a5,0x5
20100d6a:	83f78793          	addi	a5,a5,-1985 # 483f <_data_lma+0xb8b>
20100d6e:	bf3d                	j	20100cac <GPIO_IPD_Unused+0x136>

20100d70 <RCC_DeInit>:
20100d70:	400217b7          	lui	a5,0x40021
20100d74:	4398                	lw	a4,0(a5)
20100d76:	305c06b7          	lui	a3,0x305c0
20100d7a:	00176713          	ori	a4,a4,1
20100d7e:	c398                	sw	a4,0(a5)
20100d80:	43d8                	lw	a4,4(a5)
20100d82:	8f75                	and	a4,a4,a3
20100d84:	c3d8                	sw	a4,4(a5)
20100d86:	40021737          	lui	a4,0x40021
20100d8a:	435c                	lw	a5,4(a4)
20100d8c:	8bb1                	andi	a5,a5,12
20100d8e:	fff5                	bnez	a5,20100d8a <RCC_DeInit+0x1a>
20100d90:	400217b7          	lui	a5,0x40021
20100d94:	43d4                	lw	a3,4(a5)
20100d96:	6aa70637          	lui	a2,0x6aa70
20100d9a:	167d                	addi	a2,a2,-1 # 6aa6ffff <_eusrstack+0x4a95afff>
20100d9c:	49669693          	bclri	a3,a3,0x16
20100da0:	c3d4                	sw	a3,4(a5)
20100da2:	4794                	lw	a3,8(a5)
20100da4:	49f69693          	bclri	a3,a3,0x1f
20100da8:	c794                	sw	a3,8(a5)
20100daa:	4314                	lw	a3,0(a4)
20100dac:	8ef1                	and	a3,a3,a2
20100dae:	c314                	sw	a3,0(a4)
20100db0:	4314                	lw	a3,0(a4)
20100db2:	49269693          	bclri	a3,a3,0x12
20100db6:	c314                	sw	a3,0(a4)
20100db8:	4798                	lw	a4,8(a5)
20100dba:	0fffc6b7          	lui	a3,0xfffc
20100dbe:	8f75                	and	a4,a4,a3
20100dc0:	c798                	sw	a4,8(a5)
20100dc2:	4798                	lw	a4,8(a5)
20100dc4:	0c6006b7          	lui	a3,0xc600
20100dc8:	00476713          	ori	a4,a4,4
20100dcc:	c798                	sw	a4,8(a5)
20100dce:	00ff0737          	lui	a4,0xff0
20100dd2:	c7d8                	sw	a4,12(a5)
20100dd4:	5b98                	lw	a4,48(a5)
20100dd6:	8f75                	and	a4,a4,a3
20100dd8:	db98                	sw	a4,48(a5)
20100dda:	5bd8                	lw	a4,52(a5)
20100ddc:	fff0e6b7          	lui	a3,0xfff0e
20100de0:	08068693          	addi	a3,a3,128 # fff0e080 <_eusrstack+0xdfdf9080>
20100de4:	8f75                	and	a4,a4,a3
20100de6:	dbd8                	sw	a4,52(a5)
20100de8:	5bd8                	lw	a4,52(a5)
20100dea:	000806b7          	lui	a3,0x80
20100dee:	02068693          	addi	a3,a3,32 # 80020 <_data_lma+0x7c36c>
20100df2:	8f55                	or	a4,a4,a3
20100df4:	dbd8                	sw	a4,52(a5)
20100df6:	8082                	ret

20100df8 <RCC_GetClocksFreq>:
20100df8:	400217b7          	lui	a5,0x40021
20100dfc:	43d4                	lw	a3,4(a5)
20100dfe:	4798                	lw	a4,8(a5)
20100e00:	4621                	li	a2,8
20100e02:	8ab1                	andi	a3,a3,12
20100e04:	02c69463          	bne	a3,a2,20100e2c <RCC_GetClocksFreq+0x34>
20100e08:	700006b7          	lui	a3,0x70000
20100e0c:	8f75                	and	a4,a4,a3
20100e0e:	50000637          	lui	a2,0x50000
20100e12:	14c70e63          	beq	a4,a2,20100f6e <RCC_GetClocksFreq+0x176>
20100e16:	02e66063          	bltu	a2,a4,20100e36 <RCC_GetClocksFreq+0x3e>
20100e1a:	c71d                	beqz	a4,20100e48 <RCC_GetClocksFreq+0x50>
20100e1c:	1c9c47b7          	lui	a5,0x1c9c4
20100e20:	400006b7          	lui	a3,0x40000
20100e24:	80078793          	addi	a5,a5,-2048 # 1c9c3800 <_data_lma+0x1c9bfb4c>
20100e28:	06d70763          	beq	a4,a3,20100e96 <RCC_GetClocksFreq+0x9e>
20100e2c:	017d87b7          	lui	a5,0x17d8
20100e30:	84078793          	addi	a5,a5,-1984 # 17d7840 <_data_lma+0x17d3b8c>
20100e34:	a08d                	j	20100e96 <RCC_GetClocksFreq+0x9e>
20100e36:	60000637          	lui	a2,0x60000
20100e3a:	10c70b63          	beq	a4,a2,20100f50 <RCC_GetClocksFreq+0x158>
20100e3e:	077367b7          	lui	a5,0x7736
20100e42:	94078793          	addi	a5,a5,-1728 # 7735940 <_data_lma+0x7731c8c>
20100e46:	b7cd                	j	20100e28 <RCC_GetClocksFreq+0x30>
20100e48:	4790                	lw	a2,8(a5)
20100e4a:	4794                	lw	a3,8(a5)
20100e4c:	4798                	lw	a4,8(a5)
20100e4e:	0a000593          	li	a1,160
20100e52:	0e06f693          	andi	a3,a3,224
20100e56:	8321                	srli	a4,a4,0x8
20100e58:	03f77713          	andi	a4,a4,63
20100e5c:	8a7d                	andi	a2,a2,31
20100e5e:	0705                	addi	a4,a4,1 # ff0001 <_data_lma+0xfec34d>
20100e60:	08b69d63          	bne	a3,a1,20100efa <RCC_GetClocksFreq+0x102>
20100e64:	1dcd67b7          	lui	a5,0x1dcd6
20100e68:	50078793          	addi	a5,a5,1280 # 1dcd6500 <_data_lma+0x1dcd284c>
20100e6c:	02e7d733          	divu	a4,a5,a4
20100e70:	201107b7          	lui	a5,0x20110
20100e74:	16078793          	addi	a5,a5,352 # 20110160 <PLLMULTable>
20100e78:	97b2                	add	a5,a5,a2
20100e7a:	239c                	lbu	a5,0(a5)
20100e7c:	4691                	li	a3,4
20100e7e:	02e787b3          	mul	a5,a5,a4
20100e82:	00d60963          	beq	a2,a3,20100e94 <RCC_GetClocksFreq+0x9c>
20100e86:	6685                	lui	a3,0x1
20100e88:	54068693          	addi	a3,a3,1344 # 1540 <__stack_size+0xd40>
20100e8c:	00c6d6b3          	srl	a3,a3,a2
20100e90:	8a85                	andi	a3,a3,1
20100e92:	c291                	beqz	a3,20100e96 <RCC_GetClocksFreq+0x9e>
20100e94:	8385                	srli	a5,a5,0x1
20100e96:	c11c                	sw	a5,0(a0)
20100e98:	40021637          	lui	a2,0x40021
20100e9c:	4254                	lw	a3,4(a2)
20100e9e:	20110737          	lui	a4,0x20110
20100ea2:	15070713          	addi	a4,a4,336 # 20110150 <HBPrescTable>
20100ea6:	8291                	srli	a3,a3,0x4
20100ea8:	8abd                	andi	a3,a3,15
20100eaa:	9736                	add	a4,a4,a3
20100eac:	2318                	lbu	a4,0(a4)
20100eae:	81818693          	addi	a3,gp,-2024 # 201101f8 <FPRETable>
20100eb2:	00e7d7b3          	srl	a5,a5,a4
20100eb6:	4258                	lw	a4,4(a2)
20100eb8:	6641                	lui	a2,0x10
20100eba:	8341                	srli	a4,a4,0x10
20100ebc:	8b0d                	andi	a4,a4,3
20100ebe:	9736                	add	a4,a4,a3
20100ec0:	2318                	lbu	a4,0(a4)
20100ec2:	e000f6b7          	lui	a3,0xe000f
20100ec6:	00e7d733          	srl	a4,a5,a4
20100eca:	c158                	sw	a4,4(a0)
20100ecc:	d106a683          	lw	a3,-752(a3) # e000ed10 <_eusrstack+0xbfef9d10>
20100ed0:	8ef1                	and	a3,a3,a2
20100ed2:	e291                	bnez	a3,20100ed6 <RCC_GetClocksFreq+0xde>
20100ed4:	87ba                	mv	a5,a4
20100ed6:	c51c                	sw	a5,8(a0)
20100ed8:	40021637          	lui	a2,0x40021
20100edc:	425c                	lw	a5,4(a2)
20100ede:	0807dd63          	bgez	a5,20100f78 <RCC_GetClocksFreq+0x180>
20100ee2:	425c                	lw	a5,4(a2)
20100ee4:	1c9c4737          	lui	a4,0x1c9c4
20100ee8:	80070713          	addi	a4,a4,-2048 # 1c9c3800 <_data_lma+0x1c9bfb4c>
20100eec:	83ad                	srli	a5,a5,0xb
20100eee:	8bfd                	andi	a5,a5,31
20100ef0:	0795                	addi	a5,a5,5
20100ef2:	02f75733          	divu	a4,a4,a5
20100ef6:	c558                	sw	a4,12(a0)
20100ef8:	8082                	ret
20100efa:	0e000593          	li	a1,224
20100efe:	02b69263          	bne	a3,a1,20100f22 <RCC_GetClocksFreq+0x12a>
20100f02:	5bd4                	lw	a3,52(a5)
20100f04:	201107b7          	lui	a5,0x20110
20100f08:	14078793          	addi	a5,a5,320 # 20110140 <SERDESPLLMULTable>
20100f0c:	82c1                	srli	a3,a3,0x10
20100f0e:	97b6                	add	a5,a5,a3
20100f10:	239c                	lbu	a5,0(a5)
20100f12:	017d86b7          	lui	a3,0x17d8
20100f16:	84068693          	addi	a3,a3,-1984 # 17d7840 <_data_lma+0x17d3b8c>
20100f1a:	02d787b3          	mul	a5,a5,a3
20100f1e:	8385                	srli	a5,a5,0x1
20100f20:	b7b1                	j	20100e6c <RCC_GetClocksFreq+0x74>
20100f22:	08000793          	li	a5,128
20100f26:	00f69763          	bne	a3,a5,20100f34 <RCC_GetClocksFreq+0x13c>
20100f2a:	1c9c47b7          	lui	a5,0x1c9c4
20100f2e:	80078793          	addi	a5,a5,-2048 # 1c9c3800 <_data_lma+0x1c9bfb4c>
20100f32:	bf2d                	j	20100e6c <RCC_GetClocksFreq+0x74>
20100f34:	0c000793          	li	a5,192
20100f38:	00f69763          	bne	a3,a5,20100f46 <RCC_GetClocksFreq+0x14e>
20100f3c:	077367b7          	lui	a5,0x7736
20100f40:	94078793          	addi	a5,a5,-1728 # 7735940 <_data_lma+0x7731c8c>
20100f44:	b725                	j	20100e6c <RCC_GetClocksFreq+0x74>
20100f46:	017d87b7          	lui	a5,0x17d8
20100f4a:	84078793          	addi	a5,a5,-1984 # 17d7840 <_data_lma+0x17d3b8c>
20100f4e:	bf39                	j	20100e6c <RCC_GetClocksFreq+0x74>
20100f50:	5bd8                	lw	a4,52(a5)
20100f52:	201107b7          	lui	a5,0x20110
20100f56:	14078793          	addi	a5,a5,320 # 20110140 <SERDESPLLMULTable>
20100f5a:	8341                	srli	a4,a4,0x10
20100f5c:	97ba                	add	a5,a5,a4
20100f5e:	239c                	lbu	a5,0(a5)
20100f60:	017d8737          	lui	a4,0x17d8
20100f64:	84070713          	addi	a4,a4,-1984 # 17d7840 <_data_lma+0x17d3b8c>
20100f68:	02e787b3          	mul	a5,a5,a4
20100f6c:	b725                	j	20100e94 <RCC_GetClocksFreq+0x9c>
20100f6e:	1dcd67b7          	lui	a5,0x1dcd6
20100f72:	50078793          	addi	a5,a5,1280 # 1dcd6500 <_data_lma+0x1dcd284c>
20100f76:	b705                	j	20100e96 <RCC_GetClocksFreq+0x9e>
20100f78:	4254                	lw	a3,4(a2)
20100f7a:	81018793          	addi	a5,gp,-2032 # 201101f0 <PPRE2Table>
20100f7e:	82ad                	srli	a3,a3,0xb
20100f80:	8a9d                	andi	a3,a3,7
20100f82:	97b6                	add	a5,a5,a3
20100f84:	238c                	lbu	a1,0(a5)
20100f86:	425c                	lw	a5,4(a2)
20100f88:	80c18693          	addi	a3,gp,-2036 # 201101ec <ADCPRETable>
20100f8c:	83b9                	srli	a5,a5,0xe
20100f8e:	8b8d                	andi	a5,a5,3
20100f90:	97b6                	add	a5,a5,a3
20100f92:	239c                	lbu	a5,0(a5)
20100f94:	00b75733          	srl	a4,a4,a1
20100f98:	bfa9                	j	20100ef2 <RCC_GetClocksFreq+0xfa>

20100f9a <RCC_HBPeriphClockCmd>:
20100f9a:	c599                	beqz	a1,20100fa8 <RCC_HBPeriphClockCmd+0xe>
20100f9c:	40021737          	lui	a4,0x40021
20100fa0:	4f1c                	lw	a5,24(a4)
20100fa2:	8fc9                	or	a5,a5,a0
20100fa4:	cf1c                	sw	a5,24(a4)
20100fa6:	8082                	ret
20100fa8:	400217b7          	lui	a5,0x40021
20100fac:	4f98                	lw	a4,24(a5)
20100fae:	40a77533          	andn	a0,a4,a0
20100fb2:	cf88                	sw	a0,24(a5)
20100fb4:	8082                	ret

20100fb6 <RCC_HB2PeriphClockCmd>:
20100fb6:	c599                	beqz	a1,20100fc4 <RCC_HB2PeriphClockCmd+0xe>
20100fb8:	40021737          	lui	a4,0x40021
20100fbc:	4f5c                	lw	a5,28(a4)
20100fbe:	8fc9                	or	a5,a5,a0
20100fc0:	cf5c                	sw	a5,28(a4)
20100fc2:	8082                	ret
20100fc4:	400217b7          	lui	a5,0x40021
20100fc8:	4fd8                	lw	a4,28(a5)
20100fca:	40a77533          	andn	a0,a4,a0
20100fce:	cfc8                	sw	a0,28(a5)
20100fd0:	8082                	ret

20100fd2 <RCC_HB1PeriphClockCmd>:
20100fd2:	c599                	beqz	a1,20100fe0 <RCC_HB1PeriphClockCmd+0xe>
20100fd4:	40021737          	lui	a4,0x40021
20100fd8:	531c                	lw	a5,32(a4)
20100fda:	8fc9                	or	a5,a5,a0
20100fdc:	d31c                	sw	a5,32(a4)
20100fde:	8082                	ret
20100fe0:	400217b7          	lui	a5,0x40021
20100fe4:	5398                	lw	a4,32(a5)
20100fe6:	40a77533          	andn	a0,a4,a0
20100fea:	d388                	sw	a0,32(a5)
20100fec:	8082                	ret

20100fee <RCC_HB2PeriphResetCmd>:
20100fee:	c599                	beqz	a1,20100ffc <RCC_HB2PeriphResetCmd+0xe>
20100ff0:	40021737          	lui	a4,0x40021
20100ff4:	4b1c                	lw	a5,16(a4)
20100ff6:	8fc9                	or	a5,a5,a0
20100ff8:	cb1c                	sw	a5,16(a4)
20100ffa:	8082                	ret
20100ffc:	400217b7          	lui	a5,0x40021
20101000:	4b98                	lw	a4,16(a5)
20101002:	40a77533          	andn	a0,a4,a0
20101006:	cb88                	sw	a0,16(a5)
20101008:	8082                	ret

2010100a <RCC_USBHS_PLLCmd>:
2010100a:	40021737          	lui	a4,0x40021
2010100e:	431c                	lw	a5,0(a4)
20101010:	c509                	beqz	a0,2010101a <RCC_USBHS_PLLCmd+0x10>
20101012:	29479793          	bseti	a5,a5,0x14
20101016:	c31c                	sw	a5,0(a4)
20101018:	8082                	ret
2010101a:	49479793          	bclri	a5,a5,0x14
2010101e:	bfe5                	j	20101016 <RCC_USBHS_PLLCmd+0xc>

20101020 <RCC_UTMIcmd>:
20101020:	40021737          	lui	a4,0x40021
20101024:	435c                	lw	a5,4(a4)
20101026:	c509                	beqz	a0,20101030 <RCC_UTMIcmd+0x10>
20101028:	29779793          	bseti	a5,a5,0x17
2010102c:	c35c                	sw	a5,4(a4)
2010102e:	8082                	ret
20101030:	49779793          	bclri	a5,a5,0x17
20101034:	bfe5                	j	2010102c <RCC_UTMIcmd+0xc>

20101036 <RCC_USBHSPLLCLKConfig>:
20101036:	400217b7          	lui	a5,0x40021
2010103a:	5bd8                	lw	a4,52(a5)
2010103c:	9b71                	andi	a4,a4,-4
2010103e:	dbd8                	sw	a4,52(a5)
20101040:	5bd8                	lw	a4,52(a5)
20101042:	8f49                	or	a4,a4,a0
20101044:	dbd8                	sw	a4,52(a5)
20101046:	8082                	ret

20101048 <RCC_USBHSPLLReferConfig>:
20101048:	400217b7          	lui	a5,0x40021
2010104c:	5bd8                	lw	a4,52(a5)
2010104e:	9b4d                	andi	a4,a4,-13
20101050:	dbd8                	sw	a4,52(a5)
20101052:	5bd8                	lw	a4,52(a5)
20101054:	8f49                	or	a4,a4,a0
20101056:	dbd8                	sw	a4,52(a5)
20101058:	8082                	ret

2010105a <RCC_USBHSPLLClockSourceDivConfig>:
2010105a:	400217b7          	lui	a5,0x40021
2010105e:	5bd8                	lw	a4,52(a5)
20101060:	76f9                	lui	a3,0xffffe
20101062:	0ff68693          	addi	a3,a3,255 # ffffe0ff <_eusrstack+0xdfee90ff>
20101066:	8f75                	and	a4,a4,a3
20101068:	dbd8                	sw	a4,52(a5)
2010106a:	5bd8                	lw	a4,52(a5)
2010106c:	8f49                	or	a4,a4,a0
2010106e:	dbd8                	sw	a4,52(a5)
20101070:	8082                	ret

20101072 <USART_Init>:
20101072:	a12ff2ef          	jal	t0,20100284 <__riscv_save_0>
20101076:	291a                	lhu	a4,16(a0)
20101078:	77f5                	lui	a5,0xffffd
2010107a:	17fd                	addi	a5,a5,-1 # ffffcfff <_eusrstack+0xdfee7fff>
2010107c:	8f7d                	and	a4,a4,a5
2010107e:	21fe                	lhu	a5,6(a1)
20101080:	2596                	lhu	a3,8(a1)
20101082:	1141                	addi	sp,sp,-16
20101084:	8fd9                	or	a5,a5,a4
20101086:	a91e                	sh	a5,16(a0)
20101088:	21de                	lhu	a5,4(a1)
2010108a:	255a                	lhu	a4,12(a0)
2010108c:	842a                	mv	s0,a0
2010108e:	8fd5                	or	a5,a5,a3
20101090:	25b6                	lhu	a3,10(a1)
20101092:	84ae                	mv	s1,a1
20101094:	8fd5                	or	a5,a5,a3
20101096:	668d                	lui	a3,0x3
20101098:	9f368693          	addi	a3,a3,-1549 # 29f3 <__stack_size+0x21f3>
2010109c:	8f75                	and	a4,a4,a3
2010109e:	8fd9                	or	a5,a5,a4
201010a0:	a55e                	sh	a5,12(a0)
201010a2:	295e                	lhu	a5,20(a0)
201010a4:	25da                	lhu	a4,12(a1)
201010a6:	0807c7b3          	zext.h	a5,a5
201010aa:	cff7f793          	andi	a5,a5,-769
201010ae:	8fd9                	or	a5,a5,a4
201010b0:	a95e                	sh	a5,20(a0)
201010b2:	850a                	mv	a0,sp
201010b4:	3391                	jal	20100df8 <RCC_GetClocksFreq>
201010b6:	4792                	lw	a5,4(sp)
201010b8:	4565                	li	a0,25
201010ba:	4090                	lw	a2,0(s1)
201010bc:	02f535b3          	mulhu	a1,a0,a5
201010c0:	4681                	li	a3,0
201010c2:	060a                	slli	a2,a2,0x2
201010c4:	02f50533          	mul	a0,a0,a5
201010c8:	0f4010ef          	jal	ra,201021bc <__udivdi3>
201010cc:	06400693          	li	a3,100
201010d0:	02d557b3          	divu	a5,a0,a3
201010d4:	63f00613          	li	a2,1599
201010d8:	00479713          	slli	a4,a5,0x4
201010dc:	02d577b3          	remu	a5,a0,a3
201010e0:	0792                	slli	a5,a5,0x4
201010e2:	03278793          	addi	a5,a5,50
201010e6:	00f67a63          	bgeu	a2,a5,201010fa <USART_Init+0x88>
201010ea:	01070793          	addi	a5,a4,16 # 40021010 <_eusrstack+0x1ff0c010>
201010ee:	0807c7b3          	zext.h	a5,a5
201010f2:	a41e                	sh	a5,8(s0)
201010f4:	0141                	addi	sp,sp,16
201010f6:	9b2ff06f          	j	201002a8 <__riscv_restore_0>
201010fa:	02d7d7b3          	divu	a5,a5,a3
201010fe:	8fd9                	or	a5,a5,a4
20101100:	b7fd                	j	201010ee <USART_Init+0x7c>

20101102 <USART_Cmd>:
20101102:	255e                	lhu	a5,12(a0)
20101104:	c589                	beqz	a1,2010110e <USART_Cmd+0xc>
20101106:	28d79793          	bseti	a5,a5,0xd
2010110a:	a55e                	sh	a5,12(a0)
2010110c:	8082                	ret
2010110e:	7779                	lui	a4,0xffffe
20101110:	177d                	addi	a4,a4,-1 # ffffdfff <_eusrstack+0xdfee8fff>
20101112:	8ff9                	and	a5,a5,a4
20101114:	bfdd                	j	2010110a <USART_Cmd+0x8>

20101116 <USART_SendData>:
20101116:	1ff5f593          	andi	a1,a1,511
2010111a:	a14e                	sh	a1,4(a0)
2010111c:	8082                	ret

2010111e <USART_GetFlagStatus>:
2010111e:	210a                	lhu	a0,0(a0)
20101120:	8d6d                	and	a0,a0,a1
20101122:	00a03533          	snez	a0,a0
20101126:	8082                	ret

20101128 <USBFS_Device_Endp_Init>:
20101128:	400237b7          	lui	a5,0x40023
2010112c:	4731                	li	a4,12
2010112e:	40e786a3          	sb	a4,1037(a5) # 4002340d <_eusrstack+0x1ff0e40d>
20101132:	40078793          	addi	a5,a5,1024
20101136:	90418713          	addi	a4,gp,-1788 # 201102e4 <USBFS_EP0_Buf>
2010113a:	cb98                	sw	a4,16(a5)
2010113c:	20110737          	lui	a4,0x20110
20101140:	26470713          	addi	a4,a4,612 # 20110264 <USBFS_EP2_Buf>
20101144:	cf98                	sw	a4,24(a5)
20101146:	4709                	li	a4,2
20101148:	02e78923          	sb	a4,50(a5)
2010114c:	020789a3          	sb	zero,51(a5)
20101150:	02078da3          	sb	zero,59(a5)
20101154:	02e78d23          	sb	a4,58(a5)
20101158:	8082                	ret

2010115a <USBFS_IRQHandler>:
2010115a:	1101                	addi	sp,sp,-32
2010115c:	ce22                	sw	s0,28(sp)
2010115e:	40023437          	lui	s0,0x40023
20101162:	cc26                	sw	s1,24(sp)
20101164:	ca4a                	sw	s2,20(sp)
20101166:	c84e                	sw	s3,16(sp)
20101168:	c652                	sw	s4,12(sp)
2010116a:	c456                	sw	s5,8(sp)
2010116c:	40644703          	lbu	a4,1030(s0) # 40023406 <_eusrstack+0x1ff0e406>
20101170:	40744783          	lbu	a5,1031(s0)
20101174:	40040413          	addi	s0,s0,1024
20101178:	0ff77693          	zext.b	a3,a4
2010117c:	8b09                	andi	a4,a4,2
2010117e:	4e070863          	beqz	a4,2010166e <USBFS_IRQHandler+0x514>
20101182:	0ff7f793          	zext.b	a5,a5
20101186:	0307f713          	andi	a4,a5,48
2010118a:	02000693          	li	a3,32
2010118e:	04d70c63          	beq	a4,a3,201011e6 <USBFS_IRQHandler+0x8c>
20101192:	03000693          	li	a3,48
20101196:	14d70163          	beq	a4,a3,201012d8 <USBFS_IRQHandler+0x17e>
2010119a:	ef31                	bnez	a4,201011f6 <USBFS_IRQHandler+0x9c>
2010119c:	03f7f713          	andi	a4,a5,63
201011a0:	12070663          	beqz	a4,201012cc <USBFS_IRQHandler+0x172>
201011a4:	4689                	li	a3,2
201011a6:	04d71863          	bne	a4,a3,201011f6 <USBFS_IRQHandler+0x9c>
201011aa:	0407f793          	andi	a5,a5,64
201011ae:	c7a1                	beqz	a5,201011f6 <USBFS_IRQHandler+0x9c>
201011b0:	03b44783          	lbu	a5,59(s0)
201011b4:	4501                	li	a0,0
201011b6:	0fc7f793          	andi	a5,a5,252
201011ba:	0027e793          	ori	a5,a5,2
201011be:	02f40da3          	sb	a5,59(s0)
201011c2:	03b44783          	lbu	a5,59(s0)
201011c6:	0047c793          	xori	a5,a5,4
201011ca:	02f40da3          	sb	a5,59(s0)
201011ce:	240e                	lhu	a1,8(s0)
201011d0:	0ff5f593          	zext.b	a1,a1
201011d4:	3d9000ef          	jal	ra,20101dac <USB_Pack_Out_Callback>
201011d8:	03b44783          	lbu	a5,59(s0)
201011dc:	0fc7f793          	andi	a5,a5,252
201011e0:	02f40da3          	sb	a5,59(s0)
201011e4:	a809                	j	201011f6 <USBFS_IRQHandler+0x9c>
201011e6:	03f7f793          	andi	a5,a5,63
201011ea:	02e78663          	beq	a5,a4,20101216 <USBFS_IRQHandler+0xbc>
201011ee:	02200713          	li	a4,34
201011f2:	0ae78e63          	beq	a5,a4,201012ae <USBFS_IRQHandler+0x154>
201011f6:	400237b7          	lui	a5,0x40023
201011fa:	4709                	li	a4,2
201011fc:	40e78323          	sb	a4,1030(a5) # 40023406 <_eusrstack+0x1ff0e406>
20101200:	40078793          	addi	a5,a5,1024
20101204:	4472                	lw	s0,28(sp)
20101206:	44e2                	lw	s1,24(sp)
20101208:	4952                	lw	s2,20(sp)
2010120a:	49c2                	lw	s3,16(sp)
2010120c:	4a32                	lw	s4,12(sp)
2010120e:	4aa2                	lw	s5,8(sp)
20101210:	6105                	addi	sp,sp,32
20101212:	30200073          	mret
20101216:	8401d783          	lhu	a5,-1984(gp) # 20110220 <USBFS_SetupReqLen>
2010121a:	e781                	bnez	a5,20101222 <USBFS_IRQHandler+0xc8>
2010121c:	4791                	li	a5,4
2010121e:	02f409a3          	sb	a5,51(s0)
20101222:	8461c783          	lbu	a5,-1978(gp) # 20110226 <USBFS_SetupReqType>
20101226:	0607f793          	andi	a5,a5,96
2010122a:	f7f1                	bnez	a5,201011f6 <USBFS_IRQHandler+0x9c>
2010122c:	8471c783          	lbu	a5,-1977(gp) # 20110227 <USBFS_SetupReqCode>
20101230:	4695                	li	a3,5
20101232:	0ff7f713          	zext.b	a4,a5
20101236:	06d78063          	beq	a5,a3,20101296 <USBFS_IRQHandler+0x13c>
2010123a:	4799                	li	a5,6
2010123c:	faf71de3          	bne	a4,a5,201011f6 <USBFS_IRQHandler+0x9c>
20101240:	8401d703          	lhu	a4,-1984(gp) # 20110220 <USBFS_SetupReqLen>
20101244:	03f00793          	li	a5,63
20101248:	04000413          	li	s0,64
2010124c:	00e7e663          	bltu	a5,a4,20101258 <USBFS_IRQHandler+0xfe>
20101250:	8401d403          	lhu	s0,-1984(gp) # 20110220 <USBFS_SetupReqLen>
20101254:	08044433          	zext.h	s0,s0
20101258:	8481a903          	lw	s2,-1976(gp) # 20110228 <pUSBFS_Descr>
2010125c:	8622                	mv	a2,s0
2010125e:	85ca                	mv	a1,s2
20101260:	90418513          	addi	a0,gp,-1788 # 201102e4 <USBFS_EP0_Buf>
20101264:	850ff0ef          	jal	ra,201002b4 <memcpy>
20101268:	8401d783          	lhu	a5,-1984(gp) # 20110220 <USBFS_SetupReqLen>
2010126c:	9922                	add	s2,s2,s0
2010126e:	8521a423          	sw	s2,-1976(gp) # 20110228 <pUSBFS_Descr>
20101272:	8f81                	sub	a5,a5,s0
20101274:	0807c7b3          	zext.h	a5,a5
20101278:	0ff47413          	zext.b	s0,s0
2010127c:	84f19023          	sh	a5,-1984(gp) # 20110220 <USBFS_SetupReqLen>
20101280:	400237b7          	lui	a5,0x40023
20101284:	42878823          	sb	s0,1072(a5) # 40023430 <_eusrstack+0x1ff0e430>
20101288:	4327c703          	lbu	a4,1074(a5)
2010128c:	00474713          	xori	a4,a4,4
20101290:	42e78923          	sb	a4,1074(a5)
20101294:	b78d                	j	201011f6 <USBFS_IRQHandler+0x9c>
20101296:	400237b7          	lui	a5,0x40023
2010129a:	4037c683          	lbu	a3,1027(a5) # 40023403 <_eusrstack+0x1ff0e403>
2010129e:	83e1c703          	lbu	a4,-1986(gp) # 2011021e <USBFS_DevAddr>
201012a2:	0806f693          	andi	a3,a3,128
201012a6:	8f55                	or	a4,a4,a3
201012a8:	40e781a3          	sb	a4,1027(a5)
201012ac:	b7a9                	j	201011f6 <USBFS_IRQHandler+0x9c>
201012ae:	03a44783          	lbu	a5,58(s0)
201012b2:	0047c793          	xori	a5,a5,4
201012b6:	02f40d23          	sb	a5,58(s0)
201012ba:	03a44783          	lbu	a5,58(s0)
201012be:	0fc7f793          	andi	a5,a5,252
201012c2:	0027e793          	ori	a5,a5,2
201012c6:	02f40d23          	sb	a5,58(s0)
201012ca:	b735                	j	201011f6 <USBFS_IRQHandler+0x9c>
201012cc:	0407f793          	andi	a5,a5,64
201012d0:	d39d                	beqz	a5,201011f6 <USBFS_IRQHandler+0x9c>
201012d2:	8461c783          	lbu	a5,-1978(gp) # 20110226 <USBFS_SetupReqType>
201012d6:	b705                	j	201011f6 <USBFS_IRQHandler+0x9c>
201012d8:	4799                	li	a5,6
201012da:	02f40923          	sb	a5,50(s0)
201012de:	02f409a3          	sb	a5,51(s0)
201012e2:	90418793          	addi	a5,gp,-1788 # 201102e4 <USBFS_EP0_Buf>
201012e6:	2398                	lbu	a4,0(a5)
201012e8:	84e18323          	sb	a4,-1978(gp) # 20110226 <USBFS_SetupReqType>
201012ec:	3398                	lbu	a4,1(a5)
201012ee:	23b6                	lhu	a3,2(a5)
201012f0:	84e183a3          	sb	a4,-1977(gp) # 20110227 <USBFS_SetupReqCode>
201012f4:	23fa                	lhu	a4,6(a5)
201012f6:	23de                	lhu	a5,4(a5)
201012f8:	90418613          	addi	a2,gp,-1788 # 201102e4 <USBFS_EP0_Buf>
201012fc:	84e19023          	sh	a4,-1984(gp) # 20110220 <USBFS_SetupReqLen>
20101300:	84d19223          	sh	a3,-1980(gp) # 20110224 <USBFS_SetupReqValue>
20101304:	84f19123          	sh	a5,-1982(gp) # 20110222 <USBFS_SetupReqIndex>
20101308:	8461c983          	lbu	s3,-1978(gp) # 20110226 <USBFS_SetupReqType>
2010130c:	0609f993          	andi	s3,s3,96
20101310:	14099063          	bnez	s3,20101450 <USBFS_IRQHandler+0x2f6>
20101314:	8471c583          	lbu	a1,-1977(gp) # 20110227 <USBFS_SetupReqCode>
20101318:	482d                	li	a6,11
2010131a:	0ff5f793          	zext.b	a5,a1
2010131e:	0ab86e63          	bltu	a6,a1,201013da <USBFS_IRQHandler+0x280>
20101322:	201045b7          	lui	a1,0x20104
20101326:	81858593          	addi	a1,a1,-2024 # 20103818 <_read+0x36>
2010132a:	20b7c7b3          	sh2add	a5,a5,a1
2010132e:	439c                	lw	a5,0(a5)
20101330:	8782                	jr	a5
20101332:	8441d783          	lhu	a5,-1980(gp) # 20110224 <USBFS_SetupReqValue>
20101336:	460d                	li	a2,3
20101338:	83a1                	srli	a5,a5,0x8
2010133a:	0cc78363          	beq	a5,a2,20101400 <USBFS_IRQHandler+0x2a6>
2010133e:	00f66c63          	bltu	a2,a5,20101356 <USBFS_IRQHandler+0x1fc>
20101342:	4705                	li	a4,1
20101344:	02e78863          	beq	a5,a4,20101374 <USBFS_IRQHandler+0x21a>
20101348:	4709                	li	a4,2
2010134a:	02e78d63          	beq	a5,a4,20101384 <USBFS_IRQHandler+0x22a>
2010134e:	4781                	li	a5,0
20101350:	0ff00993          	li	s3,255
20101354:	a091                	j	20101398 <USBFS_IRQHandler+0x23e>
20101356:	02100713          	li	a4,33
2010135a:	08e78863          	beq	a5,a4,201013ea <USBFS_IRQHandler+0x290>
2010135e:	02200713          	li	a4,34
20101362:	fee796e3          	bne	a5,a4,2010134e <USBFS_IRQHandler+0x1f4>
20101366:	20104737          	lui	a4,0x20104
2010136a:	8bc70713          	addi	a4,a4,-1860 # 201038bc <MyHIDReportDesc>
2010136e:	84e1a423          	sw	a4,-1976(gp) # 20110228 <pUSBFS_Descr>
20101372:	a01d                	j	20101398 <USBFS_IRQHandler+0x23e>
20101374:	201047b7          	lui	a5,0x20104
20101378:	90c78793          	addi	a5,a5,-1780 # 2010390c <MyDevDescr>
2010137c:	84f1a423          	sw	a5,-1976(gp) # 20110228 <pUSBFS_Descr>
20101380:	239c                	lbu	a5,0(a5)
20101382:	a819                	j	20101398 <USBFS_IRQHandler+0x23e>
20101384:	201047b7          	lui	a5,0x20104
20101388:	8e078793          	addi	a5,a5,-1824 # 201038e0 <MyCfgDescr>
2010138c:	23b8                	lbu	a4,2(a5)
2010138e:	84f1a423          	sw	a5,-1976(gp) # 20110228 <pUSBFS_Descr>
20101392:	33bc                	lbu	a5,3(a5)
20101394:	07a2                	slli	a5,a5,0x8
20101396:	8fd9                	or	a5,a5,a4
20101398:	8401d703          	lhu	a4,-1984(gp) # 20110220 <USBFS_SetupReqLen>
2010139c:	00e7f463          	bgeu	a5,a4,201013a4 <USBFS_IRQHandler+0x24a>
201013a0:	84f19023          	sh	a5,-1984(gp) # 20110220 <USBFS_SetupReqLen>
201013a4:	8401d703          	lhu	a4,-1984(gp) # 20110220 <USBFS_SetupReqLen>
201013a8:	03f00793          	li	a5,63
201013ac:	04000a13          	li	s4,64
201013b0:	00e7e663          	bltu	a5,a4,201013bc <USBFS_IRQHandler+0x262>
201013b4:	8401da03          	lhu	s4,-1984(gp) # 20110220 <USBFS_SetupReqLen>
201013b8:	080a4a33          	zext.h	s4,s4
201013bc:	8481aa83          	lw	s5,-1976(gp) # 20110228 <pUSBFS_Descr>
201013c0:	8652                	mv	a2,s4
201013c2:	90418513          	addi	a0,gp,-1788 # 201102e4 <USBFS_EP0_Buf>
201013c6:	85d6                	mv	a1,s5
201013c8:	eedfe0ef          	jal	ra,201002b4 <memcpy>
201013cc:	9ad2                	add	s5,s5,s4
201013ce:	8551a423          	sw	s5,-1976(gp) # 20110228 <pUSBFS_Descr>
201013d2:	0ff00793          	li	a5,255
201013d6:	06f99d63          	bne	s3,a5,20101450 <USBFS_IRQHandler+0x2f6>
201013da:	400237b7          	lui	a5,0x40023
201013de:	471d                	li	a4,7
201013e0:	42e78923          	sb	a4,1074(a5) # 40023432 <_eusrstack+0x1ff0e432>
201013e4:	42e789a3          	sb	a4,1075(a5)
201013e8:	b539                	j	201011f6 <USBFS_IRQHandler+0x9c>
201013ea:	8421d783          	lhu	a5,-1982(gp) # 20110222 <USBFS_SetupReqIndex>
201013ee:	f3a5                	bnez	a5,2010134e <USBFS_IRQHandler+0x1f4>
201013f0:	201047b7          	lui	a5,0x20104
201013f4:	8f278793          	addi	a5,a5,-1806 # 201038f2 <MyCfgDescr+0x12>
201013f8:	84f1a423          	sw	a5,-1976(gp) # 20110228 <pUSBFS_Descr>
201013fc:	47a5                	li	a5,9
201013fe:	bf69                	j	20101398 <USBFS_IRQHandler+0x23e>
20101400:	8441d703          	lhu	a4,-1980(gp) # 20110224 <USBFS_SetupReqValue>
20101404:	4689                	li	a3,2
20101406:	0ff77713          	zext.b	a4,a4
2010140a:	02d70863          	beq	a4,a3,2010143a <USBFS_IRQHandler+0x2e0>
2010140e:	00e6ea63          	bltu	a3,a4,20101422 <USBFS_IRQHandler+0x2c8>
20101412:	ef19                	bnez	a4,20101430 <USBFS_IRQHandler+0x2d6>
20101414:	83018793          	addi	a5,gp,-2000 # 20110210 <MyLangDescr>
20101418:	84f1a423          	sw	a5,-1976(gp) # 20110228 <pUSBFS_Descr>
2010141c:	4981                	li	s3,0
2010141e:	239c                	lbu	a5,0(a5)
20101420:	bfa5                	j	20101398 <USBFS_IRQHandler+0x23e>
20101422:	f2f716e3          	bne	a4,a5,2010134e <USBFS_IRQHandler+0x1f4>
20101426:	201047b7          	lui	a5,0x20104
2010142a:	87878793          	addi	a5,a5,-1928 # 20103878 <MySerNumInfo>
2010142e:	b7b9                	j	2010137c <USBFS_IRQHandler+0x222>
20101430:	201047b7          	lui	a5,0x20104
20101434:	8ac78793          	addi	a5,a5,-1876 # 201038ac <MyManuInfo>
20101438:	b791                	j	2010137c <USBFS_IRQHandler+0x222>
2010143a:	201047b7          	lui	a5,0x20104
2010143e:	89078793          	addi	a5,a5,-1904 # 20103890 <MyProdInfo>
20101442:	bf2d                	j	2010137c <USBFS_IRQHandler+0x222>
20101444:	8441d783          	lhu	a5,-1980(gp) # 20110224 <USBFS_SetupReqValue>
20101448:	0ff7f793          	zext.b	a5,a5
2010144c:	82f18f23          	sb	a5,-1986(gp) # 2011021e <USBFS_DevAddr>
20101450:	8461c783          	lbu	a5,-1978(gp) # 20110226 <USBFS_SetupReqType>
20101454:	8401d703          	lhu	a4,-1984(gp) # 20110220 <USBFS_SetupReqLen>
20101458:	60479793          	sext.b	a5,a5
2010145c:	1e07da63          	bgez	a5,20101650 <USBFS_IRQHandler+0x4f6>
20101460:	04000793          	li	a5,64
20101464:	00e7e663          	bltu	a5,a4,20101470 <USBFS_IRQHandler+0x316>
20101468:	8401d783          	lhu	a5,-1984(gp) # 20110220 <USBFS_SetupReqLen>
2010146c:	0807c7b3          	zext.h	a5,a5
20101470:	8401d703          	lhu	a4,-1984(gp) # 20110220 <USBFS_SetupReqLen>
20101474:	8f1d                	sub	a4,a4,a5
20101476:	08074733          	zext.h	a4,a4
2010147a:	0ff7f793          	zext.b	a5,a5
2010147e:	84e19023          	sh	a4,-1984(gp) # 20110220 <USBFS_SetupReqLen>
20101482:	40023737          	lui	a4,0x40023
20101486:	42f70823          	sb	a5,1072(a4) # 40023430 <_eusrstack+0x1ff0e430>
2010148a:	4791                	li	a5,4
2010148c:	42f70923          	sb	a5,1074(a4)
20101490:	b39d                	j	201011f6 <USBFS_IRQHandler+0x9c>
20101492:	83f1c783          	lbu	a5,-1985(gp) # 2011021f <USBFS_DevConfig>
20101496:	a21c                	sb	a5,0(a2)
20101498:	8401d703          	lhu	a4,-1984(gp) # 20110220 <USBFS_SetupReqLen>
2010149c:	4785                	li	a5,1
2010149e:	fae7f9e3          	bgeu	a5,a4,20101450 <USBFS_IRQHandler+0x2f6>
201014a2:	84f19023          	sh	a5,-1984(gp) # 20110220 <USBFS_SetupReqLen>
201014a6:	b76d                	j	20101450 <USBFS_IRQHandler+0x2f6>
201014a8:	8441d783          	lhu	a5,-1980(gp) # 20110224 <USBFS_SetupReqValue>
201014ac:	0ff7f793          	zext.b	a5,a5
201014b0:	82f18fa3          	sb	a5,-1985(gp) # 2011021f <USBFS_DevConfig>
201014b4:	4705                	li	a4,1
201014b6:	82e18e23          	sb	a4,-1988(gp) # 2011021c <USBFS_DevEnumStatus>
201014ba:	bf59                	j	20101450 <USBFS_IRQHandler+0x2f6>
201014bc:	8461c783          	lbu	a5,-1978(gp) # 20110226 <USBFS_SetupReqType>
201014c0:	8bfd                	andi	a5,a5,31
201014c2:	ef99                	bnez	a5,201014e0 <USBFS_IRQHandler+0x386>
201014c4:	8441d783          	lhu	a5,-1980(gp) # 20110224 <USBFS_SetupReqValue>
201014c8:	4705                	li	a4,1
201014ca:	0ff7f793          	zext.b	a5,a5
201014ce:	f8e791e3          	bne	a5,a4,20101450 <USBFS_IRQHandler+0x2f6>
201014d2:	83d1c783          	lbu	a5,-1987(gp) # 2011021d <USBFS_DevSleepStatus>
201014d6:	0fe7f793          	andi	a5,a5,254
201014da:	82f18ea3          	sb	a5,-1987(gp) # 2011021d <USBFS_DevSleepStatus>
201014de:	bf8d                	j	20101450 <USBFS_IRQHandler+0x2f6>
201014e0:	8461c783          	lbu	a5,-1978(gp) # 20110226 <USBFS_SetupReqType>
201014e4:	4609                	li	a2,2
201014e6:	8bfd                	andi	a5,a5,31
201014e8:	eec799e3          	bne	a5,a2,201013da <USBFS_IRQHandler+0x280>
201014ec:	8441d703          	lhu	a4,-1980(gp) # 20110224 <USBFS_SetupReqValue>
201014f0:	0ff77713          	zext.b	a4,a4
201014f4:	ee0713e3          	bnez	a4,201013da <USBFS_IRQHandler+0x280>
201014f8:	8421d683          	lhu	a3,-1982(gp) # 20110222 <USBFS_SetupReqIndex>
201014fc:	40023737          	lui	a4,0x40023
20101500:	40070713          	addi	a4,a4,1024 # 40023400 <_eusrstack+0x1ff0e400>
20101504:	0ff6f693          	zext.b	a3,a3
20101508:	00f68963          	beq	a3,a5,2010151a <USBFS_IRQHandler+0x3c0>
2010150c:	08200613          	li	a2,130
20101510:	ecc695e3          	bne	a3,a2,201013da <USBFS_IRQHandler+0x280>
20101514:	02f70d23          	sb	a5,58(a4)
20101518:	bf25                	j	20101450 <USBFS_IRQHandler+0x2f6>
2010151a:	02070da3          	sb	zero,59(a4)
2010151e:	bf0d                	j	20101450 <USBFS_IRQHandler+0x2f6>
20101520:	8461c783          	lbu	a5,-1978(gp) # 20110226 <USBFS_SetupReqType>
20101524:	8bfd                	andi	a5,a5,31
20101526:	e78d                	bnez	a5,20101550 <USBFS_IRQHandler+0x3f6>
20101528:	8441d783          	lhu	a5,-1980(gp) # 20110224 <USBFS_SetupReqValue>
2010152c:	4705                	li	a4,1
2010152e:	0ff7f793          	zext.b	a5,a5
20101532:	eae794e3          	bne	a5,a4,201013da <USBFS_IRQHandler+0x280>
20101536:	201047b7          	lui	a5,0x20104
2010153a:	8e77c783          	lbu	a5,-1817(a5) # 201038e7 <MyCfgDescr+0x7>
2010153e:	0207f793          	andi	a5,a5,32
20101542:	e8078ce3          	beqz	a5,201013da <USBFS_IRQHandler+0x280>
20101546:	83d1c783          	lbu	a5,-1987(gp) # 2011021d <USBFS_DevSleepStatus>
2010154a:	0017e793          	ori	a5,a5,1
2010154e:	b771                	j	201014da <USBFS_IRQHandler+0x380>
20101550:	8461c603          	lbu	a2,-1978(gp) # 20110226 <USBFS_SetupReqType>
20101554:	4789                	li	a5,2
20101556:	8a7d                	andi	a2,a2,31
20101558:	e8f611e3          	bne	a2,a5,201013da <USBFS_IRQHandler+0x280>
2010155c:	8441d783          	lhu	a5,-1980(gp) # 20110224 <USBFS_SetupReqValue>
20101560:	0ff7f793          	zext.b	a5,a5
20101564:	e6079be3          	bnez	a5,201013da <USBFS_IRQHandler+0x280>
20101568:	8421d703          	lhu	a4,-1982(gp) # 20110222 <USBFS_SetupReqIndex>
2010156c:	400237b7          	lui	a5,0x40023
20101570:	40078793          	addi	a5,a5,1024 # 40023400 <_eusrstack+0x1ff0e400>
20101574:	0ff77713          	zext.b	a4,a4
20101578:	00c70d63          	beq	a4,a2,20101592 <USBFS_IRQHandler+0x438>
2010157c:	08200693          	li	a3,130
20101580:	e4d71de3          	bne	a4,a3,201013da <USBFS_IRQHandler+0x280>
20101584:	03a7c703          	lbu	a4,58(a5)
20101588:	00376713          	ori	a4,a4,3
2010158c:	02e78d23          	sb	a4,58(a5)
20101590:	b5c1                	j	20101450 <USBFS_IRQHandler+0x2f6>
20101592:	03b7c703          	lbu	a4,59(a5)
20101596:	00376713          	ori	a4,a4,3
2010159a:	02e78da3          	sb	a4,59(a5)
2010159e:	bd4d                	j	20101450 <USBFS_IRQHandler+0x2f6>
201015a0:	00060023          	sb	zero,0(a2) # 40021000 <_eusrstack+0x1ff0c000>
201015a4:	bdd5                	j	20101498 <USBFS_IRQHandler+0x33e>
201015a6:	8461c783          	lbu	a5,-1978(gp) # 20110226 <USBFS_SetupReqType>
201015aa:	90019223          	sh	zero,-1788(gp) # 201102e4 <USBFS_EP0_Buf>
201015ae:	8bfd                	andi	a5,a5,31
201015b0:	eb91                	bnez	a5,201015c4 <USBFS_IRQHandler+0x46a>
201015b2:	83d1c783          	lbu	a5,-1987(gp) # 2011021d <USBFS_DevSleepStatus>
201015b6:	8b85                	andi	a5,a5,1
201015b8:	cbb5                	beqz	a5,2010162c <USBFS_IRQHandler+0x4d2>
201015ba:	4789                	li	a5,2
201015bc:	a21c                	sb	a5,0(a2)
201015be:	8401d703          	lhu	a4,-1984(gp) # 20110220 <USBFS_SetupReqLen>
201015c2:	bdf1                	j	2010149e <USBFS_IRQHandler+0x344>
201015c4:	8461c783          	lbu	a5,-1978(gp) # 20110226 <USBFS_SetupReqType>
201015c8:	4709                	li	a4,2
201015ca:	8bfd                	andi	a5,a5,31
201015cc:	06e79463          	bne	a5,a4,20101634 <USBFS_IRQHandler+0x4da>
201015d0:	8421d703          	lhu	a4,-1982(gp) # 20110222 <USBFS_SetupReqIndex>
201015d4:	0ff77713          	zext.b	a4,a4
201015d8:	02f71563          	bne	a4,a5,20101602 <USBFS_IRQHandler+0x4a8>
201015dc:	400237b7          	lui	a5,0x40023
201015e0:	40078793          	addi	a5,a5,1024 # 40023400 <_eusrstack+0x1ff0e400>
201015e4:	03b7c783          	lbu	a5,59(a5)
201015e8:	468d                	li	a3,3
201015ea:	8b8d                	andi	a5,a5,3
201015ec:	00d79463          	bne	a5,a3,201015f4 <USBFS_IRQHandler+0x49a>
201015f0:	4785                	li	a5,1
201015f2:	a21c                	sb	a5,0(a2)
201015f4:	8401d783          	lhu	a5,-1984(gp) # 20110220 <USBFS_SetupReqLen>
201015f8:	e4f77ce3          	bgeu	a4,a5,20101450 <USBFS_IRQHandler+0x2f6>
201015fc:	84e19023          	sh	a4,-1984(gp) # 20110220 <USBFS_SetupReqLen>
20101600:	bd81                	j	20101450 <USBFS_IRQHandler+0x2f6>
20101602:	8421d703          	lhu	a4,-1982(gp) # 20110222 <USBFS_SetupReqIndex>
20101606:	08200693          	li	a3,130
2010160a:	0ff77713          	zext.b	a4,a4
2010160e:	02d71a63          	bne	a4,a3,20101642 <USBFS_IRQHandler+0x4e8>
20101612:	40023737          	lui	a4,0x40023
20101616:	40070713          	addi	a4,a4,1024 # 40023400 <_eusrstack+0x1ff0e400>
2010161a:	03a74703          	lbu	a4,58(a4)
2010161e:	468d                	li	a3,3
20101620:	8b0d                	andi	a4,a4,3
20101622:	f8d71ee3          	bne	a4,a3,201015be <USBFS_IRQHandler+0x464>
20101626:	4705                	li	a4,1
20101628:	a218                	sb	a4,0(a2)
2010162a:	bf51                	j	201015be <USBFS_IRQHandler+0x464>
2010162c:	8401d703          	lhu	a4,-1984(gp) # 20110220 <USBFS_SetupReqLen>
20101630:	4789                	li	a5,2
20101632:	b5b5                	j	2010149e <USBFS_IRQHandler+0x344>
20101634:	8401d783          	lhu	a5,-1984(gp) # 20110220 <USBFS_SetupReqLen>
20101638:	daf771e3          	bgeu	a4,a5,201013da <USBFS_IRQHandler+0x280>
2010163c:	84e19023          	sh	a4,-1984(gp) # 20110220 <USBFS_SetupReqLen>
20101640:	bb69                	j	201013da <USBFS_IRQHandler+0x280>
20101642:	8401d703          	lhu	a4,-1984(gp) # 20110220 <USBFS_SetupReqLen>
20101646:	d8e7fae3          	bgeu	a5,a4,201013da <USBFS_IRQHandler+0x280>
2010164a:	84f19023          	sh	a5,-1984(gp) # 20110220 <USBFS_SetupReqLen>
2010164e:	b371                	j	201013da <USBFS_IRQHandler+0x280>
20101650:	400237b7          	lui	a5,0x40023
20101654:	40078793          	addi	a5,a5,1024 # 40023400 <_eusrstack+0x1ff0e400>
20101658:	e719                	bnez	a4,20101666 <USBFS_IRQHandler+0x50c>
2010165a:	02078823          	sb	zero,48(a5)
2010165e:	4711                	li	a4,4
20101660:	02e78923          	sb	a4,50(a5)
20101664:	be49                	j	201011f6 <USBFS_IRQHandler+0x9c>
20101666:	4711                	li	a4,4
20101668:	02e789a3          	sb	a4,51(a5)
2010166c:	b669                	j	201011f6 <USBFS_IRQHandler+0x9c>
2010166e:	0016f793          	andi	a5,a3,1
20101672:	cf99                	beqz	a5,20101690 <USBFS_IRQHandler+0x536>
20101674:	82018fa3          	sb	zero,-1985(gp) # 2011021f <USBFS_DevConfig>
20101678:	82018f23          	sb	zero,-1986(gp) # 2011021e <USBFS_DevAddr>
2010167c:	82018ea3          	sb	zero,-1987(gp) # 2011021d <USBFS_DevSleepStatus>
20101680:	82018e23          	sb	zero,-1988(gp) # 2011021c <USBFS_DevEnumStatus>
20101684:	000401a3          	sb	zero,3(s0)
20101688:	3445                	jal	20101128 <USBFS_Device_Endp_Init>
2010168a:	4785                	li	a5,1
2010168c:	a07c                	sb	a5,6(s0)
2010168e:	be9d                	j	20101204 <USBFS_IRQHandler+0xaa>
20101690:	0046f793          	andi	a5,a3,4
20101694:	c399                	beqz	a5,2010169a <USBFS_IRQHandler+0x540>
20101696:	4791                	li	a5,4
20101698:	bfd5                	j	2010168c <USBFS_IRQHandler+0x532>
2010169a:	a074                	sb	a3,6(s0)
2010169c:	b6a5                	j	20101204 <USBFS_IRQHandler+0xaa>

2010169e <USBHS_RCC_Init.part.0>:
2010169e:	be7fe2ef          	jal	t0,20100284 <__riscv_save_0>
201016a2:	400217b7          	lui	a5,0x40021
201016a6:	479c                	lw	a5,8(a5)
201016a8:	70000737          	lui	a4,0x70000
201016ac:	8ff9                	and	a5,a5,a4
201016ae:	40000737          	lui	a4,0x40000
201016b2:	02e78863          	beq	a5,a4,201016e2 <USBHS_RCC_Init.part.0+0x44>
201016b6:	4501                	li	a0,0
201016b8:	953ff0ef          	jal	ra,2010100a <RCC_USBHS_PLLCmd>
201016bc:	4501                	li	a0,0
201016be:	979ff0ef          	jal	ra,20101036 <RCC_USBHSPLLCLKConfig>
201016c2:	4501                	li	a0,0
201016c4:	985ff0ef          	jal	ra,20101048 <RCC_USBHSPLLReferConfig>
201016c8:	4501                	li	a0,0
201016ca:	991ff0ef          	jal	ra,2010105a <RCC_USBHSPLLClockSourceDivConfig>
201016ce:	4505                	li	a0,1
201016d0:	93bff0ef          	jal	ra,2010100a <RCC_USBHS_PLLCmd>
201016d4:	400216b7          	lui	a3,0x40021
201016d8:	00200737          	lui	a4,0x200
201016dc:	429c                	lw	a5,0(a3)
201016de:	8ff9                	and	a5,a5,a4
201016e0:	dff5                	beqz	a5,201016dc <USBHS_RCC_Init.part.0+0x3e>
201016e2:	4505                	li	a0,1
201016e4:	93dff0ef          	jal	ra,20101020 <RCC_UTMIcmd>
201016e8:	4585                	li	a1,1
201016ea:	28b01513          	bseti	a0,zero,0xb
201016ee:	8adff0ef          	jal	ra,20100f9a <RCC_HBPeriphClockCmd>
201016f2:	bb7fe06f          	j	201002a8 <__riscv_restore_0>

201016f6 <USBHS_Device_Endp_Init>:
201016f6:	400307b7          	lui	a5,0x40030
201016fa:	4715                	li	a4,5
201016fc:	ab9a                	sh	a4,16(a5)
201016fe:	abba                	sh	a4,18(a5)
20101700:	04000713          	li	a4,64
20101704:	cff8                	sw	a4,92(a5)
20101706:	d3b8                	sw	a4,96(a5)
20101708:	d3f8                	sw	a4,100(a5)
2010170a:	98418713          	addi	a4,gp,-1660 # 20110364 <USBHS_EP0_Buf>
2010170e:	d398                	sw	a4,32(a5)
20101710:	94418713          	addi	a4,gp,-1724 # 20110324 <USBHS_EP2_Rx_Buf>
20101714:	d798                	sw	a4,40(a5)
20101716:	08078f23          	sb	zero,158(a5) # 4003009e <_eusrstack+0x1ff1b09e>
2010171a:	4709                	li	a4,2
2010171c:	08e78fa3          	sb	a4,159(a5)
20101720:	0a078323          	sb	zero,166(a5)
20101724:	0ae783a3          	sb	a4,167(a5)
20101728:	8082                	ret

2010172a <USBHS_RCC_Init>:
2010172a:	b5bfe2ef          	jal	t0,20100284 <__riscv_save_0>
2010172e:	c501                	beqz	a0,20101736 <USBHS_RCC_Init+0xc>
20101730:	37bd                	jal	2010169e <USBHS_RCC_Init.part.0>
20101732:	b77fe06f          	j	201002a8 <__riscv_restore_0>
20101736:	4581                	li	a1,0
20101738:	28b01513          	bseti	a0,zero,0xb
2010173c:	85fff0ef          	jal	ra,20100f9a <RCC_HBPeriphClockCmd>
20101740:	4501                	li	a0,0
20101742:	8dfff0ef          	jal	ra,20101020 <RCC_UTMIcmd>
20101746:	400217b7          	lui	a5,0x40021
2010174a:	479c                	lw	a5,8(a5)
2010174c:	70000737          	lui	a4,0x70000
20101750:	8ff9                	and	a5,a5,a4
20101752:	40000737          	lui	a4,0x40000
20101756:	fce78ee3          	beq	a5,a4,20101732 <USBHS_RCC_Init+0x8>
2010175a:	4501                	li	a0,0
2010175c:	8afff0ef          	jal	ra,2010100a <RCC_USBHS_PLLCmd>
20101760:	bfc9                	j	20101732 <USBHS_RCC_Init+0x8>

20101762 <USBHS_Device_Init>:
20101762:	b23fe2ef          	jal	t0,20100284 <__riscv_save_0>
20101766:	c51d                	beqz	a0,20101794 <USBHS_Device_Init+0x32>
20101768:	3f1d                	jal	2010169e <USBHS_RCC_Init.part.0>
2010176a:	40030437          	lui	s0,0x40030
2010176e:	47a5                	li	a5,9
20101770:	a01c                	sb	a5,0(s0)
20101772:	05f00793          	li	a5,95
20101776:	a03c                	sb	a5,2(s0)
20101778:	3fbd                	jal	201016f6 <USBHS_Device_Endp_Init>
2010177a:	4785                	li	a5,1
2010177c:	b01c                	sb	a5,1(s0)
2010177e:	fb800793          	li	a5,-72
20101782:	a01c                	sb	a5,0(s0)
20101784:	01000737          	lui	a4,0x1000
20101788:	e000e7b7          	lui	a5,0xe000e
2010178c:	10e7a223          	sw	a4,260(a5) # e000e104 <_eusrstack+0xbfef9104>
20101790:	b19fe06f          	j	201002a8 <__riscv_restore_0>
20101794:	400307b7          	lui	a5,0x40030
20101798:	470d                	li	a4,3
2010179a:	a398                	sb	a4,0(a5)
2010179c:	e000e7b7          	lui	a5,0xe000e
201017a0:	01000737          	lui	a4,0x1000
201017a4:	18e7a223          	sw	a4,388(a5) # e000e184 <_eusrstack+0xbfef9184>
201017a8:	0000100f          	fence.i
201017ac:	3fbd                	jal	2010172a <USBHS_RCC_Init>
201017ae:	b7cd                	j	20101790 <USBHS_Device_Init+0x2e>

201017b0 <USBHS_IRQHandler>:
201017b0:	1101                	addi	sp,sp,-32
201017b2:	cc26                	sw	s1,24(sp)
201017b4:	ce22                	sw	s0,28(sp)
201017b6:	ca4a                	sw	s2,20(sp)
201017b8:	c84e                	sw	s3,16(sp)
201017ba:	c652                	sw	s4,12(sp)
201017bc:	c456                	sw	s5,8(sp)
201017be:	400304b7          	lui	s1,0x40030
201017c2:	2494                	lbu	a3,8(s1)
201017c4:	349c                	lbu	a5,9(s1)
201017c6:	0ff6f713          	zext.b	a4,a3
201017ca:	8ac1                	andi	a3,a3,16
201017cc:	4e068063          	beqz	a3,20101cac <USBHS_IRQHandler+0x4fc>
201017d0:	0ff7f793          	zext.b	a5,a5
201017d4:	0077f713          	andi	a4,a5,7
201017d8:	8bc1                	andi	a5,a5,16
201017da:	3e079a63          	bnez	a5,20101bce <USBHS_IRQHandler+0x41e>
201017de:	cf09                	beqz	a4,201017f8 <USBHS_IRQHandler+0x48>
201017e0:	4789                	li	a5,2
201017e2:	3af70763          	beq	a4,a5,20101b90 <USBHS_IRQHandler+0x3e0>
201017e6:	4472                	lw	s0,28(sp)
201017e8:	44e2                	lw	s1,24(sp)
201017ea:	4952                	lw	s2,20(sp)
201017ec:	49c2                	lw	s3,16(sp)
201017ee:	4a32                	lw	s4,12(sp)
201017f0:	4aa2                	lw	s5,8(sp)
201017f2:	6105                	addi	sp,sp,32
201017f4:	30200073          	mret
201017f8:	09f4c783          	lbu	a5,159(s1) # 4003009f <_eusrstack+0x1ff1b09f>
201017fc:	07f7f793          	andi	a5,a5,127
20101800:	08f48fa3          	sb	a5,159(s1)
20101804:	09f4c783          	lbu	a5,159(s1)
20101808:	8ba1                	andi	a5,a5,8
2010180a:	36078463          	beqz	a5,20101b72 <USBHS_IRQHandler+0x3c2>
2010180e:	09f4c783          	lbu	a5,159(s1)
20101812:	60479793          	sext.b	a5,a5
20101816:	3407ce63          	bltz	a5,20101b72 <USBHS_IRQHandler+0x3c2>
2010181a:	98418793          	addi	a5,gp,-1660 # 20110364 <USBHS_EP0_Buf>
2010181e:	2398                	lbu	a4,0(a5)
20101820:	23b6                	lhu	a3,2(a5)
20101822:	84e18b23          	sb	a4,-1962(gp) # 20110236 <USBHS_SetupReqType>
20101826:	3398                	lbu	a4,1(a5)
20101828:	84e18ba3          	sb	a4,-1961(gp) # 20110237 <USBHS_SetupReqCode>
2010182c:	23fa                	lhu	a4,6(a5)
2010182e:	23de                	lhu	a5,4(a5)
20101830:	84e19823          	sh	a4,-1968(gp) # 20110230 <USBHS_SetupReqLen>
20101834:	84d19a23          	sh	a3,-1964(gp) # 20110234 <USBHS_SetupReqValue>
20101838:	84f19923          	sh	a5,-1966(gp) # 20110232 <USBHS_SetupReqIndex>
2010183c:	8561c983          	lbu	s3,-1962(gp) # 20110236 <USBHS_SetupReqType>
20101840:	98418693          	addi	a3,gp,-1660 # 20110364 <USBHS_EP0_Buf>
20101844:	0609f993          	andi	s3,s3,96
20101848:	02098763          	beqz	s3,20101876 <USBHS_IRQHandler+0xc6>
2010184c:	8561c783          	lbu	a5,-1962(gp) # 20110236 <USBHS_SetupReqType>
20101850:	02000713          	li	a4,32
20101854:	0607f793          	andi	a5,a5,96
20101858:	0ee78263          	beq	a5,a4,2010193c <USBHS_IRQHandler+0x18c>
2010185c:	8561c783          	lbu	a5,-1962(gp) # 20110236 <USBHS_SetupReqType>
20101860:	0407f793          	andi	a5,a5,64
20101864:	efe1                	bnez	a5,2010193c <USBHS_IRQHandler+0x18c>
20101866:	400307b7          	lui	a5,0x40030
2010186a:	4715                	li	a4,5
2010186c:	08e78f23          	sb	a4,158(a5) # 4003009e <_eusrstack+0x1ff1b09e>
20101870:	08e78fa3          	sb	a4,159(a5)
20101874:	bf8d                	j	201017e6 <USBHS_IRQHandler+0x36>
20101876:	8571c583          	lbu	a1,-1961(gp) # 20110237 <USBHS_SetupReqCode>
2010187a:	482d                	li	a6,11
2010187c:	0ff5f793          	zext.b	a5,a1
20101880:	feb863e3          	bltu	a6,a1,20101866 <USBHS_IRQHandler+0xb6>
20101884:	201045b7          	lui	a1,0x20104
20101888:	84858593          	addi	a1,a1,-1976 # 20103848 <_read+0x66>
2010188c:	20b7c7b3          	sh2add	a5,a5,a1
20101890:	439c                	lw	a5,0(a5)
20101892:	8782                	jr	a5
20101894:	8541d783          	lhu	a5,-1964(gp) # 20110234 <USBHS_SetupReqValue>
20101898:	468d                	li	a3,3
2010189a:	83a1                	srli	a5,a5,0x8
2010189c:	0cd78f63          	beq	a5,a3,2010197a <USBHS_IRQHandler+0x1ca>
201018a0:	00f6ec63          	bltu	a3,a5,201018b8 <USBHS_IRQHandler+0x108>
201018a4:	4705                	li	a4,1
201018a6:	02e78863          	beq	a5,a4,201018d6 <USBHS_IRQHandler+0x126>
201018aa:	4709                	li	a4,2
201018ac:	02e78d63          	beq	a5,a4,201018e6 <USBHS_IRQHandler+0x136>
201018b0:	4781                	li	a5,0
201018b2:	0ff00993          	li	s3,255
201018b6:	a091                	j	201018fa <USBHS_IRQHandler+0x14a>
201018b8:	02100713          	li	a4,33
201018bc:	10e78163          	beq	a5,a4,201019be <USBHS_IRQHandler+0x20e>
201018c0:	02200713          	li	a4,34
201018c4:	fee796e3          	bne	a5,a4,201018b0 <USBHS_IRQHandler+0x100>
201018c8:	20104737          	lui	a4,0x20104
201018cc:	8bc70713          	addi	a4,a4,-1860 # 201038bc <MyHIDReportDesc>
201018d0:	84e1ac23          	sw	a4,-1960(gp) # 20110238 <pUSBHS_Descr>
201018d4:	a01d                	j	201018fa <USBHS_IRQHandler+0x14a>
201018d6:	201047b7          	lui	a5,0x20104
201018da:	90c78793          	addi	a5,a5,-1780 # 2010390c <MyDevDescr>
201018de:	84f1ac23          	sw	a5,-1960(gp) # 20110238 <pUSBHS_Descr>
201018e2:	239c                	lbu	a5,0(a5)
201018e4:	a819                	j	201018fa <USBHS_IRQHandler+0x14a>
201018e6:	201047b7          	lui	a5,0x20104
201018ea:	8e078793          	addi	a5,a5,-1824 # 201038e0 <MyCfgDescr>
201018ee:	23b8                	lbu	a4,2(a5)
201018f0:	84f1ac23          	sw	a5,-1960(gp) # 20110238 <pUSBHS_Descr>
201018f4:	33bc                	lbu	a5,3(a5)
201018f6:	07a2                	slli	a5,a5,0x8
201018f8:	8fd9                	or	a5,a5,a4
201018fa:	8501d703          	lhu	a4,-1968(gp) # 20110230 <USBHS_SetupReqLen>
201018fe:	00e7f463          	bgeu	a5,a4,20101906 <USBHS_IRQHandler+0x156>
20101902:	84f19823          	sh	a5,-1968(gp) # 20110230 <USBHS_SetupReqLen>
20101906:	8501d703          	lhu	a4,-1968(gp) # 20110230 <USBHS_SetupReqLen>
2010190a:	03f00793          	li	a5,63
2010190e:	04000a13          	li	s4,64
20101912:	00e7e663          	bltu	a5,a4,2010191e <USBHS_IRQHandler+0x16e>
20101916:	8501da03          	lhu	s4,-1968(gp) # 20110230 <USBHS_SetupReqLen>
2010191a:	080a4a33          	zext.h	s4,s4
2010191e:	8581aa83          	lw	s5,-1960(gp) # 20110238 <pUSBHS_Descr>
20101922:	8652                	mv	a2,s4
20101924:	98418513          	addi	a0,gp,-1660 # 20110364 <USBHS_EP0_Buf>
20101928:	85d6                	mv	a1,s5
2010192a:	98bfe0ef          	jal	ra,201002b4 <memcpy>
2010192e:	9ad2                	add	s5,s5,s4
20101930:	8551ac23          	sw	s5,-1960(gp) # 20110238 <pUSBHS_Descr>
20101934:	0ff00793          	li	a5,255
20101938:	f2f987e3          	beq	s3,a5,20101866 <USBHS_IRQHandler+0xb6>
2010193c:	8561c783          	lbu	a5,-1962(gp) # 20110236 <USBHS_SetupReqType>
20101940:	60479793          	sext.b	a5,a5
20101944:	2007d863          	bgez	a5,20101b54 <USBHS_IRQHandler+0x3a4>
20101948:	8501d703          	lhu	a4,-1968(gp) # 20110230 <USBHS_SetupReqLen>
2010194c:	04000793          	li	a5,64
20101950:	00e7e663          	bltu	a5,a4,2010195c <USBHS_IRQHandler+0x1ac>
20101954:	8501d783          	lhu	a5,-1968(gp) # 20110230 <USBHS_SetupReqLen>
20101958:	0807c7b3          	zext.h	a5,a5
2010195c:	8501d703          	lhu	a4,-1968(gp) # 20110230 <USBHS_SetupReqLen>
20101960:	8f1d                	sub	a4,a4,a5
20101962:	08074733          	zext.h	a4,a4
20101966:	84e19823          	sh	a4,-1968(gp) # 20110230 <USBHS_SetupReqLen>
2010196a:	40030737          	lui	a4,0x40030
2010196e:	08f71e23          	sh	a5,156(a4) # 4003009c <_eusrstack+0x1ff1b09c>
20101972:	4799                	li	a5,6
20101974:	08f70f23          	sb	a5,158(a4)
20101978:	b5bd                	j	201017e6 <USBHS_IRQHandler+0x36>
2010197a:	8541d703          	lhu	a4,-1964(gp) # 20110234 <USBHS_SetupReqValue>
2010197e:	4689                	li	a3,2
20101980:	0ff77713          	zext.b	a4,a4
20101984:	02d70863          	beq	a4,a3,201019b4 <USBHS_IRQHandler+0x204>
20101988:	00e6ea63          	bltu	a3,a4,2010199c <USBHS_IRQHandler+0x1ec>
2010198c:	ef19                	bnez	a4,201019aa <USBHS_IRQHandler+0x1fa>
2010198e:	83018793          	addi	a5,gp,-2000 # 20110210 <MyLangDescr>
20101992:	84f1ac23          	sw	a5,-1960(gp) # 20110238 <pUSBHS_Descr>
20101996:	4981                	li	s3,0
20101998:	239c                	lbu	a5,0(a5)
2010199a:	b785                	j	201018fa <USBHS_IRQHandler+0x14a>
2010199c:	f0f71ae3          	bne	a4,a5,201018b0 <USBHS_IRQHandler+0x100>
201019a0:	201047b7          	lui	a5,0x20104
201019a4:	87878793          	addi	a5,a5,-1928 # 20103878 <MySerNumInfo>
201019a8:	bf1d                	j	201018de <USBHS_IRQHandler+0x12e>
201019aa:	201047b7          	lui	a5,0x20104
201019ae:	8ac78793          	addi	a5,a5,-1876 # 201038ac <MyManuInfo>
201019b2:	b735                	j	201018de <USBHS_IRQHandler+0x12e>
201019b4:	201047b7          	lui	a5,0x20104
201019b8:	89078793          	addi	a5,a5,-1904 # 20103890 <MyProdInfo>
201019bc:	b70d                	j	201018de <USBHS_IRQHandler+0x12e>
201019be:	8521d783          	lhu	a5,-1966(gp) # 20110232 <USBHS_SetupReqIndex>
201019c2:	ee0797e3          	bnez	a5,201018b0 <USBHS_IRQHandler+0x100>
201019c6:	201047b7          	lui	a5,0x20104
201019ca:	8f278793          	addi	a5,a5,-1806 # 201038f2 <MyCfgDescr+0x12>
201019ce:	84f1ac23          	sw	a5,-1960(gp) # 20110238 <pUSBHS_Descr>
201019d2:	47a5                	li	a5,9
201019d4:	b71d                	j	201018fa <USBHS_IRQHandler+0x14a>
201019d6:	8541d783          	lhu	a5,-1964(gp) # 20110234 <USBHS_SetupReqValue>
201019da:	0ff7f793          	zext.b	a5,a5
201019de:	84f18723          	sb	a5,-1970(gp) # 2011022e <USBHS_DevAddr>
201019e2:	bfa9                	j	2010193c <USBHS_IRQHandler+0x18c>
201019e4:	84f1c783          	lbu	a5,-1969(gp) # 2011022f <USBHS_DevConfig>
201019e8:	a29c                	sb	a5,0(a3)
201019ea:	8501d703          	lhu	a4,-1968(gp) # 20110230 <USBHS_SetupReqLen>
201019ee:	4785                	li	a5,1
201019f0:	f4e7f6e3          	bgeu	a5,a4,2010193c <USBHS_IRQHandler+0x18c>
201019f4:	84f19823          	sh	a5,-1968(gp) # 20110230 <USBHS_SetupReqLen>
201019f8:	b791                	j	2010193c <USBHS_IRQHandler+0x18c>
201019fa:	8541d783          	lhu	a5,-1964(gp) # 20110234 <USBHS_SetupReqValue>
201019fe:	0ff7f793          	zext.b	a5,a5
20101a02:	84f187a3          	sb	a5,-1969(gp) # 2011022f <USBHS_DevConfig>
20101a06:	4705                	li	a4,1
20101a08:	84e18623          	sb	a4,-1972(gp) # 2011022c <USBHS_DevEnumStatus>
20101a0c:	bf05                	j	2010193c <USBHS_IRQHandler+0x18c>
20101a0e:	8561c783          	lbu	a5,-1962(gp) # 20110236 <USBHS_SetupReqType>
20101a12:	8bfd                	andi	a5,a5,31
20101a14:	ef99                	bnez	a5,20101a32 <USBHS_IRQHandler+0x282>
20101a16:	8541d783          	lhu	a5,-1964(gp) # 20110234 <USBHS_SetupReqValue>
20101a1a:	4705                	li	a4,1
20101a1c:	0ff7f793          	zext.b	a5,a5
20101a20:	e4e793e3          	bne	a5,a4,20101866 <USBHS_IRQHandler+0xb6>
20101a24:	84d1c783          	lbu	a5,-1971(gp) # 2011022d <USBHS_DevSleepStatus>
20101a28:	0fe7f793          	andi	a5,a5,254
20101a2c:	84f186a3          	sb	a5,-1971(gp) # 2011022d <USBHS_DevSleepStatus>
20101a30:	b731                	j	2010193c <USBHS_IRQHandler+0x18c>
20101a32:	8561c683          	lbu	a3,-1962(gp) # 20110236 <USBHS_SetupReqType>
20101a36:	4789                	li	a5,2
20101a38:	8afd                	andi	a3,a3,31
20101a3a:	e2f696e3          	bne	a3,a5,20101866 <USBHS_IRQHandler+0xb6>
20101a3e:	8541d783          	lhu	a5,-1964(gp) # 20110234 <USBHS_SetupReqValue>
20101a42:	0ff7f793          	zext.b	a5,a5
20101a46:	e20790e3          	bnez	a5,20101866 <USBHS_IRQHandler+0xb6>
20101a4a:	8521d783          	lhu	a5,-1966(gp) # 20110232 <USBHS_SetupReqIndex>
20101a4e:	0ff7f793          	zext.b	a5,a5
20101a52:	00d78b63          	beq	a5,a3,20101a68 <USBHS_IRQHandler+0x2b8>
20101a56:	08200713          	li	a4,130
20101a5a:	e0e796e3          	bne	a5,a4,20101866 <USBHS_IRQHandler+0xb6>
20101a5e:	400307b7          	lui	a5,0x40030
20101a62:	0a078323          	sb	zero,166(a5) # 400300a6 <_eusrstack+0x1ff1b0a6>
20101a66:	bdd9                	j	2010193c <USBHS_IRQHandler+0x18c>
20101a68:	40030737          	lui	a4,0x40030
20101a6c:	0af703a3          	sb	a5,167(a4) # 400300a7 <_eusrstack+0x1ff1b0a7>
20101a70:	b5f1                	j	2010193c <USBHS_IRQHandler+0x18c>
20101a72:	8561c783          	lbu	a5,-1962(gp) # 20110236 <USBHS_SetupReqType>
20101a76:	8bfd                	andi	a5,a5,31
20101a78:	de0787e3          	beqz	a5,20101866 <USBHS_IRQHandler+0xb6>
20101a7c:	8561c683          	lbu	a3,-1962(gp) # 20110236 <USBHS_SetupReqType>
20101a80:	4789                	li	a5,2
20101a82:	8afd                	andi	a3,a3,31
20101a84:	eaf69ce3          	bne	a3,a5,2010193c <USBHS_IRQHandler+0x18c>
20101a88:	8541d783          	lhu	a5,-1964(gp) # 20110234 <USBHS_SetupReqValue>
20101a8c:	0ff7f793          	zext.b	a5,a5
20101a90:	ea0796e3          	bnez	a5,2010193c <USBHS_IRQHandler+0x18c>
20101a94:	8521d783          	lhu	a5,-1966(gp) # 20110232 <USBHS_SetupReqIndex>
20101a98:	0ff7f793          	zext.b	a5,a5
20101a9c:	02d78163          	beq	a5,a3,20101abe <USBHS_IRQHandler+0x30e>
20101aa0:	08200713          	li	a4,130
20101aa4:	dce791e3          	bne	a5,a4,20101866 <USBHS_IRQHandler+0xb6>
20101aa8:	40030737          	lui	a4,0x40030
20101aac:	0a674783          	lbu	a5,166(a4) # 400300a6 <_eusrstack+0x1ff1b0a6>
20101ab0:	0fc7f793          	andi	a5,a5,252
20101ab4:	0017e793          	ori	a5,a5,1
20101ab8:	0af70323          	sb	a5,166(a4)
20101abc:	b541                	j	2010193c <USBHS_IRQHandler+0x18c>
20101abe:	40030737          	lui	a4,0x40030
20101ac2:	0a774783          	lbu	a5,167(a4) # 400300a7 <_eusrstack+0x1ff1b0a7>
20101ac6:	0fc7f793          	andi	a5,a5,252
20101aca:	0017e793          	ori	a5,a5,1
20101ace:	bf79                	j	20101a6c <USBHS_IRQHandler+0x2bc>
20101ad0:	00068023          	sb	zero,0(a3) # 40021000 <_eusrstack+0x1ff0c000>
20101ad4:	bf19                	j	201019ea <USBHS_IRQHandler+0x23a>
20101ad6:	8561c783          	lbu	a5,-1962(gp) # 20110236 <USBHS_SetupReqType>
20101ada:	98019223          	sh	zero,-1660(gp) # 20110364 <USBHS_EP0_Buf>
20101ade:	4709                	li	a4,2
20101ae0:	8bfd                	andi	a5,a5,31
20101ae2:	04e79863          	bne	a5,a4,20101b32 <USBHS_IRQHandler+0x382>
20101ae6:	8521d703          	lhu	a4,-1966(gp) # 20110232 <USBHS_SetupReqIndex>
20101aea:	0ff77713          	zext.b	a4,a4
20101aee:	02f70263          	beq	a4,a5,20101b12 <USBHS_IRQHandler+0x362>
20101af2:	08200613          	li	a2,130
20101af6:	04c71863          	bne	a4,a2,20101b46 <USBHS_IRQHandler+0x396>
20101afa:	40030737          	lui	a4,0x40030
20101afe:	0a674703          	lbu	a4,166(a4) # 400300a6 <_eusrstack+0x1ff1b0a6>
20101b02:	4605                	li	a2,1
20101b04:	8b0d                	andi	a4,a4,3
20101b06:	00c71363          	bne	a4,a2,20101b0c <USBHS_IRQHandler+0x35c>
20101b0a:	a298                	sb	a4,0(a3)
20101b0c:	8501d703          	lhu	a4,-1968(gp) # 20110230 <USBHS_SetupReqLen>
20101b10:	b5c5                	j	201019f0 <USBHS_IRQHandler+0x240>
20101b12:	400307b7          	lui	a5,0x40030
20101b16:	0a77c783          	lbu	a5,167(a5) # 400300a7 <_eusrstack+0x1ff1b0a7>
20101b1a:	4605                	li	a2,1
20101b1c:	8b8d                	andi	a5,a5,3
20101b1e:	00c79363          	bne	a5,a2,20101b24 <USBHS_IRQHandler+0x374>
20101b22:	a29c                	sb	a5,0(a3)
20101b24:	8501d783          	lhu	a5,-1968(gp) # 20110230 <USBHS_SetupReqLen>
20101b28:	e0f77ae3          	bgeu	a4,a5,2010193c <USBHS_IRQHandler+0x18c>
20101b2c:	84e19823          	sh	a4,-1968(gp) # 20110230 <USBHS_SetupReqLen>
20101b30:	b531                	j	2010193c <USBHS_IRQHandler+0x18c>
20101b32:	8561c783          	lbu	a5,-1962(gp) # 20110236 <USBHS_SetupReqType>
20101b36:	8bfd                	andi	a5,a5,31
20101b38:	f7f5                	bnez	a5,20101b24 <USBHS_IRQHandler+0x374>
20101b3a:	84d1c783          	lbu	a5,-1971(gp) # 2011022d <USBHS_DevSleepStatus>
20101b3e:	8b85                	andi	a5,a5,1
20101b40:	d3f5                	beqz	a5,20101b24 <USBHS_IRQHandler+0x374>
20101b42:	a298                	sb	a4,0(a3)
20101b44:	b7c5                	j	20101b24 <USBHS_IRQHandler+0x374>
20101b46:	8501d703          	lhu	a4,-1968(gp) # 20110230 <USBHS_SetupReqLen>
20101b4a:	d0e7fee3          	bgeu	a5,a4,20101866 <USBHS_IRQHandler+0xb6>
20101b4e:	84f19823          	sh	a5,-1968(gp) # 20110230 <USBHS_SetupReqLen>
20101b52:	bb11                	j	20101866 <USBHS_IRQHandler+0xb6>
20101b54:	8501d783          	lhu	a5,-1968(gp) # 20110230 <USBHS_SetupReqLen>
20101b58:	eb89                	bnez	a5,20101b6a <USBHS_IRQHandler+0x3ba>
20101b5a:	400307b7          	lui	a5,0x40030
20101b5e:	08079e23          	sh	zero,156(a5) # 4003009c <_eusrstack+0x1ff1b09c>
20101b62:	4719                	li	a4,6
20101b64:	08e78f23          	sb	a4,158(a5)
20101b68:	b9bd                	j	201017e6 <USBHS_IRQHandler+0x36>
20101b6a:	400307b7          	lui	a5,0x40030
20101b6e:	4719                	li	a4,6
20101b70:	b301                	j	20101870 <USBHS_IRQHandler+0xc0>
20101b72:	400307b7          	lui	a5,0x40030
20101b76:	08078fa3          	sb	zero,159(a5) # 4003009f <_eusrstack+0x1ff1b09f>
20101b7a:	07c7d783          	lhu	a5,124(a5)
20101b7e:	8561c783          	lbu	a5,-1962(gp) # 20110236 <USBHS_SetupReqType>
20101b82:	84019823          	sh	zero,-1968(gp) # 20110230 <USBHS_SetupReqLen>
20101b86:	8501d783          	lhu	a5,-1968(gp) # 20110230 <USBHS_SetupReqLen>
20101b8a:	c4079ee3          	bnez	a5,201017e6 <USBHS_IRQHandler+0x36>
20101b8e:	b7f1                	j	20101b5a <USBHS_IRQHandler+0x3aa>
20101b90:	0a74c783          	lbu	a5,167(s1)
20101b94:	07f7f793          	andi	a5,a5,127
20101b98:	0af483a3          	sb	a5,167(s1)
20101b9c:	0a74c783          	lbu	a5,167(s1)
20101ba0:	8bc1                	andi	a5,a5,16
20101ba2:	cf89                	beqz	a5,20101bbc <USBHS_IRQHandler+0x40c>
20101ba4:	0844d583          	lhu	a1,132(s1)
20101ba8:	4505                	li	a0,1
20101baa:	0ff5f593          	zext.b	a1,a1
20101bae:	2afd                	jal	20101dac <USB_Pack_Out_Callback>
20101bb0:	0a74c783          	lbu	a5,167(s1)
20101bb4:	0047c793          	xori	a5,a5,4
20101bb8:	0af483a3          	sb	a5,167(s1)
20101bbc:	0a74c783          	lbu	a5,167(s1)
20101bc0:	0fc7f793          	andi	a5,a5,252
20101bc4:	0027e793          	ori	a5,a5,2
20101bc8:	0af483a3          	sb	a5,167(s1)
20101bcc:	b929                	j	201017e6 <USBHS_IRQHandler+0x36>
20101bce:	c71d                	beqz	a4,20101bfc <USBHS_IRQHandler+0x44c>
20101bd0:	4789                	li	a5,2
20101bd2:	c0f71ae3          	bne	a4,a5,201017e6 <USBHS_IRQHandler+0x36>
20101bd6:	0a64c783          	lbu	a5,166(s1)
20101bda:	07f7f793          	andi	a5,a5,127
20101bde:	0af48323          	sb	a5,166(s1)
20101be2:	0a64c783          	lbu	a5,166(s1)
20101be6:	0047c793          	xori	a5,a5,4
20101bea:	0af48323          	sb	a5,166(s1)
20101bee:	0a64c783          	lbu	a5,166(s1)
20101bf2:	0fc7f793          	andi	a5,a5,252
20101bf6:	0af48323          	sb	a5,166(s1)
20101bfa:	b6f5                	j	201017e6 <USBHS_IRQHandler+0x36>
20101bfc:	09e4c783          	lbu	a5,158(s1)
20101c00:	07f7f793          	andi	a5,a5,127
20101c04:	08f48f23          	sb	a5,158(s1)
20101c08:	8501d783          	lhu	a5,-1968(gp) # 20110230 <USBHS_SetupReqLen>
20101c0c:	e781                	bnez	a5,20101c14 <USBHS_IRQHandler+0x464>
20101c0e:	4799                	li	a5,6
20101c10:	08f48fa3          	sb	a5,159(s1)
20101c14:	8561c783          	lbu	a5,-1962(gp) # 20110236 <USBHS_SetupReqType>
20101c18:	0607f793          	andi	a5,a5,96
20101c1c:	bc0795e3          	bnez	a5,201017e6 <USBHS_IRQHandler+0x36>
20101c20:	8571c783          	lbu	a5,-1961(gp) # 20110237 <USBHS_SetupReqCode>
20101c24:	4695                	li	a3,5
20101c26:	0ff7f713          	zext.b	a4,a5
20101c2a:	06d78463          	beq	a5,a3,20101c92 <USBHS_IRQHandler+0x4e2>
20101c2e:	4799                	li	a5,6
20101c30:	06f71963          	bne	a4,a5,20101ca2 <USBHS_IRQHandler+0x4f2>
20101c34:	8501d703          	lhu	a4,-1968(gp) # 20110230 <USBHS_SetupReqLen>
20101c38:	03f00793          	li	a5,63
20101c3c:	04000413          	li	s0,64
20101c40:	00e7e663          	bltu	a5,a4,20101c4c <USBHS_IRQHandler+0x49c>
20101c44:	8501d403          	lhu	s0,-1968(gp) # 20110230 <USBHS_SetupReqLen>
20101c48:	08044433          	zext.h	s0,s0
20101c4c:	8581a483          	lw	s1,-1960(gp) # 20110238 <pUSBHS_Descr>
20101c50:	8622                	mv	a2,s0
20101c52:	85a6                	mv	a1,s1
20101c54:	98418513          	addi	a0,gp,-1660 # 20110364 <USBHS_EP0_Buf>
20101c58:	e5cfe0ef          	jal	ra,201002b4 <memcpy>
20101c5c:	8501d783          	lhu	a5,-1968(gp) # 20110230 <USBHS_SetupReqLen>
20101c60:	94a2                	add	s1,s1,s0
20101c62:	8491ac23          	sw	s1,-1960(gp) # 20110238 <pUSBHS_Descr>
20101c66:	8f81                	sub	a5,a5,s0
20101c68:	0807c7b3          	zext.h	a5,a5
20101c6c:	84f19823          	sh	a5,-1968(gp) # 20110230 <USBHS_SetupReqLen>
20101c70:	400307b7          	lui	a5,0x40030
20101c74:	08879e23          	sh	s0,156(a5) # 4003009c <_eusrstack+0x1ff1b09c>
20101c78:	09e7c703          	lbu	a4,158(a5)
20101c7c:	00474713          	xori	a4,a4,4
20101c80:	08e78f23          	sb	a4,158(a5)
20101c84:	09e7c703          	lbu	a4,158(a5)
20101c88:	0fc77713          	andi	a4,a4,252
20101c8c:	00276713          	ori	a4,a4,2
20101c90:	bdd1                	j	20101b64 <USBHS_IRQHandler+0x3b4>
20101c92:	84e1c783          	lbu	a5,-1970(gp) # 2011022e <USBHS_DevAddr>
20101c96:	40030737          	lui	a4,0x40030
20101c9a:	0ff7f793          	zext.b	a5,a5
20101c9e:	b33c                	sb	a5,3(a4)
20101ca0:	b699                	j	201017e6 <USBHS_IRQHandler+0x36>
20101ca2:	400307b7          	lui	a5,0x40030
20101ca6:	08079e23          	sh	zero,156(a5) # 4003009c <_eusrstack+0x1ff1b09c>
20101caa:	be35                	j	201017e6 <USBHS_IRQHandler+0x36>
20101cac:	04077793          	andi	a5,a4,64
20101cb0:	c789                	beqz	a5,20101cba <USBHS_IRQHandler+0x50a>
20101cb2:	04000793          	li	a5,64
20101cb6:	a49c                	sb	a5,8(s1)
20101cb8:	b63d                	j	201017e6 <USBHS_IRQHandler+0x36>
20101cba:	00277793          	andi	a5,a4,2
20101cbe:	c795                	beqz	a5,20101cea <USBHS_IRQHandler+0x53a>
20101cc0:	4789                	li	a5,2
20101cc2:	a49c                	sb	a5,8(s1)
20101cc4:	24b8                	lbu	a4,10(s1)
20101cc6:	8b09                	andi	a4,a4,2
20101cc8:	cb11                	beqz	a4,20101cdc <USBHS_IRQHandler+0x52c>
20101cca:	84d1c703          	lbu	a4,-1971(gp) # 2011022d <USBHS_DevSleepStatus>
20101cce:	00276713          	ori	a4,a4,2
20101cd2:	84e186a3          	sb	a4,-1971(gp) # 2011022d <USBHS_DevSleepStatus>
20101cd6:	84d1c783          	lbu	a5,-1971(gp) # 2011022d <USBHS_DevSleepStatus>
20101cda:	b631                	j	201017e6 <USBHS_IRQHandler+0x36>
20101cdc:	84d1c703          	lbu	a4,-1971(gp) # 2011022d <USBHS_DevSleepStatus>
20101ce0:	0fd77713          	andi	a4,a4,253
20101ce4:	84e186a3          	sb	a4,-1971(gp) # 2011022d <USBHS_DevSleepStatus>
20101ce8:	bcfd                	j	201017e6 <USBHS_IRQHandler+0x36>
20101cea:	00177793          	andi	a5,a4,1
20101cee:	cf99                	beqz	a5,20101d0c <USBHS_IRQHandler+0x55c>
20101cf0:	840187a3          	sb	zero,-1969(gp) # 2011022f <USBHS_DevConfig>
20101cf4:	84018723          	sb	zero,-1970(gp) # 2011022e <USBHS_DevAddr>
20101cf8:	840186a3          	sb	zero,-1971(gp) # 2011022d <USBHS_DevSleepStatus>
20101cfc:	84018623          	sb	zero,-1972(gp) # 2011022c <USBHS_DevEnumStatus>
20101d00:	000481a3          	sb	zero,3(s1)
20101d04:	9f3ff0ef          	jal	ra,201016f6 <USBHS_Device_Endp_Init>
20101d08:	4785                	li	a5,1
20101d0a:	b775                	j	20101cb6 <USBHS_IRQHandler+0x506>
20101d0c:	a498                	sb	a4,8(s1)
20101d0e:	bce1                	j	201017e6 <USBHS_IRQHandler+0x36>

20101d10 <USB_Init>:
20101d10:	d74fe2ef          	jal	t0,20100284 <__riscv_save_0>
20101d14:	4785                	li	a5,1
20101d16:	4585                	li	a1,1
20101d18:	02f51163          	bne	a0,a5,20101d3a <USB_Init+0x2a>
20101d1c:	4525                	li	a0,9
20101d1e:	a98ff0ef          	jal	ra,20100fb6 <RCC_HB2PeriphClockCmd>
20101d22:	00300537          	lui	a0,0x300
20101d26:	40050513          	addi	a0,a0,1024 # 300400 <_data_lma+0x2fc74c>
20101d2a:	4585                	li	a1,1
20101d2c:	bf5fe0ef          	jal	ra,20100920 <GPIO_PinRemapConfig>
20101d30:	4505                	li	a0,1
20101d32:	a31ff0ef          	jal	ra,20101762 <USBHS_Device_Init>
20101d36:	d72fe06f          	j	201002a8 <__riscv_restore_0>
20101d3a:	4525                	li	a0,9
20101d3c:	a7aff0ef          	jal	ra,20100fb6 <RCC_HB2PeriphClockCmd>
20101d40:	00300537          	lui	a0,0x300
20101d44:	40050513          	addi	a0,a0,1024 # 300400 <_data_lma+0x2fc74c>
20101d48:	4585                	li	a1,1
20101d4a:	bd7fe0ef          	jal	ra,20100920 <GPIO_PinRemapConfig>
20101d4e:	4501                	li	a0,0
20101d50:	b7cd                	j	20101d32 <USB_Init+0x22>

20101d52 <USB_Pack_In>:
20101d52:	e915                	bnez	a0,20101d86 <USB_Pack_In+0x34>
20101d54:	d30fe2ef          	jal	t0,20100284 <__riscv_save_0>
20101d58:	04000613          	li	a2,64
20101d5c:	9c418593          	addi	a1,gp,-1596 # 201103a4 <USB_In_Buf>
20101d60:	8c418513          	addi	a0,gp,-1852 # 201102a4 <USBFS_EP2_Buf+0x40>
20101d64:	d50fe0ef          	jal	ra,201002b4 <memcpy>
20101d68:	400237b7          	lui	a5,0x40023
20101d6c:	04000713          	li	a4,64
20101d70:	42e78c23          	sb	a4,1080(a5) # 40023438 <_eusrstack+0x1ff0e438>
20101d74:	43a7c703          	lbu	a4,1082(a5)
20101d78:	4501                	li	a0,0
20101d7a:	0fc77713          	andi	a4,a4,252
20101d7e:	42e78d23          	sb	a4,1082(a5)
20101d82:	d26fe06f          	j	201002a8 <__riscv_restore_0>
20101d86:	40030737          	lui	a4,0x40030
20101d8a:	9c418593          	addi	a1,gp,-1596 # 201103a4 <USB_In_Buf>
20101d8e:	c36c                	sw	a1,68(a4)
20101d90:	04000793          	li	a5,64
20101d94:	0af71223          	sh	a5,164(a4) # 400300a4 <_eusrstack+0x1ff1b0a4>
20101d98:	0a674783          	lbu	a5,166(a4)
20101d9c:	4501                	li	a0,0
20101d9e:	0fc7f793          	andi	a5,a5,252
20101da2:	0027e793          	ori	a5,a5,2
20101da6:	0af70323          	sb	a5,166(a4)
20101daa:	8082                	ret

20101dac <USB_Pack_Out_Callback>:
20101dac:	cd8fe2ef          	jal	t0,20100284 <__riscv_save_0>
20101db0:	84aa                	mv	s1,a0
20101db2:	862e                	mv	a2,a1
20101db4:	cd15                	beqz	a0,20101df0 <USB_Pack_Out_Callback+0x44>
20101db6:	94418593          	addi	a1,gp,-1724 # 20110324 <USBHS_EP2_Rx_Buf>
20101dba:	a0418513          	addi	a0,gp,-1532 # 201103e4 <IAP_Deal_Buf>
20101dbe:	cf6fe0ef          	jal	ra,201002b4 <memcpy>
20101dc2:	2c31                	jal	20101fde <RecData_Deal>
20101dc4:	4789                	li	a5,2
20101dc6:	842a                	mv	s0,a0
20101dc8:	02f50263          	beq	a0,a5,20101dec <USB_Pack_Out_Callback+0x40>
20101dcc:	9c418913          	addi	s2,gp,-1596 # 201103a4 <USB_In_Buf>
20101dd0:	4581                	li	a1,0
20101dd2:	04000613          	li	a2,64
20101dd6:	9c418513          	addi	a0,gp,-1596 # 201103a4 <USB_In_Buf>
20101dda:	cf0fe0ef          	jal	ra,201002ca <memset>
20101dde:	00803433          	snez	s0,s0
20101de2:	4589                	li	a1,2
20101de4:	8526                	mv	a0,s1
20101de6:	008900a3          	sb	s0,1(s2)
20101dea:	37a5                	jal	20101d52 <USB_Pack_In>
20101dec:	cbcfe06f          	j	201002a8 <__riscv_restore_0>
20101df0:	201107b7          	lui	a5,0x20110
20101df4:	26478593          	addi	a1,a5,612 # 20110264 <USBFS_EP2_Buf>
20101df8:	b7c9                	j	20101dba <USB_Pack_Out_Callback+0xe>

20101dfa <Delay_Init>:
20101dfa:	8381a783          	lw	a5,-1992(gp) # 20110218 <HCLKClock>
20101dfe:	000f4737          	lui	a4,0xf4
20101e02:	24070713          	addi	a4,a4,576 # f4240 <_data_lma+0xf058c>
20101e06:	02e7d7b3          	divu	a5,a5,a4
20101e0a:	86f19023          	sh	a5,-1952(gp) # 20110240 <p_us>
20101e0e:	3e800713          	li	a4,1000
20101e12:	02e787b3          	mul	a5,a5,a4
20101e16:	84f1ae23          	sw	a5,-1956(gp) # 2011023c <p_ms>
20101e1a:	8082                	ret

20101e1c <Delay_Ms>:
20101e1c:	e000f7b7          	lui	a5,0xe000f
20101e20:	43d8                	lw	a4,4(a5)
20101e22:	9b79                	andi	a4,a4,-2
20101e24:	c3d8                	sw	a4,4(a5)
20101e26:	85c1a703          	lw	a4,-1956(gp) # 2011023c <p_ms>
20101e2a:	0007a423          	sw	zero,8(a5) # e000f008 <_eusrstack+0xbfefa008>
20101e2e:	02e50533          	mul	a0,a0,a4
20101e32:	4711                	li	a4,4
20101e34:	cb88                	sw	a0,16(a5)
20101e36:	c398                	sw	a4,0(a5)
20101e38:	4398                	lw	a4,0(a5)
20101e3a:	00176713          	ori	a4,a4,1
20101e3e:	c398                	sw	a4,0(a5)
20101e40:	43d8                	lw	a4,4(a5)
20101e42:	8b05                	andi	a4,a4,1
20101e44:	df75                	beqz	a4,20101e40 <Delay_Ms+0x24>
20101e46:	4398                	lw	a4,0(a5)
20101e48:	9b79                	andi	a4,a4,-2
20101e4a:	c398                	sw	a4,0(a5)
20101e4c:	8082                	ret

20101e4e <USART_Printf_Init>:
20101e4e:	c36fe2ef          	jal	t0,20100284 <__riscv_save_0>
20101e52:	842a                	mv	s0,a0
20101e54:	6511                	lui	a0,0x4
20101e56:	1101                	addi	sp,sp,-32
20101e58:	4585                	li	a1,1
20101e5a:	0515                	addi	a0,a0,5 # 4005 <_data_lma+0x351>
20101e5c:	400114b7          	lui	s1,0x40011
20101e60:	c202                	sw	zero,4(sp)
20101e62:	c402                	sw	zero,8(sp)
20101e64:	c602                	sw	zero,12(sp)
20101e66:	c802                	sw	zero,16(sp)
20101e68:	ca02                	sw	zero,20(sp)
20101e6a:	cc02                	sw	zero,24(sp)
20101e6c:	ce02                	sw	zero,28(sp)
20101e6e:	948ff0ef          	jal	ra,20100fb6 <RCC_HB2PeriphClockCmd>
20101e72:	461d                	li	a2,7
20101e74:	80048513          	addi	a0,s1,-2048 # 40010800 <_eusrstack+0x1fefb800>
20101e78:	45a5                	li	a1,9
20101e7a:	b15fe0ef          	jal	ra,2010098e <GPIO_PinAFConfig>
20101e7e:	20000793          	li	a5,512
20101e82:	827c                	sh	a5,4(sp)
20101e84:	478d                	li	a5,3
20101e86:	c43e                	sw	a5,8(sp)
20101e88:	004c                	addi	a1,sp,4
20101e8a:	47e1                	li	a5,24
20101e8c:	80048513          	addi	a0,s1,-2048
20101e90:	c63e                	sw	a5,12(sp)
20101e92:	9affe0ef          	jal	ra,20100840 <GPIO_Init>
20101e96:	c822                	sw	s0,16(sp)
20101e98:	40014437          	lui	s0,0x40014
20101e9c:	000807b7          	lui	a5,0x80
20101ea0:	080c                	addi	a1,sp,16
20101ea2:	80040513          	addi	a0,s0,-2048 # 40013800 <_eusrstack+0x1fefe800>
20101ea6:	cc3e                	sw	a5,24(sp)
20101ea8:	ca02                	sw	zero,20(sp)
20101eaa:	00011e23          	sh	zero,28(sp)
20101eae:	9c4ff0ef          	jal	ra,20101072 <USART_Init>
20101eb2:	4585                	li	a1,1
20101eb4:	80040513          	addi	a0,s0,-2048
20101eb8:	a4aff0ef          	jal	ra,20101102 <USART_Cmd>
20101ebc:	6105                	addi	sp,sp,32
20101ebe:	beafe06f          	j	201002a8 <__riscv_restore_0>

20101ec2 <_write>:
20101ec2:	ba8fe2ef          	jal	t0,2010026a <__riscv_save_4>
20101ec6:	40014937          	lui	s2,0x40014
20101eca:	89ae                	mv	s3,a1
20101ecc:	8432                	mv	s0,a2
20101ece:	4481                	li	s1,0
20101ed0:	80090913          	addi	s2,s2,-2048 # 40013800 <_eusrstack+0x1fefe800>
20101ed4:	0084c563          	blt	s1,s0,20101ede <_write+0x1c>
20101ed8:	8522                	mv	a0,s0
20101eda:	bc4fe06f          	j	2010029e <__riscv_restore_4>
20101ede:	04000593          	li	a1,64
20101ee2:	854a                	mv	a0,s2
20101ee4:	a3aff0ef          	jal	ra,2010111e <USART_GetFlagStatus>
20101ee8:	d97d                	beqz	a0,20101ede <_write+0x1c>
20101eea:	009987b3          	add	a5,s3,s1
20101eee:	00078583          	lb	a1,0(a5) # 80000 <_data_lma+0x7c34c>
20101ef2:	854a                	mv	a0,s2
20101ef4:	0485                	addi	s1,s1,1
20101ef6:	0805c5b3          	zext.h	a1,a1
20101efa:	a1cff0ef          	jal	ra,20101116 <USART_SendData>
20101efe:	bfd9                	j	20101ed4 <_write+0x12>

20101f00 <_sbrk>:
20101f00:	87aa                	mv	a5,a0
20101f02:	81c1a503          	lw	a0,-2020(gp) # 201101fc <curbrk.0>
20101f06:	20113737          	lui	a4,0x20113
20101f0a:	c2870713          	addi	a4,a4,-984 # 20112c28 <_ebss>
20101f0e:	97aa                	add	a5,a5,a0
20101f10:	00e7eb63          	bltu	a5,a4,20101f26 <_sbrk+0x26>
20101f14:	20115737          	lui	a4,0x20115
20101f18:	80070713          	addi	a4,a4,-2048 # 20114800 <_heap_end>
20101f1c:	00f76563          	bltu	a4,a5,20101f26 <_sbrk+0x26>
20101f20:	80f1ae23          	sw	a5,-2020(gp) # 201101fc <curbrk.0>
20101f24:	8082                	ret
20101f26:	557d                	li	a0,-1
20101f28:	8082                	ret

20101f2a <CH32_IAP_Program>:
20101f2a:	81bfe06f          	j	20100744 <FLASH_ProgramPage_Fast>

20101f2e <IAP_2_APP>:
20101f2e:	b56fe2ef          	jal	t0,20100284 <__riscv_save_0>
20101f32:	4501                	li	a0,0
20101f34:	3bf1                	jal	20101d10 <USB_Init>
20101f36:	03200513          	li	a0,50
20101f3a:	35cd                	jal	20101e1c <Delay_Ms>
20101f3c:	20104537          	lui	a0,0x20104
20101f40:	92050513          	addi	a0,a0,-1760 # 20103920 <MyDevDescr+0x14>
20101f44:	750000ef          	jal	ra,20102694 <puts>
20101f48:	03200513          	li	a0,50
20101f4c:	3dc1                	jal	20101e1c <Delay_Ms>
20101f4e:	40011437          	lui	s0,0x40011
20101f52:	80040513          	addi	a0,s0,-2048 # 40010800 <_eusrstack+0x1fefb800>
20101f56:	84ffe0ef          	jal	ra,201007a4 <GPIO_DeInit>
20101f5a:	c0040513          	addi	a0,s0,-1024
20101f5e:	847fe0ef          	jal	ra,201007a4 <GPIO_DeInit>
20101f62:	4581                	li	a1,0
20101f64:	4511                	li	a0,4
20101f66:	850ff0ef          	jal	ra,20100fb6 <RCC_HB2PeriphClockCmd>
20101f6a:	4581                	li	a1,0
20101f6c:	4521                	li	a0,8
20101f6e:	848ff0ef          	jal	ra,20100fb6 <RCC_HB2PeriphClockCmd>
20101f72:	4581                	li	a1,0
20101f74:	6511                	lui	a0,0x4
20101f76:	840ff0ef          	jal	ra,20100fb6 <RCC_HB2PeriphClockCmd>
20101f7a:	4529                	li	a0,10
20101f7c:	3545                	jal	20101e1c <Delay_Ms>
20101f7e:	df3fe0ef          	jal	ra,20100d70 <RCC_DeInit>
20101f82:	e000e7b7          	lui	a5,0xe000e
20101f86:	6711                	lui	a4,0x4
20101f88:	10e7a023          	sw	a4,256(a5) # e000e100 <_eusrstack+0xbfef9100>
20101f8c:	20e7a023          	sw	a4,512(a5)
20101f90:	b18fe06f          	j	201002a8 <__riscv_restore_0>

20101f94 <Hardware>:
20101f94:	af0fe2ef          	jal	t0,20100284 <__riscv_save_0>
20101f98:	08006437          	lui	s0,0x8006
20101f9c:	400c                	lw	a1,0(s0)
20101f9e:	20104537          	lui	a0,0x20104
20101fa2:	92c50513          	addi	a0,a0,-1748 # 2010392c <MyDevDescr+0x20>
20101fa6:	2b45                	jal	20102556 <iprintf>
20101fa8:	080787b7          	lui	a5,0x8078
20101fac:	17f1                	addi	a5,a5,-4 # 8077ffc <_data_lma+0x8074348>
20101fae:	4398                	lw	a4,0(a5)
20101fb0:	4014                	lw	a3,0(s0)
20101fb2:	e339e737          	lui	a4,0xe339e
20101fb6:	33970713          	addi	a4,a4,825 # e339e339 <_eusrstack+0xc3289339>
20101fba:	00e68b63          	beq	a3,a4,20101fd0 <Hardware+0x3c>
20101fbe:	4398                	lw	a4,0(a5)
20101fc0:	5aa567b7          	lui	a5,0x5aa56
20101fc4:	aa578793          	addi	a5,a5,-1371 # 5aa55aa5 <_eusrstack+0x3a940aa5>
20101fc8:	00f70463          	beq	a4,a5,20101fd0 <Hardware+0x3c>
20101fcc:	378d                	jal	20101f2e <IAP_2_APP>
20101fce:	a001                	j	20101fce <Hardware+0x3a>
20101fd0:	4505                	li	a0,1
20101fd2:	3b3d                	jal	20101d10 <USB_Init>
20101fd4:	8621c783          	lbu	a5,-1950(gp) # 20110242 <End_Flag>
20101fd8:	dff5                	beqz	a5,20101fd4 <Hardware+0x40>
20101fda:	3f91                	jal	20101f2e <IAP_2_APP>
20101fdc:	a001                	j	20101fdc <Hardware+0x48>

20101fde <RecData_Deal>:
20101fde:	a8cfe2ef          	jal	t0,2010026a <__riscv_save_4>
20101fe2:	a0418713          	addi	a4,gp,-1532 # 201103e4 <IAP_Deal_Buf>
20101fe6:	00174a83          	lbu	s5,1(a4)
20101fea:	2318                	lbu	a4,0(a4)
20101fec:	4691                	li	a3,4
20101fee:	4505                	li	a0,1
20101ff0:	08074713          	xori	a4,a4,128
20101ff4:	08e6ee63          	bltu	a3,a4,20102090 <RecData_Deal+0xb2>
20101ff8:	a0418913          	addi	s2,gp,-1532 # 201103e4 <IAP_Deal_Buf>
20101ffc:	201047b7          	lui	a5,0x20104
20102000:	93878793          	addi	a5,a5,-1736 # 20103938 <MyDevDescr+0x2c>
20102004:	20f74733          	sh2add	a4,a4,a5
20102008:	431c                	lw	a5,0(a4)
2010200a:	8782                	jr	a5
2010200c:	20110637          	lui	a2,0x20110
20102010:	87ca                	mv	a5,s2
20102012:	4681                	li	a3,0
20102014:	42860613          	addi	a2,a2,1064 # 20110428 <Fast_Program_Buf>
20102018:	0785                	addi	a5,a5,1
2010201a:	0756ef63          	bltu	a3,s5,20102098 <RecData_Deal+0xba>
2010201e:	8641a783          	lw	a5,-1948(gp) # 20110244 <CodeLen>
20102022:	97d6                	add	a5,a5,s5
20102024:	86f1a223          	sw	a5,-1948(gp) # 20110244 <CodeLen>
20102028:	8641a703          	lw	a4,-1948(gp) # 20110244 <CodeLen>
2010202c:	8201a783          	lw	a5,-2016(gp) # 20110200 <Flash_Erase_Page_Size>
20102030:	04f76f63          	bltu	a4,a5,2010208e <RecData_Deal+0xb0>
20102034:	ef2fe0ef          	jal	ra,20100726 <FLASH_Unlock_Fast>
20102038:	8281a503          	lw	a0,-2008(gp) # 20110208 <Program_addr>
2010203c:	4a01                	li	s4,0
2010203e:	e9afe0ef          	jal	ra,201006d8 <FLASH_ErasePage>
20102042:	201107b7          	lui	a5,0x20110
20102046:	42878493          	addi	s1,a5,1064 # 20110428 <Fast_Program_Buf>
2010204a:	42878913          	addi	s2,a5,1064
2010204e:	8201a783          	lw	a5,-2016(gp) # 20110200 <Flash_Erase_Page_Size>
20102052:	83a1                	srli	a5,a5,0x8
20102054:	04fa6a63          	bltu	s4,a5,201020a8 <RecData_Deal+0xca>
20102058:	4781                	li	a5,0
2010205a:	8641a703          	lw	a4,-1948(gp) # 20110244 <CodeLen>
2010205e:	00f486b3          	add	a3,s1,a5
20102062:	02e7f663          	bgeu	a5,a4,2010208e <RecData_Deal+0xb0>
20102066:	2298                	lbu	a4,0(a3)
20102068:	00f906b3          	add	a3,s2,a5
2010206c:	0785                	addi	a5,a5,1
2010206e:	0ff77713          	zext.b	a4,a4
20102072:	a298                	sb	a4,0(a3)
20102074:	b7dd                	j	2010205a <RecData_Deal+0x7c>
20102076:	eb0fe0ef          	jal	ra,20100726 <FLASH_Unlock_Fast>
2010207a:	400227b7          	lui	a5,0x40022
2010207e:	57dc                	lw	a5,44(a5)
20102080:	10000737          	lui	a4,0x10000
20102084:	8ff9                	and	a5,a5,a4
20102086:	c799                	beqz	a5,20102094 <RecData_Deal+0xb6>
20102088:	6789                	lui	a5,0x2
2010208a:	82f1a023          	sw	a5,-2016(gp) # 20110200 <Flash_Erase_Page_Size>
2010208e:	4501                	li	a0,0
20102090:	a0efe06f          	j	2010029e <__riscv_restore_4>
20102094:	6785                	lui	a5,0x1
20102096:	bfd5                	j	2010208a <RecData_Deal+0xac>
20102098:	8641a703          	lw	a4,-1948(gp) # 20110244 <CodeLen>
2010209c:	338c                	lbu	a1,1(a5)
2010209e:	9736                	add	a4,a4,a3
201020a0:	9732                	add	a4,a4,a2
201020a2:	a30c                	sb	a1,0(a4)
201020a4:	0685                	addi	a3,a3,1
201020a6:	bf8d                	j	20102018 <RecData_Deal+0x3a>
201020a8:	8281a503          	lw	a0,-2008(gp) # 20110208 <Program_addr>
201020ac:	85a6                	mv	a1,s1
201020ae:	0a05                	addi	s4,s4,1
201020b0:	3dad                	jal	20101f2a <CH32_IAP_Program>
201020b2:	8641a783          	lw	a5,-1948(gp) # 20110244 <CodeLen>
201020b6:	10048493          	addi	s1,s1,256
201020ba:	f0078793          	addi	a5,a5,-256 # f00 <__stack_size+0x700>
201020be:	86f1a223          	sw	a5,-1948(gp) # 20110244 <CodeLen>
201020c2:	8281a783          	lw	a5,-2008(gp) # 20110208 <Program_addr>
201020c6:	10078793          	addi	a5,a5,256
201020ca:	82f1a423          	sw	a5,-2008(gp) # 20110208 <Program_addr>
201020ce:	b741                	j	2010204e <RecData_Deal+0x70>
201020d0:	8681c703          	lbu	a4,-1944(gp) # 20110248 <Verify_Star_flag>
201020d4:	e719                	bnez	a4,201020e2 <RecData_Deal+0x104>
201020d6:	4705                	li	a4,1
201020d8:	86e18423          	sb	a4,-1944(gp) # 20110248 <Verify_Star_flag>
201020dc:	8641a783          	lw	a5,-1948(gp) # 20110244 <CodeLen>
201020e0:	efa1                	bnez	a5,20102138 <RecData_Deal+0x15a>
201020e2:	87ca                	mv	a5,s2
201020e4:	4701                	li	a4,0
201020e6:	07576e63          	bltu	a4,s5,20102162 <RecData_Deal+0x184>
201020ea:	4501                	li	a0,0
201020ec:	8241a783          	lw	a5,-2012(gp) # 20110204 <Verify_addr>
201020f0:	97d6                	add	a5,a5,s5
201020f2:	82f1a223          	sw	a5,-2012(gp) # 20110204 <Verify_addr>
201020f6:	bf69                	j	20102090 <RecData_Deal+0xb2>
201020f8:	8641a783          	lw	a5,-1948(gp) # 20110244 <CodeLen>
201020fc:	97ba                	add	a5,a5,a4
201020fe:	97a6                	add	a5,a5,s1
20102100:	a394                	sb	a3,0(a5)
20102102:	0705                	addi	a4,a4,1 # 10000001 <_data_lma+0xfffc34d>
20102104:	8641a403          	lw	s0,-1948(gp) # 20110244 <CodeLen>
20102108:	943a                	add	s0,s0,a4
2010210a:	0ff47413          	zext.b	s0,s0
2010210e:	f46d                	bnez	s0,201020f8 <RecData_Deal+0x11a>
20102110:	8641aa03          	lw	s4,-1948(gp) # 20110244 <CodeLen>
20102114:	8201a783          	lw	a5,-2016(gp) # 20110200 <Flash_Erase_Page_Size>
20102118:	8281a503          	lw	a0,-2008(gp) # 20110208 <Program_addr>
2010211c:	0ffa0a13          	addi	s4,s4,255
20102120:	40f007b3          	neg	a5,a5
20102124:	8d7d                	and	a0,a0,a5
20102126:	db2fe0ef          	jal	ra,201006d8 <FLASH_ErasePage>
2010212a:	008a5a13          	srli	s4,s4,0x8
2010212e:	008a1c63          	bne	s4,s0,20102146 <RecData_Deal+0x168>
20102132:	8601a223          	sw	zero,-1948(gp) # 20110244 <CodeLen>
20102136:	b775                	j	201020e2 <RecData_Deal+0x104>
20102138:	201104b7          	lui	s1,0x20110
2010213c:	4701                	li	a4,0
2010213e:	42848493          	addi	s1,s1,1064 # 20110428 <Fast_Program_Buf>
20102142:	56fd                	li	a3,-1
20102144:	b7c1                	j	20102104 <RecData_Deal+0x126>
20102146:	8281a503          	lw	a0,-2008(gp) # 20110208 <Program_addr>
2010214a:	85a6                	mv	a1,s1
2010214c:	0405                	addi	s0,s0,1 # 8006001 <_data_lma+0x800234d>
2010214e:	3bf1                	jal	20101f2a <CH32_IAP_Program>
20102150:	8281a783          	lw	a5,-2008(gp) # 20110208 <Program_addr>
20102154:	10048493          	addi	s1,s1,256
20102158:	10078793          	addi	a5,a5,256
2010215c:	82f1a423          	sw	a5,-2008(gp) # 20110208 <Program_addr>
20102160:	b7f9                	j	2010212e <RecData_Deal+0x150>
20102162:	8241a603          	lw	a2,-2012(gp) # 20110204 <Verify_addr>
20102166:	23ec                	lbu	a1,6(a5)
20102168:	0785                	addi	a5,a5,1
2010216a:	963a                	add	a2,a2,a4
2010216c:	2210                	lbu	a2,0(a2)
2010216e:	00b61463          	bne	a2,a1,20102176 <RecData_Deal+0x198>
20102172:	0705                	addi	a4,a4,1
20102174:	bf8d                	j	201020e6 <RecData_Deal+0x108>
20102176:	4505                	li	a0,1
20102178:	bf95                	j	201020ec <RecData_Deal+0x10e>
2010217a:	86018423          	sb	zero,-1944(gp) # 20110248 <Verify_Star_flag>
2010217e:	4705                	li	a4,1
20102180:	86e18123          	sb	a4,-1950(gp) # 20110242 <End_Flag>
20102184:	080067b7          	lui	a5,0x8006
20102188:	82f1a423          	sw	a5,-2008(gp) # 20110208 <Program_addr>
2010218c:	82f1a223          	sw	a5,-2012(gp) # 20110204 <Verify_addr>
20102190:	8201a503          	lw	a0,-2016(gp) # 20110200 <Flash_Erase_Page_Size>
20102194:	080787b7          	lui	a5,0x8078
20102198:	17f1                	addi	a5,a5,-4 # 8077ffc <_data_lma+0x8074348>
2010219a:	40a00533          	neg	a0,a0
2010219e:	8d7d                	and	a0,a0,a5
201021a0:	d38fe0ef          	jal	ra,201006d8 <FLASH_ErasePage>
201021a4:	400227b7          	lui	a5,0x40022
201021a8:	4b98                	lw	a4,16(a5)
201021aa:	4509                	li	a0,2
201021ac:	28f71713          	bseti	a4,a4,0xf
201021b0:	cb98                	sw	a4,16(a5)
201021b2:	4b98                	lw	a4,16(a5)
201021b4:	08076713          	ori	a4,a4,128
201021b8:	cb98                	sw	a4,16(a5)
201021ba:	bdd9                	j	20102090 <RecData_Deal+0xb2>

201021bc <__udivdi3>:
201021bc:	8832                	mv	a6,a2
201021be:	88aa                	mv	a7,a0
201021c0:	872e                	mv	a4,a1
201021c2:	eacd                	bnez	a3,20102274 <__udivdi3+0xb8>
201021c4:	0ec5ff63          	bgeu	a1,a2,201022c2 <__udivdi3+0x106>
201021c8:	67c1                	lui	a5,0x10
201021ca:	18f66a63          	bltu	a2,a5,2010235e <__udivdi3+0x1a2>
201021ce:	010007b7          	lui	a5,0x1000
201021d2:	00f637b3          	sltu	a5,a2,a5
201021d6:	40f007b3          	neg	a5,a5
201021da:	9be1                	andi	a5,a5,-8
201021dc:	07e1                	addi	a5,a5,24 # 1000018 <_data_lma+0xffc364>
201021de:	00f65333          	srl	t1,a2,a5
201021e2:	00001697          	auipc	a3,0x1
201021e6:	76a68693          	addi	a3,a3,1898 # 2010394c <__clz_tab>
201021ea:	969a                	add	a3,a3,t1
201021ec:	2294                	lbu	a3,0(a3)
201021ee:	02000313          	li	t1,32
201021f2:	97b6                	add	a5,a5,a3
201021f4:	40f306b3          	sub	a3,t1,a5
201021f8:	00f30b63          	beq	t1,a5,2010220e <__udivdi3+0x52>
201021fc:	00d59733          	sll	a4,a1,a3
20102200:	00f557b3          	srl	a5,a0,a5
20102204:	00d61833          	sll	a6,a2,a3
20102208:	8f5d                	or	a4,a4,a5
2010220a:	00d518b3          	sll	a7,a0,a3
2010220e:	01085613          	srli	a2,a6,0x10
20102212:	02c75533          	divu	a0,a4,a2
20102216:	080846b3          	zext.h	a3,a6
2010221a:	0108d793          	srli	a5,a7,0x10
2010221e:	02c77733          	remu	a4,a4,a2
20102222:	02a685b3          	mul	a1,a3,a0
20102226:	0742                	slli	a4,a4,0x10
20102228:	8fd9                	or	a5,a5,a4
2010222a:	00b7fa63          	bgeu	a5,a1,2010223e <__udivdi3+0x82>
2010222e:	97c2                	add	a5,a5,a6
20102230:	fff50713          	addi	a4,a0,-1
20102234:	0107e463          	bltu	a5,a6,2010223c <__udivdi3+0x80>
20102238:	30b7e863          	bltu	a5,a1,20102548 <__udivdi3+0x38c>
2010223c:	853a                	mv	a0,a4
2010223e:	8f8d                	sub	a5,a5,a1
20102240:	02c7d733          	divu	a4,a5,a2
20102244:	0808c8b3          	zext.h	a7,a7
20102248:	02c7f7b3          	remu	a5,a5,a2
2010224c:	02e686b3          	mul	a3,a3,a4
20102250:	07c2                	slli	a5,a5,0x10
20102252:	00f8e8b3          	or	a7,a7,a5
20102256:	00d8fb63          	bgeu	a7,a3,2010226c <__udivdi3+0xb0>
2010225a:	98c2                	add	a7,a7,a6
2010225c:	fff70793          	addi	a5,a4,-1
20102260:	0108e563          	bltu	a7,a6,2010226a <__udivdi3+0xae>
20102264:	1779                	addi	a4,a4,-2
20102266:	00d8e363          	bltu	a7,a3,2010226c <__udivdi3+0xb0>
2010226a:	873e                	mv	a4,a5
2010226c:	0542                	slli	a0,a0,0x10
2010226e:	8d59                	or	a0,a0,a4
20102270:	4581                	li	a1,0
20102272:	8082                	ret
20102274:	00d5f563          	bgeu	a1,a3,2010227e <__udivdi3+0xc2>
20102278:	4581                	li	a1,0
2010227a:	4501                	li	a0,0
2010227c:	8082                	ret
2010227e:	67c1                	lui	a5,0x10
20102280:	18f6e563          	bltu	a3,a5,2010240a <__udivdi3+0x24e>
20102284:	010007b7          	lui	a5,0x1000
20102288:	00f6b7b3          	sltu	a5,a3,a5
2010228c:	40f007b3          	neg	a5,a5
20102290:	9be1                	andi	a5,a5,-8
20102292:	07e1                	addi	a5,a5,24 # 1000018 <_data_lma+0xffc364>
20102294:	00f6d833          	srl	a6,a3,a5
20102298:	00001717          	auipc	a4,0x1
2010229c:	6b470713          	addi	a4,a4,1716 # 2010394c <__clz_tab>
201022a0:	9742                	add	a4,a4,a6
201022a2:	2318                	lbu	a4,0(a4)
201022a4:	02000893          	li	a7,32
201022a8:	973e                	add	a4,a4,a5
201022aa:	40e88833          	sub	a6,a7,a4
201022ae:	18e89263          	bne	a7,a4,20102432 <__udivdi3+0x276>
201022b2:	26b6ed63          	bltu	a3,a1,2010252c <__udivdi3+0x370>
201022b6:	00c53533          	sltu	a0,a0,a2
201022ba:	00154513          	xori	a0,a0,1
201022be:	4581                	li	a1,0
201022c0:	8082                	ret
201022c2:	c645                	beqz	a2,2010236a <__udivdi3+0x1ae>
201022c4:	67c1                	lui	a5,0x10
201022c6:	24f67b63          	bgeu	a2,a5,2010251c <__udivdi3+0x360>
201022ca:	10063713          	sltiu	a4,a2,256
201022ce:	00174713          	xori	a4,a4,1
201022d2:	070e                	slli	a4,a4,0x3
201022d4:	00e656b3          	srl	a3,a2,a4
201022d8:	00001797          	auipc	a5,0x1
201022dc:	67478793          	addi	a5,a5,1652 # 2010394c <__clz_tab>
201022e0:	97b6                	add	a5,a5,a3
201022e2:	239c                	lbu	a5,0(a5)
201022e4:	02000693          	li	a3,32
201022e8:	97ba                	add	a5,a5,a4
201022ea:	40f68eb3          	sub	t4,a3,a5
201022ee:	08f69d63          	bne	a3,a5,20102388 <__udivdi3+0x1cc>
201022f2:	40c587b3          	sub	a5,a1,a2
201022f6:	4585                	li	a1,1
201022f8:	01065693          	srli	a3,a2,0x10
201022fc:	08064633          	zext.h	a2,a2
20102300:	02d7d533          	divu	a0,a5,a3
20102304:	0108d713          	srli	a4,a7,0x10
20102308:	02d7f7b3          	remu	a5,a5,a3
2010230c:	02c50333          	mul	t1,a0,a2
20102310:	07c2                	slli	a5,a5,0x10
20102312:	8fd9                	or	a5,a5,a4
20102314:	0067fa63          	bgeu	a5,t1,20102328 <__udivdi3+0x16c>
20102318:	97c2                	add	a5,a5,a6
2010231a:	fff50713          	addi	a4,a0,-1
2010231e:	0107e463          	bltu	a5,a6,20102326 <__udivdi3+0x16a>
20102322:	2267e063          	bltu	a5,t1,20102542 <__udivdi3+0x386>
20102326:	853a                	mv	a0,a4
20102328:	406787b3          	sub	a5,a5,t1
2010232c:	02d7d733          	divu	a4,a5,a3
20102330:	0808c8b3          	zext.h	a7,a7
20102334:	02d7f7b3          	remu	a5,a5,a3
20102338:	02c70633          	mul	a2,a4,a2
2010233c:	07c2                	slli	a5,a5,0x10
2010233e:	00f8e8b3          	or	a7,a7,a5
20102342:	00c8fb63          	bgeu	a7,a2,20102358 <__udivdi3+0x19c>
20102346:	98c2                	add	a7,a7,a6
20102348:	fff70793          	addi	a5,a4,-1
2010234c:	0108e563          	bltu	a7,a6,20102356 <__udivdi3+0x19a>
20102350:	1779                	addi	a4,a4,-2
20102352:	00c8e363          	bltu	a7,a2,20102358 <__udivdi3+0x19c>
20102356:	873e                	mv	a4,a5
20102358:	0542                	slli	a0,a0,0x10
2010235a:	8d59                	or	a0,a0,a4
2010235c:	8082                	ret
2010235e:	10063793          	sltiu	a5,a2,256
20102362:	0017c793          	xori	a5,a5,1
20102366:	078e                	slli	a5,a5,0x3
20102368:	bd9d                	j	201021de <__udivdi3+0x22>
2010236a:	4681                	li	a3,0
2010236c:	00001797          	auipc	a5,0x1
20102370:	5e078793          	addi	a5,a5,1504 # 2010394c <__clz_tab>
20102374:	97b6                	add	a5,a5,a3
20102376:	239c                	lbu	a5,0(a5)
20102378:	4701                	li	a4,0
2010237a:	02000693          	li	a3,32
2010237e:	97ba                	add	a5,a5,a4
20102380:	40f68eb3          	sub	t4,a3,a5
20102384:	f6f687e3          	beq	a3,a5,201022f2 <__udivdi3+0x136>
20102388:	01d61833          	sll	a6,a2,t4
2010238c:	00f5d333          	srl	t1,a1,a5
20102390:	01085693          	srli	a3,a6,0x10
20102394:	02d35e33          	divu	t3,t1,a3
20102398:	01d595b3          	sll	a1,a1,t4
2010239c:	00f557b3          	srl	a5,a0,a5
201023a0:	8fcd                	or	a5,a5,a1
201023a2:	08084633          	zext.h	a2,a6
201023a6:	0107d713          	srli	a4,a5,0x10
201023aa:	01d518b3          	sll	a7,a0,t4
201023ae:	02d37333          	remu	t1,t1,a3
201023b2:	03c605b3          	mul	a1,a2,t3
201023b6:	0342                	slli	t1,t1,0x10
201023b8:	00676733          	or	a4,a4,t1
201023bc:	00b77b63          	bgeu	a4,a1,201023d2 <__udivdi3+0x216>
201023c0:	9742                	add	a4,a4,a6
201023c2:	fffe0513          	addi	a0,t3,-1 # 1ffffff <_data_lma+0x1ffc34b>
201023c6:	17076a63          	bltu	a4,a6,2010253a <__udivdi3+0x37e>
201023ca:	16b77863          	bgeu	a4,a1,2010253a <__udivdi3+0x37e>
201023ce:	1e79                	addi	t3,t3,-2
201023d0:	9742                	add	a4,a4,a6
201023d2:	8f0d                	sub	a4,a4,a1
201023d4:	02d75533          	divu	a0,a4,a3
201023d8:	0807c7b3          	zext.h	a5,a5
201023dc:	02d77733          	remu	a4,a4,a3
201023e0:	02a60333          	mul	t1,a2,a0
201023e4:	0742                	slli	a4,a4,0x10
201023e6:	8fd9                	or	a5,a5,a4
201023e8:	0067fb63          	bgeu	a5,t1,201023fe <__udivdi3+0x242>
201023ec:	97c2                	add	a5,a5,a6
201023ee:	fff50713          	addi	a4,a0,-1
201023f2:	1507e063          	bltu	a5,a6,20102532 <__udivdi3+0x376>
201023f6:	1267fe63          	bgeu	a5,t1,20102532 <__udivdi3+0x376>
201023fa:	1579                	addi	a0,a0,-2
201023fc:	97c2                	add	a5,a5,a6
201023fe:	010e1593          	slli	a1,t3,0x10
20102402:	406787b3          	sub	a5,a5,t1
20102406:	8dc9                	or	a1,a1,a0
20102408:	bde5                	j	20102300 <__udivdi3+0x144>
2010240a:	1006b793          	sltiu	a5,a3,256
2010240e:	0017c793          	xori	a5,a5,1
20102412:	078e                	slli	a5,a5,0x3
20102414:	00f6d833          	srl	a6,a3,a5
20102418:	00001717          	auipc	a4,0x1
2010241c:	53470713          	addi	a4,a4,1332 # 2010394c <__clz_tab>
20102420:	9742                	add	a4,a4,a6
20102422:	2318                	lbu	a4,0(a4)
20102424:	02000893          	li	a7,32
20102428:	973e                	add	a4,a4,a5
2010242a:	40e88833          	sub	a6,a7,a4
2010242e:	e8e882e3          	beq	a7,a4,201022b2 <__udivdi3+0xf6>
20102432:	00e65e33          	srl	t3,a2,a4
20102436:	010696b3          	sll	a3,a3,a6
2010243a:	00de6e33          	or	t3,t3,a3
2010243e:	00e5d8b3          	srl	a7,a1,a4
20102442:	010e5e93          	srli	t4,t3,0x10
20102446:	03d8d7b3          	divu	a5,a7,t4
2010244a:	010595b3          	sll	a1,a1,a6
2010244e:	00e55733          	srl	a4,a0,a4
20102452:	8f4d                	or	a4,a4,a1
20102454:	080e4333          	zext.h	t1,t3
20102458:	01075693          	srli	a3,a4,0x10
2010245c:	01061633          	sll	a2,a2,a6
20102460:	03d8f8b3          	remu	a7,a7,t4
20102464:	02f305b3          	mul	a1,t1,a5
20102468:	08c2                	slli	a7,a7,0x10
2010246a:	0116e6b3          	or	a3,a3,a7
2010246e:	00b6fb63          	bgeu	a3,a1,20102484 <__udivdi3+0x2c8>
20102472:	96f2                	add	a3,a3,t3
20102474:	fff78893          	addi	a7,a5,-1
20102478:	0dc6e363          	bltu	a3,t3,2010253e <__udivdi3+0x382>
2010247c:	0cb6f163          	bgeu	a3,a1,2010253e <__udivdi3+0x382>
20102480:	17f9                	addi	a5,a5,-2
20102482:	96f2                	add	a3,a3,t3
20102484:	8e8d                	sub	a3,a3,a1
20102486:	03d6d5b3          	divu	a1,a3,t4
2010248a:	08074733          	zext.h	a4,a4
2010248e:	03d6f6b3          	remu	a3,a3,t4
20102492:	02b308b3          	mul	a7,t1,a1
20102496:	06c2                	slli	a3,a3,0x10
20102498:	8f55                	or	a4,a4,a3
2010249a:	01177b63          	bgeu	a4,a7,201024b0 <__udivdi3+0x2f4>
2010249e:	9772                	add	a4,a4,t3
201024a0:	fff58693          	addi	a3,a1,-1
201024a4:	09c76963          	bltu	a4,t3,20102536 <__udivdi3+0x37a>
201024a8:	09177763          	bgeu	a4,a7,20102536 <__udivdi3+0x37a>
201024ac:	15f9                	addi	a1,a1,-2
201024ae:	9772                	add	a4,a4,t3
201024b0:	07c2                	slli	a5,a5,0x10
201024b2:	6ec1                	lui	t4,0x10
201024b4:	8fcd                	or	a5,a5,a1
201024b6:	fffe8693          	addi	a3,t4,-1 # ffff <_data_lma+0xc34b>
201024ba:	00d7f5b3          	and	a1,a5,a3
201024be:	0107d313          	srli	t1,a5,0x10
201024c2:	8ef1                	and	a3,a3,a2
201024c4:	8241                	srli	a2,a2,0x10
201024c6:	02d58e33          	mul	t3,a1,a3
201024ca:	41170733          	sub	a4,a4,a7
201024ce:	02d306b3          	mul	a3,t1,a3
201024d2:	010e5893          	srli	a7,t3,0x10
201024d6:	02c585b3          	mul	a1,a1,a2
201024da:	95b6                	add	a1,a1,a3
201024dc:	95c6                	add	a1,a1,a7
201024de:	02c30333          	mul	t1,t1,a2
201024e2:	00d5f363          	bgeu	a1,a3,201024e8 <__udivdi3+0x32c>
201024e6:	9376                	add	t1,t1,t4
201024e8:	0105d693          	srli	a3,a1,0x10
201024ec:	969a                	add	a3,a3,t1
201024ee:	02d76363          	bltu	a4,a3,20102514 <__udivdi3+0x358>
201024f2:	00d70563          	beq	a4,a3,201024fc <__udivdi3+0x340>
201024f6:	853e                	mv	a0,a5
201024f8:	4581                	li	a1,0
201024fa:	8082                	ret
201024fc:	66c1                	lui	a3,0x10
201024fe:	16fd                	addi	a3,a3,-1 # ffff <_data_lma+0xc34b>
20102500:	00d5f733          	and	a4,a1,a3
20102504:	0742                	slli	a4,a4,0x10
20102506:	00de7e33          	and	t3,t3,a3
2010250a:	01051533          	sll	a0,a0,a6
2010250e:	9772                	add	a4,a4,t3
20102510:	fee573e3          	bgeu	a0,a4,201024f6 <__udivdi3+0x33a>
20102514:	fff78513          	addi	a0,a5,-1
20102518:	4581                	li	a1,0
2010251a:	8082                	ret
2010251c:	010007b7          	lui	a5,0x1000
20102520:	02f67763          	bgeu	a2,a5,2010254e <__udivdi3+0x392>
20102524:	01065693          	srli	a3,a2,0x10
20102528:	4741                	li	a4,16
2010252a:	b37d                	j	201022d8 <__udivdi3+0x11c>
2010252c:	4581                	li	a1,0
2010252e:	4505                	li	a0,1
20102530:	8082                	ret
20102532:	853a                	mv	a0,a4
20102534:	b5e9                	j	201023fe <__udivdi3+0x242>
20102536:	85b6                	mv	a1,a3
20102538:	bfa5                	j	201024b0 <__udivdi3+0x2f4>
2010253a:	8e2a                	mv	t3,a0
2010253c:	bd59                	j	201023d2 <__udivdi3+0x216>
2010253e:	87c6                	mv	a5,a7
20102540:	b791                	j	20102484 <__udivdi3+0x2c8>
20102542:	1579                	addi	a0,a0,-2
20102544:	97c2                	add	a5,a5,a6
20102546:	b3cd                	j	20102328 <__udivdi3+0x16c>
20102548:	1579                	addi	a0,a0,-2
2010254a:	97c2                	add	a5,a5,a6
2010254c:	b9cd                	j	2010223e <__udivdi3+0x82>
2010254e:	01865693          	srli	a3,a2,0x18
20102552:	4761                	li	a4,24
20102554:	b351                	j	201022d8 <__udivdi3+0x11c>

20102556 <iprintf>:
20102556:	715d                	addi	sp,sp,-80
20102558:	d422                	sw	s0,40(sp)
2010255a:	d606                	sw	ra,44(sp)
2010255c:	842a                	mv	s0,a0
2010255e:	da2e                	sw	a1,52(sp)
20102560:	dc32                	sw	a2,56(sp)
20102562:	de36                	sw	a3,60(sp)
20102564:	c0ba                	sw	a4,64(sp)
20102566:	c2be                	sw	a5,68(sp)
20102568:	c4c2                	sw	a6,72(sp)
2010256a:	c6c6                	sw	a7,76(sp)
2010256c:	82c1a503          	lw	a0,-2004(gp) # 2011020c <_impure_ptr>
20102570:	c511                	beqz	a0,2010257c <iprintf+0x26>
20102572:	4d1c                	lw	a5,24(a0)
20102574:	e781                	bnez	a5,2010257c <iprintf+0x26>
20102576:	c62a                	sw	a0,12(sp)
20102578:	2b91                	jal	20102acc <__sinit>
2010257a:	4532                	lw	a0,12(sp)
2010257c:	450c                	lw	a1,8(a0)
2010257e:	1854                	addi	a3,sp,52
20102580:	8622                	mv	a2,s0
20102582:	ce36                	sw	a3,28(sp)
20102584:	20b000ef          	jal	ra,20102f8e <_vfiprintf_r>
20102588:	50b2                	lw	ra,44(sp)
2010258a:	5422                	lw	s0,40(sp)
2010258c:	6161                	addi	sp,sp,80
2010258e:	8082                	ret

20102590 <_puts_r>:
20102590:	1101                	addi	sp,sp,-32
20102592:	ca26                	sw	s1,20(sp)
20102594:	ce06                	sw	ra,28(sp)
20102596:	cc22                	sw	s0,24(sp)
20102598:	c84a                	sw	s2,16(sp)
2010259a:	c64e                	sw	s3,12(sp)
2010259c:	c452                	sw	s4,8(sp)
2010259e:	84aa                	mv	s1,a0
201025a0:	e119                	bnez	a0,201025a6 <_puts_r+0x16>
201025a2:	451c                	lw	a5,8(a0)
201025a4:	9002                	ebreak
201025a6:	4d1c                	lw	a5,24(a0)
201025a8:	892e                	mv	s2,a1
201025aa:	e3ad                	bnez	a5,2010260c <_puts_r+0x7c>
201025ac:	2305                	jal	20102acc <__sinit>
201025ae:	4c9c                	lw	a5,24(s1)
201025b0:	4480                	lw	s0,8(s1)
201025b2:	cfb9                	beqz	a5,20102610 <_puts_r+0x80>
201025b4:	00001797          	auipc	a5,0x1
201025b8:	4d878793          	addi	a5,a5,1240 # 20103a8c <__sf_fake_stdin>
201025bc:	04f41d63          	bne	s0,a5,20102616 <_puts_r+0x86>
201025c0:	40c0                	lw	s0,4(s1)
201025c2:	507c                	lw	a5,100(s0)
201025c4:	8b85                	andi	a5,a5,1
201025c6:	e799                	bnez	a5,201025d4 <_puts_r+0x44>
201025c8:	245e                	lhu	a5,12(s0)
201025ca:	2007f793          	andi	a5,a5,512
201025ce:	e399                	bnez	a5,201025d4 <_puts_r+0x44>
201025d0:	4c28                	lw	a0,88(s0)
201025d2:	2d8d                	jal	20102c44 <__retarget_lock_acquire_recursive>
201025d4:	245e                	lhu	a5,12(s0)
201025d6:	8ba1                	andi	a5,a5,8
201025d8:	c399                	beqz	a5,201025de <_puts_r+0x4e>
201025da:	481c                	lw	a5,16(s0)
201025dc:	e3d5                	bnez	a5,20102680 <_puts_r+0xf0>
201025de:	85a2                	mv	a1,s0
201025e0:	8526                	mv	a0,s1
201025e2:	2a9d                	jal	20102758 <__swsetup_r>
201025e4:	cd51                	beqz	a0,20102680 <_puts_r+0xf0>
201025e6:	54fd                	li	s1,-1
201025e8:	507c                	lw	a5,100(s0)
201025ea:	8b85                	andi	a5,a5,1
201025ec:	e799                	bnez	a5,201025fa <_puts_r+0x6a>
201025ee:	245e                	lhu	a5,12(s0)
201025f0:	2007f793          	andi	a5,a5,512
201025f4:	e399                	bnez	a5,201025fa <_puts_r+0x6a>
201025f6:	4c28                	lw	a0,88(s0)
201025f8:	25b9                	jal	20102c46 <__retarget_lock_release_recursive>
201025fa:	40f2                	lw	ra,28(sp)
201025fc:	4462                	lw	s0,24(sp)
201025fe:	4942                	lw	s2,16(sp)
20102600:	49b2                	lw	s3,12(sp)
20102602:	4a22                	lw	s4,8(sp)
20102604:	8526                	mv	a0,s1
20102606:	44d2                	lw	s1,20(sp)
20102608:	6105                	addi	sp,sp,32
2010260a:	8082                	ret
2010260c:	4500                	lw	s0,8(a0)
2010260e:	b75d                	j	201025b4 <_puts_r+0x24>
20102610:	8526                	mv	a0,s1
20102612:	296d                	jal	20102acc <__sinit>
20102614:	b745                	j	201025b4 <_puts_r+0x24>
20102616:	00001797          	auipc	a5,0x1
2010261a:	45678793          	addi	a5,a5,1110 # 20103a6c <__sf_fake_stdout>
2010261e:	00f41463          	bne	s0,a5,20102626 <_puts_r+0x96>
20102622:	4480                	lw	s0,8(s1)
20102624:	bf79                	j	201025c2 <_puts_r+0x32>
20102626:	00001797          	auipc	a5,0x1
2010262a:	42678793          	addi	a5,a5,1062 # 20103a4c <__sf_fake_stderr>
2010262e:	f8f41ae3          	bne	s0,a5,201025c2 <_puts_r+0x32>
20102632:	44c0                	lw	s0,12(s1)
20102634:	b779                	j	201025c2 <_puts_r+0x32>
20102636:	c41c                	sw	a5,8(s0)
20102638:	0905                	addi	s2,s2,1
2010263a:	0207c863          	bltz	a5,2010266a <_puts_r+0xda>
2010263e:	401c                	lw	a5,0(s0)
20102640:	00178713          	addi	a4,a5,1
20102644:	c018                	sw	a4,0(s0)
20102646:	a38c                	sb	a1,0(a5)
20102648:	441c                	lw	a5,8(s0)
2010264a:	00094583          	lbu	a1,0(s2)
2010264e:	17fd                	addi	a5,a5,-1
20102650:	f1fd                	bnez	a1,20102636 <_puts_r+0xa6>
20102652:	c41c                	sw	a5,8(s0)
20102654:	0207d963          	bgez	a5,20102686 <_puts_r+0xf6>
20102658:	8622                	mv	a2,s0
2010265a:	45a9                	li	a1,10
2010265c:	8526                	mv	a0,s1
2010265e:	283d                	jal	2010269c <__swbuf_r>
20102660:	57fd                	li	a5,-1
20102662:	f8f502e3          	beq	a0,a5,201025e6 <_puts_r+0x56>
20102666:	44a9                	li	s1,10
20102668:	b741                	j	201025e8 <_puts_r+0x58>
2010266a:	4c18                	lw	a4,24(s0)
2010266c:	00e7c463          	blt	a5,a4,20102674 <_puts_r+0xe4>
20102670:	fd4597e3          	bne	a1,s4,2010263e <_puts_r+0xae>
20102674:	8622                	mv	a2,s0
20102676:	8526                	mv	a0,s1
20102678:	2015                	jal	2010269c <__swbuf_r>
2010267a:	fd3517e3          	bne	a0,s3,20102648 <_puts_r+0xb8>
2010267e:	b7a5                	j	201025e6 <_puts_r+0x56>
20102680:	59fd                	li	s3,-1
20102682:	4a29                	li	s4,10
20102684:	b7d1                	j	20102648 <_puts_r+0xb8>
20102686:	401c                	lw	a5,0(s0)
20102688:	00178713          	addi	a4,a5,1
2010268c:	c018                	sw	a4,0(s0)
2010268e:	4729                	li	a4,10
20102690:	a398                	sb	a4,0(a5)
20102692:	bfd1                	j	20102666 <_puts_r+0xd6>

20102694 <puts>:
20102694:	85aa                	mv	a1,a0
20102696:	82c1a503          	lw	a0,-2004(gp) # 2011020c <_impure_ptr>
2010269a:	bddd                	j	20102590 <_puts_r>

2010269c <__swbuf_r>:
2010269c:	1101                	addi	sp,sp,-32
2010269e:	cc22                	sw	s0,24(sp)
201026a0:	ca26                	sw	s1,20(sp)
201026a2:	c84a                	sw	s2,16(sp)
201026a4:	ce06                	sw	ra,28(sp)
201026a6:	c64e                	sw	s3,12(sp)
201026a8:	84aa                	mv	s1,a0
201026aa:	892e                	mv	s2,a1
201026ac:	8432                	mv	s0,a2
201026ae:	c501                	beqz	a0,201026b6 <__swbuf_r+0x1a>
201026b0:	4d1c                	lw	a5,24(a0)
201026b2:	e391                	bnez	a5,201026b6 <__swbuf_r+0x1a>
201026b4:	2921                	jal	20102acc <__sinit>
201026b6:	00001797          	auipc	a5,0x1
201026ba:	3d678793          	addi	a5,a5,982 # 20103a8c <__sf_fake_stdin>
201026be:	02f41763          	bne	s0,a5,201026ec <__swbuf_r+0x50>
201026c2:	40c0                	lw	s0,4(s1)
201026c4:	4c1c                	lw	a5,24(s0)
201026c6:	c41c                	sw	a5,8(s0)
201026c8:	245e                	lhu	a5,12(s0)
201026ca:	8ba1                	andi	a5,a5,8
201026cc:	c399                	beqz	a5,201026d2 <__swbuf_r+0x36>
201026ce:	481c                	lw	a5,16(s0)
201026d0:	ef95                	bnez	a5,2010270c <__swbuf_r+0x70>
201026d2:	85a2                	mv	a1,s0
201026d4:	8526                	mv	a0,s1
201026d6:	2049                	jal	20102758 <__swsetup_r>
201026d8:	c915                	beqz	a0,2010270c <__swbuf_r+0x70>
201026da:	597d                	li	s2,-1
201026dc:	40f2                	lw	ra,28(sp)
201026de:	4462                	lw	s0,24(sp)
201026e0:	44d2                	lw	s1,20(sp)
201026e2:	49b2                	lw	s3,12(sp)
201026e4:	854a                	mv	a0,s2
201026e6:	4942                	lw	s2,16(sp)
201026e8:	6105                	addi	sp,sp,32
201026ea:	8082                	ret
201026ec:	00001797          	auipc	a5,0x1
201026f0:	38078793          	addi	a5,a5,896 # 20103a6c <__sf_fake_stdout>
201026f4:	00f41463          	bne	s0,a5,201026fc <__swbuf_r+0x60>
201026f8:	4480                	lw	s0,8(s1)
201026fa:	b7e9                	j	201026c4 <__swbuf_r+0x28>
201026fc:	00001797          	auipc	a5,0x1
20102700:	35078793          	addi	a5,a5,848 # 20103a4c <__sf_fake_stderr>
20102704:	fcf410e3          	bne	s0,a5,201026c4 <__swbuf_r+0x28>
20102708:	44c0                	lw	s0,12(s1)
2010270a:	bf6d                	j	201026c4 <__swbuf_r+0x28>
2010270c:	481c                	lw	a5,16(s0)
2010270e:	4008                	lw	a0,0(s0)
20102710:	0ff97993          	zext.b	s3,s2
20102714:	0ff97913          	zext.b	s2,s2
20102718:	8d1d                	sub	a0,a0,a5
2010271a:	485c                	lw	a5,20(s0)
2010271c:	00f54663          	blt	a0,a5,20102728 <__swbuf_r+0x8c>
20102720:	85a2                	mv	a1,s0
20102722:	8526                	mv	a0,s1
20102724:	2c91                	jal	20102978 <_fflush_r>
20102726:	f955                	bnez	a0,201026da <__swbuf_r+0x3e>
20102728:	441c                	lw	a5,8(s0)
2010272a:	0505                	addi	a0,a0,1
2010272c:	17fd                	addi	a5,a5,-1
2010272e:	c41c                	sw	a5,8(s0)
20102730:	401c                	lw	a5,0(s0)
20102732:	00178713          	addi	a4,a5,1
20102736:	c018                	sw	a4,0(s0)
20102738:	01378023          	sb	s3,0(a5)
2010273c:	485c                	lw	a5,20(s0)
2010273e:	00a78863          	beq	a5,a0,2010274e <__swbuf_r+0xb2>
20102742:	245e                	lhu	a5,12(s0)
20102744:	8b85                	andi	a5,a5,1
20102746:	dbd9                	beqz	a5,201026dc <__swbuf_r+0x40>
20102748:	47a9                	li	a5,10
2010274a:	f8f919e3          	bne	s2,a5,201026dc <__swbuf_r+0x40>
2010274e:	85a2                	mv	a1,s0
20102750:	8526                	mv	a0,s1
20102752:	241d                	jal	20102978 <_fflush_r>
20102754:	d541                	beqz	a0,201026dc <__swbuf_r+0x40>
20102756:	b751                	j	201026da <__swbuf_r+0x3e>

20102758 <__swsetup_r>:
20102758:	1141                	addi	sp,sp,-16
2010275a:	c422                	sw	s0,8(sp)
2010275c:	c226                	sw	s1,4(sp)
2010275e:	c04a                	sw	s2,0(sp)
20102760:	c606                	sw	ra,12(sp)
20102762:	82c1a483          	lw	s1,-2004(gp) # 2011020c <_impure_ptr>
20102766:	892a                	mv	s2,a0
20102768:	842e                	mv	s0,a1
2010276a:	c489                	beqz	s1,20102774 <__swsetup_r+0x1c>
2010276c:	4c9c                	lw	a5,24(s1)
2010276e:	e399                	bnez	a5,20102774 <__swsetup_r+0x1c>
20102770:	8526                	mv	a0,s1
20102772:	2ea9                	jal	20102acc <__sinit>
20102774:	00001797          	auipc	a5,0x1
20102778:	31878793          	addi	a5,a5,792 # 20103a8c <__sf_fake_stdin>
2010277c:	02f41363          	bne	s0,a5,201027a2 <__swsetup_r+0x4a>
20102780:	40c0                	lw	s0,4(s1)
20102782:	00c41783          	lh	a5,12(s0)
20102786:	0087f713          	andi	a4,a5,8
2010278a:	e725                	bnez	a4,201027f2 <__swsetup_r+0x9a>
2010278c:	0107f713          	andi	a4,a5,16
20102790:	eb0d                	bnez	a4,201027c2 <__swsetup_r+0x6a>
20102792:	4725                	li	a4,9
20102794:	00e92023          	sw	a4,0(s2)
20102798:	0407e793          	ori	a5,a5,64
2010279c:	a45e                	sh	a5,12(s0)
2010279e:	557d                	li	a0,-1
201027a0:	a071                	j	2010282c <__swsetup_r+0xd4>
201027a2:	00001797          	auipc	a5,0x1
201027a6:	2ca78793          	addi	a5,a5,714 # 20103a6c <__sf_fake_stdout>
201027aa:	00f41463          	bne	s0,a5,201027b2 <__swsetup_r+0x5a>
201027ae:	4480                	lw	s0,8(s1)
201027b0:	bfc9                	j	20102782 <__swsetup_r+0x2a>
201027b2:	00001797          	auipc	a5,0x1
201027b6:	29a78793          	addi	a5,a5,666 # 20103a4c <__sf_fake_stderr>
201027ba:	fcf414e3          	bne	s0,a5,20102782 <__swsetup_r+0x2a>
201027be:	44c0                	lw	s0,12(s1)
201027c0:	b7c9                	j	20102782 <__swsetup_r+0x2a>
201027c2:	8b91                	andi	a5,a5,4
201027c4:	c39d                	beqz	a5,201027ea <__swsetup_r+0x92>
201027c6:	584c                	lw	a1,52(s0)
201027c8:	c989                	beqz	a1,201027da <__swsetup_r+0x82>
201027ca:	04440793          	addi	a5,s0,68
201027ce:	00f58463          	beq	a1,a5,201027d6 <__swsetup_r+0x7e>
201027d2:	854a                	mv	a0,s2
201027d4:	2bb9                	jal	20102d32 <_free_r>
201027d6:	02042a23          	sw	zero,52(s0)
201027da:	245e                	lhu	a5,12(s0)
201027dc:	00042223          	sw	zero,4(s0)
201027e0:	fdb7f793          	andi	a5,a5,-37
201027e4:	a45e                	sh	a5,12(s0)
201027e6:	481c                	lw	a5,16(s0)
201027e8:	c01c                	sw	a5,0(s0)
201027ea:	245e                	lhu	a5,12(s0)
201027ec:	0087e793          	ori	a5,a5,8
201027f0:	a45e                	sh	a5,12(s0)
201027f2:	481c                	lw	a5,16(s0)
201027f4:	eb99                	bnez	a5,2010280a <__swsetup_r+0xb2>
201027f6:	245e                	lhu	a5,12(s0)
201027f8:	20000713          	li	a4,512
201027fc:	2807f793          	andi	a5,a5,640
20102800:	00e78563          	beq	a5,a4,2010280a <__swsetup_r+0xb2>
20102804:	85a2                	mv	a1,s0
20102806:	854a                	mv	a0,s2
20102808:	2961                	jal	20102ca0 <__smakebuf_r>
2010280a:	00c41783          	lh	a5,12(s0)
2010280e:	0017f713          	andi	a4,a5,1
20102812:	c31d                	beqz	a4,20102838 <__swsetup_r+0xe0>
20102814:	4858                	lw	a4,20(s0)
20102816:	00042423          	sw	zero,8(s0)
2010281a:	40e00733          	neg	a4,a4
2010281e:	cc18                	sw	a4,24(s0)
20102820:	4818                	lw	a4,16(s0)
20102822:	4501                	li	a0,0
20102824:	e701                	bnez	a4,2010282c <__swsetup_r+0xd4>
20102826:	0807f713          	andi	a4,a5,128
2010282a:	f73d                	bnez	a4,20102798 <__swsetup_r+0x40>
2010282c:	40b2                	lw	ra,12(sp)
2010282e:	4422                	lw	s0,8(sp)
20102830:	4492                	lw	s1,4(sp)
20102832:	4902                	lw	s2,0(sp)
20102834:	0141                	addi	sp,sp,16
20102836:	8082                	ret
20102838:	0027f713          	andi	a4,a5,2
2010283c:	4681                	li	a3,0
2010283e:	e311                	bnez	a4,20102842 <__swsetup_r+0xea>
20102840:	4854                	lw	a3,20(s0)
20102842:	c414                	sw	a3,8(s0)
20102844:	bff1                	j	20102820 <__swsetup_r+0xc8>

20102846 <__sflush_r>:
20102846:	00c59783          	lh	a5,12(a1)
2010284a:	1101                	addi	sp,sp,-32
2010284c:	cc22                	sw	s0,24(sp)
2010284e:	ca26                	sw	s1,20(sp)
20102850:	ce06                	sw	ra,28(sp)
20102852:	c84a                	sw	s2,16(sp)
20102854:	c64e                	sw	s3,12(sp)
20102856:	0087f713          	andi	a4,a5,8
2010285a:	84aa                	mv	s1,a0
2010285c:	842e                	mv	s0,a1
2010285e:	e379                	bnez	a4,20102924 <__sflush_r+0xde>
20102860:	41d8                	lw	a4,4(a1)
20102862:	00e04563          	bgtz	a4,2010286c <__sflush_r+0x26>
20102866:	41b8                	lw	a4,64(a1)
20102868:	08e05663          	blez	a4,201028f4 <__sflush_r+0xae>
2010286c:	5458                	lw	a4,44(s0)
2010286e:	c359                	beqz	a4,201028f4 <__sflush_r+0xae>
20102870:	0004a903          	lw	s2,0(s1)
20102874:	0004a023          	sw	zero,0(s1)
20102878:	500c                	lw	a1,32(s0)
2010287a:	48c7d793          	bexti	a5,a5,0xc
2010287e:	cba9                	beqz	a5,201028d0 <__sflush_r+0x8a>
20102880:	4870                	lw	a2,84(s0)
20102882:	245e                	lhu	a5,12(s0)
20102884:	8b91                	andi	a5,a5,4
20102886:	c799                	beqz	a5,20102894 <__sflush_r+0x4e>
20102888:	405c                	lw	a5,4(s0)
2010288a:	8e1d                	sub	a2,a2,a5
2010288c:	585c                	lw	a5,52(s0)
2010288e:	c399                	beqz	a5,20102894 <__sflush_r+0x4e>
20102890:	403c                	lw	a5,64(s0)
20102892:	8e1d                	sub	a2,a2,a5
20102894:	545c                	lw	a5,44(s0)
20102896:	500c                	lw	a1,32(s0)
20102898:	4681                	li	a3,0
2010289a:	8526                	mv	a0,s1
2010289c:	9782                	jalr	a5
2010289e:	57fd                	li	a5,-1
201028a0:	04f50c63          	beq	a0,a5,201028f8 <__sflush_r+0xb2>
201028a4:	481c                	lw	a5,16(s0)
201028a6:	6705                	lui	a4,0x1
201028a8:	00042223          	sw	zero,4(s0)
201028ac:	c01c                	sw	a5,0(s0)
201028ae:	245e                	lhu	a5,12(s0)
201028b0:	8ff9                	and	a5,a5,a4
201028b2:	c391                	beqz	a5,201028b6 <__sflush_r+0x70>
201028b4:	c868                	sw	a0,84(s0)
201028b6:	584c                	lw	a1,52(s0)
201028b8:	0124a023          	sw	s2,0(s1)
201028bc:	cd85                	beqz	a1,201028f4 <__sflush_r+0xae>
201028be:	04440793          	addi	a5,s0,68
201028c2:	00f58463          	beq	a1,a5,201028ca <__sflush_r+0x84>
201028c6:	8526                	mv	a0,s1
201028c8:	21ad                	jal	20102d32 <_free_r>
201028ca:	02042a23          	sw	zero,52(s0)
201028ce:	a01d                	j	201028f4 <__sflush_r+0xae>
201028d0:	4601                	li	a2,0
201028d2:	4685                	li	a3,1
201028d4:	8526                	mv	a0,s1
201028d6:	9702                	jalr	a4
201028d8:	57fd                	li	a5,-1
201028da:	862a                	mv	a2,a0
201028dc:	faf513e3          	bne	a0,a5,20102882 <__sflush_r+0x3c>
201028e0:	409c                	lw	a5,0(s1)
201028e2:	d3c5                	beqz	a5,20102882 <__sflush_r+0x3c>
201028e4:	4775                	li	a4,29
201028e6:	00e78563          	beq	a5,a4,201028f0 <__sflush_r+0xaa>
201028ea:	4759                	li	a4,22
201028ec:	06e79563          	bne	a5,a4,20102956 <__sflush_r+0x110>
201028f0:	0124a023          	sw	s2,0(s1)
201028f4:	4501                	li	a0,0
201028f6:	a0b5                	j	20102962 <__sflush_r+0x11c>
201028f8:	4098                	lw	a4,0(s1)
201028fa:	00c41783          	lh	a5,12(s0)
201028fe:	cf01                	beqz	a4,20102916 <__sflush_r+0xd0>
20102900:	46f5                	li	a3,29
20102902:	00d70563          	beq	a4,a3,2010290c <__sflush_r+0xc6>
20102906:	46d9                	li	a3,22
20102908:	04d71963          	bne	a4,a3,2010295a <__sflush_r+0x114>
2010290c:	481c                	lw	a5,16(s0)
2010290e:	00042223          	sw	zero,4(s0)
20102912:	c01c                	sw	a5,0(s0)
20102914:	b74d                	j	201028b6 <__sflush_r+0x70>
20102916:	4818                	lw	a4,16(s0)
20102918:	00042223          	sw	zero,4(s0)
2010291c:	48c7d793          	bexti	a5,a5,0xc
20102920:	c018                	sw	a4,0(s0)
20102922:	bf41                	j	201028b2 <__sflush_r+0x6c>
20102924:	0105a983          	lw	s3,16(a1)
20102928:	fc0986e3          	beqz	s3,201028f4 <__sflush_r+0xae>
2010292c:	0005a903          	lw	s2,0(a1)
20102930:	8b8d                	andi	a5,a5,3
20102932:	0135a023          	sw	s3,0(a1)
20102936:	41390933          	sub	s2,s2,s3
2010293a:	4701                	li	a4,0
2010293c:	e391                	bnez	a5,20102940 <__sflush_r+0xfa>
2010293e:	49d8                	lw	a4,20(a1)
20102940:	c418                	sw	a4,8(s0)
20102942:	fb2059e3          	blez	s2,201028f4 <__sflush_r+0xae>
20102946:	541c                	lw	a5,40(s0)
20102948:	500c                	lw	a1,32(s0)
2010294a:	86ca                	mv	a3,s2
2010294c:	864e                	mv	a2,s3
2010294e:	8526                	mv	a0,s1
20102950:	9782                	jalr	a5
20102952:	00a04f63          	bgtz	a0,20102970 <__sflush_r+0x12a>
20102956:	00c41783          	lh	a5,12(s0)
2010295a:	0407e793          	ori	a5,a5,64
2010295e:	a45e                	sh	a5,12(s0)
20102960:	557d                	li	a0,-1
20102962:	40f2                	lw	ra,28(sp)
20102964:	4462                	lw	s0,24(sp)
20102966:	44d2                	lw	s1,20(sp)
20102968:	4942                	lw	s2,16(sp)
2010296a:	49b2                	lw	s3,12(sp)
2010296c:	6105                	addi	sp,sp,32
2010296e:	8082                	ret
20102970:	99aa                	add	s3,s3,a0
20102972:	40a90933          	sub	s2,s2,a0
20102976:	b7f1                	j	20102942 <__sflush_r+0xfc>

20102978 <_fflush_r>:
20102978:	499c                	lw	a5,16(a1)
2010297a:	1141                	addi	sp,sp,-16
2010297c:	c606                	sw	ra,12(sp)
2010297e:	c422                	sw	s0,8(sp)
20102980:	c226                	sw	s1,4(sp)
20102982:	eb81                	bnez	a5,20102992 <_fflush_r+0x1a>
20102984:	4481                	li	s1,0
20102986:	40b2                	lw	ra,12(sp)
20102988:	4422                	lw	s0,8(sp)
2010298a:	8526                	mv	a0,s1
2010298c:	4492                	lw	s1,4(sp)
2010298e:	0141                	addi	sp,sp,16
20102990:	8082                	ret
20102992:	84aa                	mv	s1,a0
20102994:	842e                	mv	s0,a1
20102996:	c501                	beqz	a0,2010299e <_fflush_r+0x26>
20102998:	4d1c                	lw	a5,24(a0)
2010299a:	e391                	bnez	a5,2010299e <_fflush_r+0x26>
2010299c:	2a05                	jal	20102acc <__sinit>
2010299e:	00001797          	auipc	a5,0x1
201029a2:	0ee78793          	addi	a5,a5,238 # 20103a8c <__sf_fake_stdin>
201029a6:	02f41c63          	bne	s0,a5,201029de <_fflush_r+0x66>
201029aa:	40c0                	lw	s0,4(s1)
201029ac:	00c41783          	lh	a5,12(s0)
201029b0:	dbf1                	beqz	a5,20102984 <_fflush_r+0xc>
201029b2:	5078                	lw	a4,100(s0)
201029b4:	8b05                	andi	a4,a4,1
201029b6:	e711                	bnez	a4,201029c2 <_fflush_r+0x4a>
201029b8:	2007f793          	andi	a5,a5,512
201029bc:	e399                	bnez	a5,201029c2 <_fflush_r+0x4a>
201029be:	4c28                	lw	a0,88(s0)
201029c0:	2451                	jal	20102c44 <__retarget_lock_acquire_recursive>
201029c2:	8526                	mv	a0,s1
201029c4:	85a2                	mv	a1,s0
201029c6:	3541                	jal	20102846 <__sflush_r>
201029c8:	507c                	lw	a5,100(s0)
201029ca:	84aa                	mv	s1,a0
201029cc:	8b85                	andi	a5,a5,1
201029ce:	ffc5                	bnez	a5,20102986 <_fflush_r+0xe>
201029d0:	245e                	lhu	a5,12(s0)
201029d2:	2007f793          	andi	a5,a5,512
201029d6:	fbc5                	bnez	a5,20102986 <_fflush_r+0xe>
201029d8:	4c28                	lw	a0,88(s0)
201029da:	24b5                	jal	20102c46 <__retarget_lock_release_recursive>
201029dc:	b76d                	j	20102986 <_fflush_r+0xe>
201029de:	00001797          	auipc	a5,0x1
201029e2:	08e78793          	addi	a5,a5,142 # 20103a6c <__sf_fake_stdout>
201029e6:	00f41463          	bne	s0,a5,201029ee <_fflush_r+0x76>
201029ea:	4480                	lw	s0,8(s1)
201029ec:	b7c1                	j	201029ac <_fflush_r+0x34>
201029ee:	00001797          	auipc	a5,0x1
201029f2:	05e78793          	addi	a5,a5,94 # 20103a4c <__sf_fake_stderr>
201029f6:	faf41be3          	bne	s0,a5,201029ac <_fflush_r+0x34>
201029fa:	44c0                	lw	s0,12(s1)
201029fc:	bf45                	j	201029ac <_fflush_r+0x34>

201029fe <std>:
201029fe:	1141                	addi	sp,sp,-16
20102a00:	c422                	sw	s0,8(sp)
20102a02:	c606                	sw	ra,12(sp)
20102a04:	842a                	mv	s0,a0
20102a06:	a54e                	sh	a1,12(a0)
20102a08:	a572                	sh	a2,14(a0)
20102a0a:	00052023          	sw	zero,0(a0)
20102a0e:	00052223          	sw	zero,4(a0)
20102a12:	00052423          	sw	zero,8(a0)
20102a16:	06052223          	sw	zero,100(a0)
20102a1a:	00052823          	sw	zero,16(a0)
20102a1e:	00052a23          	sw	zero,20(a0)
20102a22:	00052c23          	sw	zero,24(a0)
20102a26:	4621                	li	a2,8
20102a28:	4581                	li	a1,0
20102a2a:	05c50513          	addi	a0,a0,92
20102a2e:	89dfd0ef          	jal	ra,201002ca <memset>
20102a32:	00001797          	auipc	a5,0x1
20102a36:	83a78793          	addi	a5,a5,-1990 # 2010326c <__sread>
20102a3a:	d05c                	sw	a5,36(s0)
20102a3c:	00001797          	auipc	a5,0x1
20102a40:	85a78793          	addi	a5,a5,-1958 # 20103296 <__swrite>
20102a44:	d41c                	sw	a5,40(s0)
20102a46:	00001797          	auipc	a5,0x1
20102a4a:	89678793          	addi	a5,a5,-1898 # 201032dc <__sseek>
20102a4e:	d45c                	sw	a5,44(s0)
20102a50:	00001797          	auipc	a5,0x1
20102a54:	8ba78793          	addi	a5,a5,-1862 # 2010330a <__sclose>
20102a58:	40b2                	lw	ra,12(sp)
20102a5a:	d000                	sw	s0,32(s0)
20102a5c:	d81c                	sw	a5,48(s0)
20102a5e:	4422                	lw	s0,8(sp)
20102a60:	0141                	addi	sp,sp,16
20102a62:	8082                	ret

20102a64 <_cleanup_r>:
20102a64:	00000597          	auipc	a1,0x0
20102a68:	f1458593          	addi	a1,a1,-236 # 20102978 <_fflush_r>
20102a6c:	a2bd                	j	20102bda <_fwalk_reent>

20102a6e <__sfmoreglue>:
20102a6e:	1141                	addi	sp,sp,-16
20102a70:	c226                	sw	s1,4(sp)
20102a72:	06800793          	li	a5,104
20102a76:	fff58493          	addi	s1,a1,-1
20102a7a:	02f484b3          	mul	s1,s1,a5
20102a7e:	c04a                	sw	s2,0(sp)
20102a80:	892e                	mv	s2,a1
20102a82:	c422                	sw	s0,8(sp)
20102a84:	c606                	sw	ra,12(sp)
20102a86:	07448593          	addi	a1,s1,116
20102a8a:	2e69                	jal	20102e24 <_malloc_r>
20102a8c:	842a                	mv	s0,a0
20102a8e:	cd01                	beqz	a0,20102aa6 <__sfmoreglue+0x38>
20102a90:	00052023          	sw	zero,0(a0)
20102a94:	01252223          	sw	s2,4(a0)
20102a98:	0531                	addi	a0,a0,12
20102a9a:	c408                	sw	a0,8(s0)
20102a9c:	06848613          	addi	a2,s1,104
20102aa0:	4581                	li	a1,0
20102aa2:	829fd0ef          	jal	ra,201002ca <memset>
20102aa6:	40b2                	lw	ra,12(sp)
20102aa8:	8522                	mv	a0,s0
20102aaa:	4422                	lw	s0,8(sp)
20102aac:	4492                	lw	s1,4(sp)
20102aae:	4902                	lw	s2,0(sp)
20102ab0:	0141                	addi	sp,sp,16
20102ab2:	8082                	ret

20102ab4 <__sfp_lock_acquire>:
20102ab4:	87018513          	addi	a0,gp,-1936 # 20110250 <__lock___sfp_recursive_mutex>
20102ab8:	a271                	j	20102c44 <__retarget_lock_acquire_recursive>

20102aba <__sfp_lock_release>:
20102aba:	87018513          	addi	a0,gp,-1936 # 20110250 <__lock___sfp_recursive_mutex>
20102abe:	a261                	j	20102c46 <__retarget_lock_release_recursive>

20102ac0 <__sinit_lock_acquire>:
20102ac0:	87418513          	addi	a0,gp,-1932 # 20110254 <__lock___sinit_recursive_mutex>
20102ac4:	a241                	j	20102c44 <__retarget_lock_acquire_recursive>

20102ac6 <__sinit_lock_release>:
20102ac6:	87418513          	addi	a0,gp,-1932 # 20110254 <__lock___sinit_recursive_mutex>
20102aca:	aab5                	j	20102c46 <__retarget_lock_release_recursive>

20102acc <__sinit>:
20102acc:	1141                	addi	sp,sp,-16
20102ace:	c422                	sw	s0,8(sp)
20102ad0:	c606                	sw	ra,12(sp)
20102ad2:	842a                	mv	s0,a0
20102ad4:	37f5                	jal	20102ac0 <__sinit_lock_acquire>
20102ad6:	4c1c                	lw	a5,24(s0)
20102ad8:	c789                	beqz	a5,20102ae2 <__sinit+0x16>
20102ada:	4422                	lw	s0,8(sp)
20102adc:	40b2                	lw	ra,12(sp)
20102ade:	0141                	addi	sp,sp,16
20102ae0:	b7dd                	j	20102ac6 <__sinit_lock_release>
20102ae2:	00000797          	auipc	a5,0x0
20102ae6:	f8278793          	addi	a5,a5,-126 # 20102a64 <_cleanup_r>
20102aea:	d41c                	sw	a5,40(s0)
20102aec:	04042423          	sw	zero,72(s0)
20102af0:	04042623          	sw	zero,76(s0)
20102af4:	04042823          	sw	zero,80(s0)
20102af8:	8341a783          	lw	a5,-1996(gp) # 20110214 <_global_impure_ptr>
20102afc:	00879463          	bne	a5,s0,20102b04 <__sinit+0x38>
20102b00:	4785                	li	a5,1
20102b02:	cc1c                	sw	a5,24(s0)
20102b04:	8522                	mv	a0,s0
20102b06:	203d                	jal	20102b34 <__sfp>
20102b08:	c048                	sw	a0,4(s0)
20102b0a:	8522                	mv	a0,s0
20102b0c:	2025                	jal	20102b34 <__sfp>
20102b0e:	c408                	sw	a0,8(s0)
20102b10:	8522                	mv	a0,s0
20102b12:	200d                	jal	20102b34 <__sfp>
20102b14:	c448                	sw	a0,12(s0)
20102b16:	4048                	lw	a0,4(s0)
20102b18:	4601                	li	a2,0
20102b1a:	4591                	li	a1,4
20102b1c:	35cd                	jal	201029fe <std>
20102b1e:	4408                	lw	a0,8(s0)
20102b20:	4605                	li	a2,1
20102b22:	45a5                	li	a1,9
20102b24:	3de9                	jal	201029fe <std>
20102b26:	4448                	lw	a0,12(s0)
20102b28:	4609                	li	a2,2
20102b2a:	45c9                	li	a1,18
20102b2c:	3dc9                	jal	201029fe <std>
20102b2e:	4785                	li	a5,1
20102b30:	cc1c                	sw	a5,24(s0)
20102b32:	b765                	j	20102ada <__sinit+0xe>

20102b34 <__sfp>:
20102b34:	1141                	addi	sp,sp,-16
20102b36:	c226                	sw	s1,4(sp)
20102b38:	c04a                	sw	s2,0(sp)
20102b3a:	c606                	sw	ra,12(sp)
20102b3c:	c422                	sw	s0,8(sp)
20102b3e:	892a                	mv	s2,a0
20102b40:	3f95                	jal	20102ab4 <__sfp_lock_acquire>
20102b42:	8341a483          	lw	s1,-1996(gp) # 20110214 <_global_impure_ptr>
20102b46:	4c9c                	lw	a5,24(s1)
20102b48:	e399                	bnez	a5,20102b4e <__sfp+0x1a>
20102b4a:	8526                	mv	a0,s1
20102b4c:	3741                	jal	20102acc <__sinit>
20102b4e:	04848493          	addi	s1,s1,72
20102b52:	4480                	lw	s0,8(s1)
20102b54:	40dc                	lw	a5,4(s1)
20102b56:	17fd                	addi	a5,a5,-1
20102b58:	0007d663          	bgez	a5,20102b64 <__sfp+0x30>
20102b5c:	409c                	lw	a5,0(s1)
20102b5e:	c3bd                	beqz	a5,20102bc4 <__sfp+0x90>
20102b60:	4084                	lw	s1,0(s1)
20102b62:	bfc5                	j	20102b52 <__sfp+0x1e>
20102b64:	00c41703          	lh	a4,12(s0)
20102b68:	eb39                	bnez	a4,20102bbe <__sfp+0x8a>
20102b6a:	77c1                	lui	a5,0xffff0
20102b6c:	0785                	addi	a5,a5,1 # ffff0001 <_eusrstack+0xdfedb001>
20102b6e:	c45c                	sw	a5,12(s0)
20102b70:	05840513          	addi	a0,s0,88
20102b74:	06042223          	sw	zero,100(s0)
20102b78:	20e9                	jal	20102c42 <__retarget_lock_init_recursive>
20102b7a:	3781                	jal	20102aba <__sfp_lock_release>
20102b7c:	4621                	li	a2,8
20102b7e:	00042023          	sw	zero,0(s0)
20102b82:	00042423          	sw	zero,8(s0)
20102b86:	00042223          	sw	zero,4(s0)
20102b8a:	00042823          	sw	zero,16(s0)
20102b8e:	00042a23          	sw	zero,20(s0)
20102b92:	00042c23          	sw	zero,24(s0)
20102b96:	4581                	li	a1,0
20102b98:	05c40513          	addi	a0,s0,92
20102b9c:	f2efd0ef          	jal	ra,201002ca <memset>
20102ba0:	02042a23          	sw	zero,52(s0)
20102ba4:	02042c23          	sw	zero,56(s0)
20102ba8:	04042423          	sw	zero,72(s0)
20102bac:	04042623          	sw	zero,76(s0)
20102bb0:	40b2                	lw	ra,12(sp)
20102bb2:	8522                	mv	a0,s0
20102bb4:	4422                	lw	s0,8(sp)
20102bb6:	4492                	lw	s1,4(sp)
20102bb8:	4902                	lw	s2,0(sp)
20102bba:	0141                	addi	sp,sp,16
20102bbc:	8082                	ret
20102bbe:	06840413          	addi	s0,s0,104
20102bc2:	bf51                	j	20102b56 <__sfp+0x22>
20102bc4:	4591                	li	a1,4
20102bc6:	854a                	mv	a0,s2
20102bc8:	355d                	jal	20102a6e <__sfmoreglue>
20102bca:	c088                	sw	a0,0(s1)
20102bcc:	842a                	mv	s0,a0
20102bce:	f949                	bnez	a0,20102b60 <__sfp+0x2c>
20102bd0:	35ed                	jal	20102aba <__sfp_lock_release>
20102bd2:	47b1                	li	a5,12
20102bd4:	00f92023          	sw	a5,0(s2)
20102bd8:	bfe1                	j	20102bb0 <__sfp+0x7c>

20102bda <_fwalk_reent>:
20102bda:	7179                	addi	sp,sp,-48
20102bdc:	d422                	sw	s0,40(sp)
20102bde:	d04a                	sw	s2,32(sp)
20102be0:	ce4e                	sw	s3,28(sp)
20102be2:	cc52                	sw	s4,24(sp)
20102be4:	c85a                	sw	s6,16(sp)
20102be6:	c65e                	sw	s7,12(sp)
20102be8:	d606                	sw	ra,44(sp)
20102bea:	d226                	sw	s1,36(sp)
20102bec:	ca56                	sw	s5,20(sp)
20102bee:	892a                	mv	s2,a0
20102bf0:	8a2e                	mv	s4,a1
20102bf2:	04850413          	addi	s0,a0,72
20102bf6:	4981                	li	s3,0
20102bf8:	4b05                	li	s6,1
20102bfa:	5bfd                	li	s7,-1
20102bfc:	4404                	lw	s1,8(s0)
20102bfe:	00442a83          	lw	s5,4(s0)
20102c02:	1afd                	addi	s5,s5,-1
20102c04:	020ad063          	bgez	s5,20102c24 <_fwalk_reent+0x4a>
20102c08:	4000                	lw	s0,0(s0)
20102c0a:	f86d                	bnez	s0,20102bfc <_fwalk_reent+0x22>
20102c0c:	50b2                	lw	ra,44(sp)
20102c0e:	5422                	lw	s0,40(sp)
20102c10:	5492                	lw	s1,36(sp)
20102c12:	5902                	lw	s2,32(sp)
20102c14:	4a62                	lw	s4,24(sp)
20102c16:	4ad2                	lw	s5,20(sp)
20102c18:	4b42                	lw	s6,16(sp)
20102c1a:	4bb2                	lw	s7,12(sp)
20102c1c:	854e                	mv	a0,s3
20102c1e:	49f2                	lw	s3,28(sp)
20102c20:	6145                	addi	sp,sp,48
20102c22:	8082                	ret
20102c24:	24de                	lhu	a5,12(s1)
20102c26:	00fb7b63          	bgeu	s6,a5,20102c3c <_fwalk_reent+0x62>
20102c2a:	00e49783          	lh	a5,14(s1)
20102c2e:	01778763          	beq	a5,s7,20102c3c <_fwalk_reent+0x62>
20102c32:	85a6                	mv	a1,s1
20102c34:	854a                	mv	a0,s2
20102c36:	9a02                	jalr	s4
20102c38:	00a9e9b3          	or	s3,s3,a0
20102c3c:	06848493          	addi	s1,s1,104
20102c40:	b7c9                	j	20102c02 <_fwalk_reent+0x28>

20102c42 <__retarget_lock_init_recursive>:
20102c42:	8082                	ret

20102c44 <__retarget_lock_acquire_recursive>:
20102c44:	8082                	ret

20102c46 <__retarget_lock_release_recursive>:
20102c46:	8082                	ret

20102c48 <__swhatbuf_r>:
20102c48:	7159                	addi	sp,sp,-112
20102c4a:	d4a2                	sw	s0,104(sp)
20102c4c:	842e                	mv	s0,a1
20102c4e:	00e59583          	lh	a1,14(a1)
20102c52:	d2a6                	sw	s1,100(sp)
20102c54:	d0ca                	sw	s2,96(sp)
20102c56:	d686                	sw	ra,108(sp)
20102c58:	84b2                	mv	s1,a2
20102c5a:	8936                	mv	s2,a3
20102c5c:	0205d263          	bgez	a1,20102c80 <__swhatbuf_r+0x38>
20102c60:	245e                	lhu	a5,12(s0)
20102c62:	0807f793          	andi	a5,a5,128
20102c66:	eb8d                	bnez	a5,20102c98 <__swhatbuf_r+0x50>
20102c68:	40000713          	li	a4,1024
20102c6c:	50b6                	lw	ra,108(sp)
20102c6e:	5426                	lw	s0,104(sp)
20102c70:	00f92023          	sw	a5,0(s2)
20102c74:	c098                	sw	a4,0(s1)
20102c76:	5906                	lw	s2,96(sp)
20102c78:	5496                	lw	s1,100(sp)
20102c7a:	4501                	li	a0,0
20102c7c:	6165                	addi	sp,sp,112
20102c7e:	8082                	ret
20102c80:	0030                	addi	a2,sp,8
20102c82:	25c5                	jal	20103362 <_fstat_r>
20102c84:	fc054ee3          	bltz	a0,20102c60 <__swhatbuf_r+0x18>
20102c88:	4732                	lw	a4,12(sp)
20102c8a:	67bd                	lui	a5,0xf
20102c8c:	8ff9                	and	a5,a5,a4
20102c8e:	7779                	lui	a4,0xffffe
20102c90:	97ba                	add	a5,a5,a4
20102c92:	0017b793          	seqz	a5,a5
20102c96:	bfc9                	j	20102c68 <__swhatbuf_r+0x20>
20102c98:	4781                	li	a5,0
20102c9a:	04000713          	li	a4,64
20102c9e:	b7f9                	j	20102c6c <__swhatbuf_r+0x24>

20102ca0 <__smakebuf_r>:
20102ca0:	25de                	lhu	a5,12(a1)
20102ca2:	7179                	addi	sp,sp,-48
20102ca4:	d422                	sw	s0,40(sp)
20102ca6:	d606                	sw	ra,44(sp)
20102ca8:	d226                	sw	s1,36(sp)
20102caa:	d04a                	sw	s2,32(sp)
20102cac:	ce4e                	sw	s3,28(sp)
20102cae:	8b89                	andi	a5,a5,2
20102cb0:	842e                	mv	s0,a1
20102cb2:	cf91                	beqz	a5,20102cce <__smakebuf_r+0x2e>
20102cb4:	04740793          	addi	a5,s0,71
20102cb8:	c01c                	sw	a5,0(s0)
20102cba:	c81c                	sw	a5,16(s0)
20102cbc:	4785                	li	a5,1
20102cbe:	c85c                	sw	a5,20(s0)
20102cc0:	50b2                	lw	ra,44(sp)
20102cc2:	5422                	lw	s0,40(sp)
20102cc4:	5492                	lw	s1,36(sp)
20102cc6:	5902                	lw	s2,32(sp)
20102cc8:	49f2                	lw	s3,28(sp)
20102cca:	6145                	addi	sp,sp,48
20102ccc:	8082                	ret
20102cce:	0074                	addi	a3,sp,12
20102cd0:	0030                	addi	a2,sp,8
20102cd2:	84aa                	mv	s1,a0
20102cd4:	3f95                	jal	20102c48 <__swhatbuf_r>
20102cd6:	49a2                	lw	s3,8(sp)
20102cd8:	892a                	mv	s2,a0
20102cda:	8526                	mv	a0,s1
20102cdc:	85ce                	mv	a1,s3
20102cde:	2299                	jal	20102e24 <_malloc_r>
20102ce0:	e919                	bnez	a0,20102cf6 <__smakebuf_r+0x56>
20102ce2:	00c41783          	lh	a5,12(s0)
20102ce6:	2007f713          	andi	a4,a5,512
20102cea:	fb79                	bnez	a4,20102cc0 <__smakebuf_r+0x20>
20102cec:	9bf1                	andi	a5,a5,-4
20102cee:	0027e793          	ori	a5,a5,2
20102cf2:	a45e                	sh	a5,12(s0)
20102cf4:	b7c1                	j	20102cb4 <__smakebuf_r+0x14>
20102cf6:	00000797          	auipc	a5,0x0
20102cfa:	d6e78793          	addi	a5,a5,-658 # 20102a64 <_cleanup_r>
20102cfe:	d49c                	sw	a5,40(s1)
20102d00:	245e                	lhu	a5,12(s0)
20102d02:	c008                	sw	a0,0(s0)
20102d04:	c808                	sw	a0,16(s0)
20102d06:	0807e793          	ori	a5,a5,128
20102d0a:	a45e                	sh	a5,12(s0)
20102d0c:	47b2                	lw	a5,12(sp)
20102d0e:	01342a23          	sw	s3,20(s0)
20102d12:	cb99                	beqz	a5,20102d28 <__smakebuf_r+0x88>
20102d14:	00e41583          	lh	a1,14(s0)
20102d18:	8526                	mv	a0,s1
20102d1a:	2d85                	jal	2010338a <_isatty_r>
20102d1c:	c511                	beqz	a0,20102d28 <__smakebuf_r+0x88>
20102d1e:	245e                	lhu	a5,12(s0)
20102d20:	9bf1                	andi	a5,a5,-4
20102d22:	0017e793          	ori	a5,a5,1
20102d26:	a45e                	sh	a5,12(s0)
20102d28:	245e                	lhu	a5,12(s0)
20102d2a:	0127e533          	or	a0,a5,s2
20102d2e:	a44a                	sh	a0,12(s0)
20102d30:	bf41                	j	20102cc0 <__smakebuf_r+0x20>

20102d32 <_free_r>:
20102d32:	cdd1                	beqz	a1,20102dce <_free_r+0x9c>
20102d34:	ffc5a783          	lw	a5,-4(a1)
20102d38:	1101                	addi	sp,sp,-32
20102d3a:	cc22                	sw	s0,24(sp)
20102d3c:	ce06                	sw	ra,28(sp)
20102d3e:	ffc58413          	addi	s0,a1,-4
20102d42:	0007d363          	bgez	a5,20102d48 <_free_r+0x16>
20102d46:	943e                	add	s0,s0,a5
20102d48:	c62a                	sw	a0,12(sp)
20102d4a:	2565                	jal	201033f2 <__malloc_lock>
20102d4c:	87c18713          	addi	a4,gp,-1924 # 2011025c <__malloc_free_list>
20102d50:	431c                	lw	a5,0(a4)
20102d52:	4532                	lw	a0,12(sp)
20102d54:	eb81                	bnez	a5,20102d64 <_free_r+0x32>
20102d56:	00042223          	sw	zero,4(s0)
20102d5a:	c300                	sw	s0,0(a4)
20102d5c:	4462                	lw	s0,24(sp)
20102d5e:	40f2                	lw	ra,28(sp)
20102d60:	6105                	addi	sp,sp,32
20102d62:	ad61                	j	201033fa <__malloc_unlock>
20102d64:	00f47d63          	bgeu	s0,a5,20102d7e <_free_r+0x4c>
20102d68:	4010                	lw	a2,0(s0)
20102d6a:	00c406b3          	add	a3,s0,a2
20102d6e:	00d79663          	bne	a5,a3,20102d7a <_free_r+0x48>
20102d72:	4394                	lw	a3,0(a5)
20102d74:	43dc                	lw	a5,4(a5)
20102d76:	96b2                	add	a3,a3,a2
20102d78:	c014                	sw	a3,0(s0)
20102d7a:	c05c                	sw	a5,4(s0)
20102d7c:	bff9                	j	20102d5a <_free_r+0x28>
20102d7e:	873e                	mv	a4,a5
20102d80:	43dc                	lw	a5,4(a5)
20102d82:	c399                	beqz	a5,20102d88 <_free_r+0x56>
20102d84:	fef47de3          	bgeu	s0,a5,20102d7e <_free_r+0x4c>
20102d88:	4314                	lw	a3,0(a4)
20102d8a:	00d70633          	add	a2,a4,a3
20102d8e:	00861f63          	bne	a2,s0,20102dac <_free_r+0x7a>
20102d92:	4010                	lw	a2,0(s0)
20102d94:	96b2                	add	a3,a3,a2
20102d96:	c314                	sw	a3,0(a4)
20102d98:	00d70633          	add	a2,a4,a3
20102d9c:	fcc790e3          	bne	a5,a2,20102d5c <_free_r+0x2a>
20102da0:	4390                	lw	a2,0(a5)
20102da2:	43dc                	lw	a5,4(a5)
20102da4:	96b2                	add	a3,a3,a2
20102da6:	c314                	sw	a3,0(a4)
20102da8:	c35c                	sw	a5,4(a4)
20102daa:	bf4d                	j	20102d5c <_free_r+0x2a>
20102dac:	00c47563          	bgeu	s0,a2,20102db6 <_free_r+0x84>
20102db0:	47b1                	li	a5,12
20102db2:	c11c                	sw	a5,0(a0)
20102db4:	b765                	j	20102d5c <_free_r+0x2a>
20102db6:	4010                	lw	a2,0(s0)
20102db8:	00c406b3          	add	a3,s0,a2
20102dbc:	00d79663          	bne	a5,a3,20102dc8 <_free_r+0x96>
20102dc0:	4394                	lw	a3,0(a5)
20102dc2:	43dc                	lw	a5,4(a5)
20102dc4:	96b2                	add	a3,a3,a2
20102dc6:	c014                	sw	a3,0(s0)
20102dc8:	c05c                	sw	a5,4(s0)
20102dca:	c340                	sw	s0,4(a4)
20102dcc:	bf41                	j	20102d5c <_free_r+0x2a>
20102dce:	8082                	ret

20102dd0 <sbrk_aligned>:
20102dd0:	1141                	addi	sp,sp,-16
20102dd2:	c04a                	sw	s2,0(sp)
20102dd4:	87818913          	addi	s2,gp,-1928 # 20110258 <__malloc_sbrk_start>
20102dd8:	00092783          	lw	a5,0(s2)
20102ddc:	c422                	sw	s0,8(sp)
20102dde:	c226                	sw	s1,4(sp)
20102de0:	c606                	sw	ra,12(sp)
20102de2:	84aa                	mv	s1,a0
20102de4:	842e                	mv	s0,a1
20102de6:	e789                	bnez	a5,20102df0 <sbrk_aligned+0x20>
20102de8:	4581                	li	a1,0
20102dea:	29a9                	jal	20103244 <_sbrk_r>
20102dec:	00a92023          	sw	a0,0(s2)
20102df0:	85a2                	mv	a1,s0
20102df2:	8526                	mv	a0,s1
20102df4:	2981                	jal	20103244 <_sbrk_r>
20102df6:	597d                	li	s2,-1
20102df8:	01251a63          	bne	a0,s2,20102e0c <sbrk_aligned+0x3c>
20102dfc:	547d                	li	s0,-1
20102dfe:	40b2                	lw	ra,12(sp)
20102e00:	8522                	mv	a0,s0
20102e02:	4422                	lw	s0,8(sp)
20102e04:	4492                	lw	s1,4(sp)
20102e06:	4902                	lw	s2,0(sp)
20102e08:	0141                	addi	sp,sp,16
20102e0a:	8082                	ret
20102e0c:	00350413          	addi	s0,a0,3
20102e10:	9871                	andi	s0,s0,-4
20102e12:	fe8506e3          	beq	a0,s0,20102dfe <sbrk_aligned+0x2e>
20102e16:	40a405b3          	sub	a1,s0,a0
20102e1a:	8526                	mv	a0,s1
20102e1c:	2125                	jal	20103244 <_sbrk_r>
20102e1e:	ff2510e3          	bne	a0,s2,20102dfe <sbrk_aligned+0x2e>
20102e22:	bfe9                	j	20102dfc <sbrk_aligned+0x2c>

20102e24 <_malloc_r>:
20102e24:	1101                	addi	sp,sp,-32
20102e26:	ca26                	sw	s1,20(sp)
20102e28:	00358493          	addi	s1,a1,3
20102e2c:	98f1                	andi	s1,s1,-4
20102e2e:	c84a                	sw	s2,16(sp)
20102e30:	04a1                	addi	s1,s1,8
20102e32:	47b1                	li	a5,12
20102e34:	ce06                	sw	ra,28(sp)
20102e36:	cc22                	sw	s0,24(sp)
20102e38:	c64e                	sw	s3,12(sp)
20102e3a:	892a                	mv	s2,a0
20102e3c:	0af4f4b3          	maxu	s1,s1,a5
20102e40:	0004c463          	bltz	s1,20102e48 <_malloc_r+0x24>
20102e44:	00b4fd63          	bgeu	s1,a1,20102e5e <_malloc_r+0x3a>
20102e48:	47b1                	li	a5,12
20102e4a:	00f92023          	sw	a5,0(s2)
20102e4e:	4501                	li	a0,0
20102e50:	40f2                	lw	ra,28(sp)
20102e52:	4462                	lw	s0,24(sp)
20102e54:	44d2                	lw	s1,20(sp)
20102e56:	4942                	lw	s2,16(sp)
20102e58:	49b2                	lw	s3,12(sp)
20102e5a:	6105                	addi	sp,sp,32
20102e5c:	8082                	ret
20102e5e:	2b51                	jal	201033f2 <__malloc_lock>
20102e60:	87c18993          	addi	s3,gp,-1924 # 2011025c <__malloc_free_list>
20102e64:	0009a783          	lw	a5,0(s3)
20102e68:	843e                	mv	s0,a5
20102e6a:	e431                	bnez	s0,20102eb6 <_malloc_r+0x92>
20102e6c:	85a6                	mv	a1,s1
20102e6e:	854a                	mv	a0,s2
20102e70:	3785                	jal	20102dd0 <sbrk_aligned>
20102e72:	57fd                	li	a5,-1
20102e74:	842a                	mv	s0,a0
20102e76:	0af51663          	bne	a0,a5,20102f22 <_malloc_r+0xfe>
20102e7a:	0009a403          	lw	s0,0(s3)
20102e7e:	87a2                	mv	a5,s0
20102e80:	ebc1                	bnez	a5,20102f10 <_malloc_r+0xec>
20102e82:	00042983          	lw	s3,0(s0)
20102e86:	4581                	li	a1,0
20102e88:	854a                	mv	a0,s2
20102e8a:	99a2                	add	s3,s3,s0
20102e8c:	2e65                	jal	20103244 <_sbrk_r>
20102e8e:	08a99463          	bne	s3,a0,20102f16 <_malloc_r+0xf2>
20102e92:	401c                	lw	a5,0(s0)
20102e94:	048d                	addi	s1,s1,3
20102e96:	854a                	mv	a0,s2
20102e98:	8c9d                	sub	s1,s1,a5
20102e9a:	98f1                	andi	s1,s1,-4
20102e9c:	47b1                	li	a5,12
20102e9e:	04a1                	addi	s1,s1,8
20102ea0:	0af4f4b3          	maxu	s1,s1,a5
20102ea4:	85a6                	mv	a1,s1
20102ea6:	372d                	jal	20102dd0 <sbrk_aligned>
20102ea8:	57fd                	li	a5,-1
20102eaa:	06f50663          	beq	a0,a5,20102f16 <_malloc_r+0xf2>
20102eae:	401c                	lw	a5,0(s0)
20102eb0:	97a6                	add	a5,a5,s1
20102eb2:	c01c                	sw	a5,0(s0)
20102eb4:	a015                	j	20102ed8 <_malloc_r+0xb4>
20102eb6:	4014                	lw	a3,0(s0)
20102eb8:	8e85                	sub	a3,a3,s1
20102eba:	0406c863          	bltz	a3,20102f0a <_malloc_r+0xe6>
20102ebe:	472d                	li	a4,11
20102ec0:	02d77d63          	bgeu	a4,a3,20102efa <_malloc_r+0xd6>
20102ec4:	c004                	sw	s1,0(s0)
20102ec6:	00940733          	add	a4,s0,s1
20102eca:	02879663          	bne	a5,s0,20102ef6 <_malloc_r+0xd2>
20102ece:	00e9a023          	sw	a4,0(s3)
20102ed2:	405c                	lw	a5,4(s0)
20102ed4:	c314                	sw	a3,0(a4)
20102ed6:	c35c                	sw	a5,4(a4)
20102ed8:	854a                	mv	a0,s2
20102eda:	2305                	jal	201033fa <__malloc_unlock>
20102edc:	00b40513          	addi	a0,s0,11
20102ee0:	00440793          	addi	a5,s0,4
20102ee4:	9961                	andi	a0,a0,-8
20102ee6:	40f50733          	sub	a4,a0,a5
20102eea:	f6f503e3          	beq	a0,a5,20102e50 <_malloc_r+0x2c>
20102eee:	943a                	add	s0,s0,a4
20102ef0:	8f89                	sub	a5,a5,a0
20102ef2:	c01c                	sw	a5,0(s0)
20102ef4:	bfb1                	j	20102e50 <_malloc_r+0x2c>
20102ef6:	c3d8                	sw	a4,4(a5)
20102ef8:	bfe9                	j	20102ed2 <_malloc_r+0xae>
20102efa:	4058                	lw	a4,4(s0)
20102efc:	00879563          	bne	a5,s0,20102f06 <_malloc_r+0xe2>
20102f00:	00e9a023          	sw	a4,0(s3)
20102f04:	bfd1                	j	20102ed8 <_malloc_r+0xb4>
20102f06:	c3d8                	sw	a4,4(a5)
20102f08:	bfc1                	j	20102ed8 <_malloc_r+0xb4>
20102f0a:	87a2                	mv	a5,s0
20102f0c:	4040                	lw	s0,4(s0)
20102f0e:	bfb1                	j	20102e6a <_malloc_r+0x46>
20102f10:	843e                	mv	s0,a5
20102f12:	43dc                	lw	a5,4(a5)
20102f14:	b7b5                	j	20102e80 <_malloc_r+0x5c>
20102f16:	47b1                	li	a5,12
20102f18:	00f92023          	sw	a5,0(s2)
20102f1c:	854a                	mv	a0,s2
20102f1e:	29f1                	jal	201033fa <__malloc_unlock>
20102f20:	b73d                	j	20102e4e <_malloc_r+0x2a>
20102f22:	c104                	sw	s1,0(a0)
20102f24:	bf55                	j	20102ed8 <_malloc_r+0xb4>

20102f26 <__sfputc_r>:
20102f26:	461c                	lw	a5,8(a2)
20102f28:	17fd                	addi	a5,a5,-1
20102f2a:	c61c                	sw	a5,8(a2)
20102f2c:	0007da63          	bgez	a5,20102f40 <__sfputc_r+0x1a>
20102f30:	4e18                	lw	a4,24(a2)
20102f32:	00e7c563          	blt	a5,a4,20102f3c <__sfputc_r+0x16>
20102f36:	47a9                	li	a5,10
20102f38:	00f59463          	bne	a1,a5,20102f40 <__sfputc_r+0x1a>
20102f3c:	f60ff06f          	j	2010269c <__swbuf_r>
20102f40:	421c                	lw	a5,0(a2)
20102f42:	852e                	mv	a0,a1
20102f44:	00178713          	addi	a4,a5,1
20102f48:	c218                	sw	a4,0(a2)
20102f4a:	a38c                	sb	a1,0(a5)
20102f4c:	8082                	ret

20102f4e <__sfputs_r>:
20102f4e:	1101                	addi	sp,sp,-32
20102f50:	cc22                	sw	s0,24(sp)
20102f52:	ca26                	sw	s1,20(sp)
20102f54:	c84a                	sw	s2,16(sp)
20102f56:	c64e                	sw	s3,12(sp)
20102f58:	c452                	sw	s4,8(sp)
20102f5a:	ce06                	sw	ra,28(sp)
20102f5c:	892a                	mv	s2,a0
20102f5e:	89ae                	mv	s3,a1
20102f60:	8432                	mv	s0,a2
20102f62:	00d604b3          	add	s1,a2,a3
20102f66:	5a7d                	li	s4,-1
20102f68:	00941463          	bne	s0,s1,20102f70 <__sfputs_r+0x22>
20102f6c:	4501                	li	a0,0
20102f6e:	a801                	j	20102f7e <__sfputs_r+0x30>
20102f70:	200c                	lbu	a1,0(s0)
20102f72:	864e                	mv	a2,s3
20102f74:	854a                	mv	a0,s2
20102f76:	3f45                	jal	20102f26 <__sfputc_r>
20102f78:	0405                	addi	s0,s0,1
20102f7a:	ff4517e3          	bne	a0,s4,20102f68 <__sfputs_r+0x1a>
20102f7e:	40f2                	lw	ra,28(sp)
20102f80:	4462                	lw	s0,24(sp)
20102f82:	44d2                	lw	s1,20(sp)
20102f84:	4942                	lw	s2,16(sp)
20102f86:	49b2                	lw	s3,12(sp)
20102f88:	4a22                	lw	s4,8(sp)
20102f8a:	6105                	addi	sp,sp,32
20102f8c:	8082                	ret

20102f8e <_vfiprintf_r>:
20102f8e:	7135                	addi	sp,sp,-160
20102f90:	cd22                	sw	s0,152(sp)
20102f92:	cb26                	sw	s1,148(sp)
20102f94:	c94a                	sw	s2,144(sp)
20102f96:	c74e                	sw	s3,140(sp)
20102f98:	cf06                	sw	ra,156(sp)
20102f9a:	c552                	sw	s4,136(sp)
20102f9c:	c356                	sw	s5,132(sp)
20102f9e:	c15a                	sw	s6,128(sp)
20102fa0:	dede                	sw	s7,124(sp)
20102fa2:	dce2                	sw	s8,120(sp)
20102fa4:	89aa                	mv	s3,a0
20102fa6:	842e                	mv	s0,a1
20102fa8:	8932                	mv	s2,a2
20102faa:	84b6                	mv	s1,a3
20102fac:	c509                	beqz	a0,20102fb6 <_vfiprintf_r+0x28>
20102fae:	4d1c                	lw	a5,24(a0)
20102fb0:	e399                	bnez	a5,20102fb6 <_vfiprintf_r+0x28>
20102fb2:	b1bff0ef          	jal	ra,20102acc <__sinit>
20102fb6:	00001797          	auipc	a5,0x1
20102fba:	ad678793          	addi	a5,a5,-1322 # 20103a8c <__sf_fake_stdin>
20102fbe:	04f41863          	bne	s0,a5,2010300e <_vfiprintf_r+0x80>
20102fc2:	0049a403          	lw	s0,4(s3)
20102fc6:	507c                	lw	a5,100(s0)
20102fc8:	8b85                	andi	a5,a5,1
20102fca:	eb81                	bnez	a5,20102fda <_vfiprintf_r+0x4c>
20102fcc:	245e                	lhu	a5,12(s0)
20102fce:	2007f793          	andi	a5,a5,512
20102fd2:	e781                	bnez	a5,20102fda <_vfiprintf_r+0x4c>
20102fd4:	4c28                	lw	a0,88(s0)
20102fd6:	c6fff0ef          	jal	ra,20102c44 <__retarget_lock_acquire_recursive>
20102fda:	245e                	lhu	a5,12(s0)
20102fdc:	8ba1                	andi	a5,a5,8
20102fde:	c399                	beqz	a5,20102fe4 <_vfiprintf_r+0x56>
20102fe0:	481c                	lw	a5,16(s0)
20102fe2:	e3a5                	bnez	a5,20103042 <_vfiprintf_r+0xb4>
20102fe4:	85a2                	mv	a1,s0
20102fe6:	854e                	mv	a0,s3
20102fe8:	f70ff0ef          	jal	ra,20102758 <__swsetup_r>
20102fec:	c939                	beqz	a0,20103042 <_vfiprintf_r+0xb4>
20102fee:	507c                	lw	a5,100(s0)
20102ff0:	8b85                	andi	a5,a5,1
20102ff2:	c3a1                	beqz	a5,20103032 <_vfiprintf_r+0xa4>
20102ff4:	557d                	li	a0,-1
20102ff6:	40fa                	lw	ra,156(sp)
20102ff8:	446a                	lw	s0,152(sp)
20102ffa:	44da                	lw	s1,148(sp)
20102ffc:	494a                	lw	s2,144(sp)
20102ffe:	49ba                	lw	s3,140(sp)
20103000:	4a2a                	lw	s4,136(sp)
20103002:	4a9a                	lw	s5,132(sp)
20103004:	4b0a                	lw	s6,128(sp)
20103006:	5bf6                	lw	s7,124(sp)
20103008:	5c66                	lw	s8,120(sp)
2010300a:	610d                	addi	sp,sp,160
2010300c:	8082                	ret
2010300e:	00001797          	auipc	a5,0x1
20103012:	a5e78793          	addi	a5,a5,-1442 # 20103a6c <__sf_fake_stdout>
20103016:	00f41563          	bne	s0,a5,20103020 <_vfiprintf_r+0x92>
2010301a:	0089a403          	lw	s0,8(s3)
2010301e:	b765                	j	20102fc6 <_vfiprintf_r+0x38>
20103020:	00001797          	auipc	a5,0x1
20103024:	a2c78793          	addi	a5,a5,-1492 # 20103a4c <__sf_fake_stderr>
20103028:	f8f41fe3          	bne	s0,a5,20102fc6 <_vfiprintf_r+0x38>
2010302c:	00c9a403          	lw	s0,12(s3)
20103030:	bf59                	j	20102fc6 <_vfiprintf_r+0x38>
20103032:	245e                	lhu	a5,12(s0)
20103034:	2007f793          	andi	a5,a5,512
20103038:	ffd5                	bnez	a5,20102ff4 <_vfiprintf_r+0x66>
2010303a:	4c28                	lw	a0,88(s0)
2010303c:	c0bff0ef          	jal	ra,20102c46 <__retarget_lock_release_recursive>
20103040:	bf55                	j	20102ff4 <_vfiprintf_r+0x66>
20103042:	02000793          	li	a5,32
20103046:	02f104a3          	sb	a5,41(sp)
2010304a:	03000793          	li	a5,48
2010304e:	d202                	sw	zero,36(sp)
20103050:	02f10523          	sb	a5,42(sp)
20103054:	c626                	sw	s1,12(sp)
20103056:	02500b93          	li	s7,37
2010305a:	00001a97          	auipc	s5,0x1
2010305e:	a52a8a93          	addi	s5,s5,-1454 # 20103aac <__sf_fake_stdin+0x20>
20103062:	4b29                	li	s6,10
20103064:	84ca                	mv	s1,s2
20103066:	209c                	lbu	a5,0(s1)
20103068:	c399                	beqz	a5,2010306e <_vfiprintf_r+0xe0>
2010306a:	09779963          	bne	a5,s7,201030fc <_vfiprintf_r+0x16e>
2010306e:	41248c33          	sub	s8,s1,s2
20103072:	01248d63          	beq	s1,s2,2010308c <_vfiprintf_r+0xfe>
20103076:	86e2                	mv	a3,s8
20103078:	864a                	mv	a2,s2
2010307a:	85a2                	mv	a1,s0
2010307c:	854e                	mv	a0,s3
2010307e:	3dc1                	jal	20102f4e <__sfputs_r>
20103080:	57fd                	li	a5,-1
20103082:	18f50663          	beq	a0,a5,2010320e <_vfiprintf_r+0x280>
20103086:	5792                	lw	a5,36(sp)
20103088:	97e2                	add	a5,a5,s8
2010308a:	d23e                	sw	a5,36(sp)
2010308c:	209c                	lbu	a5,0(s1)
2010308e:	18078063          	beqz	a5,2010320e <_vfiprintf_r+0x280>
20103092:	57fd                	li	a5,-1
20103094:	00148913          	addi	s2,s1,1
20103098:	c802                	sw	zero,16(sp)
2010309a:	ce02                	sw	zero,28(sp)
2010309c:	ca3e                	sw	a5,20(sp)
2010309e:	cc02                	sw	zero,24(sp)
201030a0:	040109a3          	sb	zero,83(sp)
201030a4:	d482                	sw	zero,104(sp)
201030a6:	00094583          	lbu	a1,0(s2)
201030aa:	4615                	li	a2,5
201030ac:	8556                	mv	a0,s5
201030ae:	2635                	jal	201033da <memchr>
201030b0:	47c2                	lw	a5,16(sp)
201030b2:	00190493          	addi	s1,s2,1
201030b6:	e529                	bnez	a0,20103100 <_vfiprintf_r+0x172>
201030b8:	0107f713          	andi	a4,a5,16
201030bc:	c709                	beqz	a4,201030c6 <_vfiprintf_r+0x138>
201030be:	02000713          	li	a4,32
201030c2:	04e109a3          	sb	a4,83(sp)
201030c6:	0087f713          	andi	a4,a5,8
201030ca:	c709                	beqz	a4,201030d4 <_vfiprintf_r+0x146>
201030cc:	02b00713          	li	a4,43
201030d0:	04e109a3          	sb	a4,83(sp)
201030d4:	00094683          	lbu	a3,0(s2)
201030d8:	02a00713          	li	a4,42
201030dc:	02e68963          	beq	a3,a4,2010310e <_vfiprintf_r+0x180>
201030e0:	47f2                	lw	a5,28(sp)
201030e2:	84ca                	mv	s1,s2
201030e4:	4681                	li	a3,0
201030e6:	4625                	li	a2,9
201030e8:	2098                	lbu	a4,0(s1)
201030ea:	00148593          	addi	a1,s1,1
201030ee:	fd070713          	addi	a4,a4,-48 # ffffdfd0 <_eusrstack+0xdfee8fd0>
201030f2:	06e67263          	bgeu	a2,a4,20103156 <_vfiprintf_r+0x1c8>
201030f6:	c685                	beqz	a3,2010311e <_vfiprintf_r+0x190>
201030f8:	ce3e                	sw	a5,28(sp)
201030fa:	a015                	j	2010311e <_vfiprintf_r+0x190>
201030fc:	0485                	addi	s1,s1,1
201030fe:	b7a5                	j	20103066 <_vfiprintf_r+0xd8>
20103100:	41550533          	sub	a0,a0,s5
20103104:	28a797b3          	bset	a5,a5,a0
20103108:	8926                	mv	s2,s1
2010310a:	c83e                	sw	a5,16(sp)
2010310c:	bf69                	j	201030a6 <_vfiprintf_r+0x118>
2010310e:	4732                	lw	a4,12(sp)
20103110:	00470693          	addi	a3,a4,4
20103114:	4318                	lw	a4,0(a4)
20103116:	c636                	sw	a3,12(sp)
20103118:	02074863          	bltz	a4,20103148 <_vfiprintf_r+0x1ba>
2010311c:	ce3a                	sw	a4,28(sp)
2010311e:	2098                	lbu	a4,0(s1)
20103120:	02e00793          	li	a5,46
20103124:	04f71c63          	bne	a4,a5,2010317c <_vfiprintf_r+0x1ee>
20103128:	3098                	lbu	a4,1(s1)
2010312a:	02a00793          	li	a5,42
2010312e:	02f71a63          	bne	a4,a5,20103162 <_vfiprintf_r+0x1d4>
20103132:	47b2                	lw	a5,12(sp)
20103134:	0489                	addi	s1,s1,2
20103136:	00478713          	addi	a4,a5,4
2010313a:	439c                	lw	a5,0(a5)
2010313c:	c63a                	sw	a4,12(sp)
2010313e:	577d                	li	a4,-1
20103140:	0ae7e7b3          	max	a5,a5,a4
20103144:	ca3e                	sw	a5,20(sp)
20103146:	a81d                	j	2010317c <_vfiprintf_r+0x1ee>
20103148:	40e00733          	neg	a4,a4
2010314c:	0027e793          	ori	a5,a5,2
20103150:	ce3a                	sw	a4,28(sp)
20103152:	c83e                	sw	a5,16(sp)
20103154:	b7e9                	j	2010311e <_vfiprintf_r+0x190>
20103156:	036787b3          	mul	a5,a5,s6
2010315a:	84ae                	mv	s1,a1
2010315c:	4685                	li	a3,1
2010315e:	97ba                	add	a5,a5,a4
20103160:	b761                	j	201030e8 <_vfiprintf_r+0x15a>
20103162:	0485                	addi	s1,s1,1
20103164:	ca02                	sw	zero,20(sp)
20103166:	4681                	li	a3,0
20103168:	4781                	li	a5,0
2010316a:	4625                	li	a2,9
2010316c:	2098                	lbu	a4,0(s1)
2010316e:	00148593          	addi	a1,s1,1
20103172:	fd070713          	addi	a4,a4,-48
20103176:	06e67263          	bgeu	a2,a4,201031da <_vfiprintf_r+0x24c>
2010317a:	f6e9                	bnez	a3,20103144 <_vfiprintf_r+0x1b6>
2010317c:	208c                	lbu	a1,0(s1)
2010317e:	460d                	li	a2,3
20103180:	00001517          	auipc	a0,0x1
20103184:	93450513          	addi	a0,a0,-1740 # 20103ab4 <__sf_fake_stdin+0x28>
20103188:	2c89                	jal	201033da <memchr>
2010318a:	cd11                	beqz	a0,201031a6 <_vfiprintf_r+0x218>
2010318c:	00001797          	auipc	a5,0x1
20103190:	92878793          	addi	a5,a5,-1752 # 20103ab4 <__sf_fake_stdin+0x28>
20103194:	8d1d                	sub	a0,a0,a5
20103196:	47c2                	lw	a5,16(sp)
20103198:	04000713          	li	a4,64
2010319c:	00a71733          	sll	a4,a4,a0
201031a0:	8fd9                	or	a5,a5,a4
201031a2:	0485                	addi	s1,s1,1
201031a4:	c83e                	sw	a5,16(sp)
201031a6:	208c                	lbu	a1,0(s1)
201031a8:	4619                	li	a2,6
201031aa:	00001517          	auipc	a0,0x1
201031ae:	90e50513          	addi	a0,a0,-1778 # 20103ab8 <__sf_fake_stdin+0x2c>
201031b2:	00148913          	addi	s2,s1,1
201031b6:	02b10423          	sb	a1,40(sp)
201031ba:	2405                	jal	201033da <memchr>
201031bc:	c935                	beqz	a0,20103230 <_vfiprintf_r+0x2a2>
201031be:	00000793          	li	a5,0
201031c2:	e795                	bnez	a5,201031ee <_vfiprintf_r+0x260>
201031c4:	4742                	lw	a4,16(sp)
201031c6:	47b2                	lw	a5,12(sp)
201031c8:	10077713          	andi	a4,a4,256
201031cc:	cf09                	beqz	a4,201031e6 <_vfiprintf_r+0x258>
201031ce:	0791                	addi	a5,a5,4
201031d0:	c63e                	sw	a5,12(sp)
201031d2:	5792                	lw	a5,36(sp)
201031d4:	97d2                	add	a5,a5,s4
201031d6:	d23e                	sw	a5,36(sp)
201031d8:	b571                	j	20103064 <_vfiprintf_r+0xd6>
201031da:	036787b3          	mul	a5,a5,s6
201031de:	84ae                	mv	s1,a1
201031e0:	4685                	li	a3,1
201031e2:	97ba                	add	a5,a5,a4
201031e4:	b761                	j	2010316c <_vfiprintf_r+0x1de>
201031e6:	079d                	addi	a5,a5,7
201031e8:	9be1                	andi	a5,a5,-8
201031ea:	07a1                	addi	a5,a5,8
201031ec:	b7d5                	j	201031d0 <_vfiprintf_r+0x242>
201031ee:	0078                	addi	a4,sp,12
201031f0:	00000697          	auipc	a3,0x0
201031f4:	d5e68693          	addi	a3,a3,-674 # 20102f4e <__sfputs_r>
201031f8:	8622                	mv	a2,s0
201031fa:	080c                	addi	a1,sp,16
201031fc:	854e                	mv	a0,s3
201031fe:	00000097          	auipc	ra,0x0
20103202:	000000e7          	jalr	zero # 0 <_sinit>
20103206:	57fd                	li	a5,-1
20103208:	8a2a                	mv	s4,a0
2010320a:	fcf514e3          	bne	a0,a5,201031d2 <_vfiprintf_r+0x244>
2010320e:	507c                	lw	a5,100(s0)
20103210:	8b85                	andi	a5,a5,1
20103212:	eb81                	bnez	a5,20103222 <_vfiprintf_r+0x294>
20103214:	245e                	lhu	a5,12(s0)
20103216:	2007f793          	andi	a5,a5,512
2010321a:	e781                	bnez	a5,20103222 <_vfiprintf_r+0x294>
2010321c:	4c28                	lw	a0,88(s0)
2010321e:	a29ff0ef          	jal	ra,20102c46 <__retarget_lock_release_recursive>
20103222:	245e                	lhu	a5,12(s0)
20103224:	0407f793          	andi	a5,a5,64
20103228:	dc0796e3          	bnez	a5,20102ff4 <_vfiprintf_r+0x66>
2010322c:	5512                	lw	a0,36(sp)
2010322e:	b3e1                	j	20102ff6 <_vfiprintf_r+0x68>
20103230:	0078                	addi	a4,sp,12
20103232:	00000697          	auipc	a3,0x0
20103236:	d1c68693          	addi	a3,a3,-740 # 20102f4e <__sfputs_r>
2010323a:	8622                	mv	a2,s0
2010323c:	080c                	addi	a1,sp,16
2010323e:	854e                	mv	a0,s3
20103240:	24f1                	jal	2010350c <_printf_i>
20103242:	b7d1                	j	20103206 <_vfiprintf_r+0x278>

20103244 <_sbrk_r>:
20103244:	1141                	addi	sp,sp,-16
20103246:	c422                	sw	s0,8(sp)
20103248:	842a                	mv	s0,a0
2010324a:	852e                	mv	a0,a1
2010324c:	8801a023          	sw	zero,-1920(gp) # 20110260 <errno>
20103250:	c606                	sw	ra,12(sp)
20103252:	caffe0ef          	jal	ra,20101f00 <_sbrk>
20103256:	57fd                	li	a5,-1
20103258:	00f51663          	bne	a0,a5,20103264 <_sbrk_r+0x20>
2010325c:	8801a783          	lw	a5,-1920(gp) # 20110260 <errno>
20103260:	c391                	beqz	a5,20103264 <_sbrk_r+0x20>
20103262:	c01c                	sw	a5,0(s0)
20103264:	40b2                	lw	ra,12(sp)
20103266:	4422                	lw	s0,8(sp)
20103268:	0141                	addi	sp,sp,16
2010326a:	8082                	ret

2010326c <__sread>:
2010326c:	1141                	addi	sp,sp,-16
2010326e:	c422                	sw	s0,8(sp)
20103270:	842e                	mv	s0,a1
20103272:	00e59583          	lh	a1,14(a1)
20103276:	c606                	sw	ra,12(sp)
20103278:	2b01                	jal	20103788 <_read_r>
2010327a:	00054963          	bltz	a0,2010328c <__sread+0x20>
2010327e:	487c                	lw	a5,84(s0)
20103280:	97aa                	add	a5,a5,a0
20103282:	c87c                	sw	a5,84(s0)
20103284:	40b2                	lw	ra,12(sp)
20103286:	4422                	lw	s0,8(sp)
20103288:	0141                	addi	sp,sp,16
2010328a:	8082                	ret
2010328c:	245e                	lhu	a5,12(s0)
2010328e:	48c79793          	bclri	a5,a5,0xc
20103292:	a45e                	sh	a5,12(s0)
20103294:	bfc5                	j	20103284 <__sread+0x18>

20103296 <__swrite>:
20103296:	25de                	lhu	a5,12(a1)
20103298:	1101                	addi	sp,sp,-32
2010329a:	cc22                	sw	s0,24(sp)
2010329c:	ca26                	sw	s1,20(sp)
2010329e:	c84a                	sw	s2,16(sp)
201032a0:	c64e                	sw	s3,12(sp)
201032a2:	ce06                	sw	ra,28(sp)
201032a4:	1007f793          	andi	a5,a5,256
201032a8:	84aa                	mv	s1,a0
201032aa:	842e                	mv	s0,a1
201032ac:	8932                	mv	s2,a2
201032ae:	89b6                	mv	s3,a3
201032b0:	c791                	beqz	a5,201032bc <__swrite+0x26>
201032b2:	00e59583          	lh	a1,14(a1)
201032b6:	4689                	li	a3,2
201032b8:	4601                	li	a2,0
201032ba:	28dd                	jal	201033b0 <_lseek_r>
201032bc:	245e                	lhu	a5,12(s0)
201032be:	00e41583          	lh	a1,14(s0)
201032c2:	40f2                	lw	ra,28(sp)
201032c4:	48c79793          	bclri	a5,a5,0xc
201032c8:	a45e                	sh	a5,12(s0)
201032ca:	4462                	lw	s0,24(sp)
201032cc:	86ce                	mv	a3,s3
201032ce:	864a                	mv	a2,s2
201032d0:	49b2                	lw	s3,12(sp)
201032d2:	4942                	lw	s2,16(sp)
201032d4:	8526                	mv	a0,s1
201032d6:	44d2                	lw	s1,20(sp)
201032d8:	6105                	addi	sp,sp,32
201032da:	a81d                	j	20103310 <_write_r>

201032dc <__sseek>:
201032dc:	1141                	addi	sp,sp,-16
201032de:	c422                	sw	s0,8(sp)
201032e0:	842e                	mv	s0,a1
201032e2:	00e59583          	lh	a1,14(a1)
201032e6:	c606                	sw	ra,12(sp)
201032e8:	20e1                	jal	201033b0 <_lseek_r>
201032ea:	577d                	li	a4,-1
201032ec:	245e                	lhu	a5,12(s0)
201032ee:	00e51963          	bne	a0,a4,20103300 <__sseek+0x24>
201032f2:	48c79793          	bclri	a5,a5,0xc
201032f6:	a45e                	sh	a5,12(s0)
201032f8:	40b2                	lw	ra,12(sp)
201032fa:	4422                	lw	s0,8(sp)
201032fc:	0141                	addi	sp,sp,16
201032fe:	8082                	ret
20103300:	28c79793          	bseti	a5,a5,0xc
20103304:	c868                	sw	a0,84(s0)
20103306:	a45e                	sh	a5,12(s0)
20103308:	bfc5                	j	201032f8 <__sseek+0x1c>

2010330a <__sclose>:
2010330a:	00e59583          	lh	a1,14(a1)
2010330e:	a03d                	j	2010333c <_close_r>

20103310 <_write_r>:
20103310:	1141                	addi	sp,sp,-16
20103312:	c422                	sw	s0,8(sp)
20103314:	842a                	mv	s0,a0
20103316:	852e                	mv	a0,a1
20103318:	85b2                	mv	a1,a2
2010331a:	8636                	mv	a2,a3
2010331c:	8801a023          	sw	zero,-1920(gp) # 20110260 <errno>
20103320:	c606                	sw	ra,12(sp)
20103322:	ba1fe0ef          	jal	ra,20101ec2 <_write>
20103326:	57fd                	li	a5,-1
20103328:	00f51663          	bne	a0,a5,20103334 <_write_r+0x24>
2010332c:	8801a783          	lw	a5,-1920(gp) # 20110260 <errno>
20103330:	c391                	beqz	a5,20103334 <_write_r+0x24>
20103332:	c01c                	sw	a5,0(s0)
20103334:	40b2                	lw	ra,12(sp)
20103336:	4422                	lw	s0,8(sp)
20103338:	0141                	addi	sp,sp,16
2010333a:	8082                	ret

2010333c <_close_r>:
2010333c:	1141                	addi	sp,sp,-16
2010333e:	c422                	sw	s0,8(sp)
20103340:	842a                	mv	s0,a0
20103342:	852e                	mv	a0,a1
20103344:	8801a023          	sw	zero,-1920(gp) # 20110260 <errno>
20103348:	c606                	sw	ra,12(sp)
2010334a:	21a5                	jal	201037b2 <_close>
2010334c:	57fd                	li	a5,-1
2010334e:	00f51663          	bne	a0,a5,2010335a <_close_r+0x1e>
20103352:	8801a783          	lw	a5,-1920(gp) # 20110260 <errno>
20103356:	c391                	beqz	a5,2010335a <_close_r+0x1e>
20103358:	c01c                	sw	a5,0(s0)
2010335a:	40b2                	lw	ra,12(sp)
2010335c:	4422                	lw	s0,8(sp)
2010335e:	0141                	addi	sp,sp,16
20103360:	8082                	ret

20103362 <_fstat_r>:
20103362:	1141                	addi	sp,sp,-16
20103364:	c422                	sw	s0,8(sp)
20103366:	842a                	mv	s0,a0
20103368:	852e                	mv	a0,a1
2010336a:	85b2                	mv	a1,a2
2010336c:	8801a023          	sw	zero,-1920(gp) # 20110260 <errno>
20103370:	c606                	sw	ra,12(sp)
20103372:	21b1                	jal	201037be <_fstat>
20103374:	57fd                	li	a5,-1
20103376:	00f51663          	bne	a0,a5,20103382 <_fstat_r+0x20>
2010337a:	8801a783          	lw	a5,-1920(gp) # 20110260 <errno>
2010337e:	c391                	beqz	a5,20103382 <_fstat_r+0x20>
20103380:	c01c                	sw	a5,0(s0)
20103382:	40b2                	lw	ra,12(sp)
20103384:	4422                	lw	s0,8(sp)
20103386:	0141                	addi	sp,sp,16
20103388:	8082                	ret

2010338a <_isatty_r>:
2010338a:	1141                	addi	sp,sp,-16
2010338c:	c422                	sw	s0,8(sp)
2010338e:	842a                	mv	s0,a0
20103390:	852e                	mv	a0,a1
20103392:	8801a023          	sw	zero,-1920(gp) # 20110260 <errno>
20103396:	c606                	sw	ra,12(sp)
20103398:	290d                	jal	201037ca <_isatty>
2010339a:	57fd                	li	a5,-1
2010339c:	00f51663          	bne	a0,a5,201033a8 <_isatty_r+0x1e>
201033a0:	8801a783          	lw	a5,-1920(gp) # 20110260 <errno>
201033a4:	c391                	beqz	a5,201033a8 <_isatty_r+0x1e>
201033a6:	c01c                	sw	a5,0(s0)
201033a8:	40b2                	lw	ra,12(sp)
201033aa:	4422                	lw	s0,8(sp)
201033ac:	0141                	addi	sp,sp,16
201033ae:	8082                	ret

201033b0 <_lseek_r>:
201033b0:	1141                	addi	sp,sp,-16
201033b2:	c422                	sw	s0,8(sp)
201033b4:	842a                	mv	s0,a0
201033b6:	852e                	mv	a0,a1
201033b8:	85b2                	mv	a1,a2
201033ba:	8636                	mv	a2,a3
201033bc:	8801a023          	sw	zero,-1920(gp) # 20110260 <errno>
201033c0:	c606                	sw	ra,12(sp)
201033c2:	2911                	jal	201037d6 <_lseek>
201033c4:	57fd                	li	a5,-1
201033c6:	00f51663          	bne	a0,a5,201033d2 <_lseek_r+0x22>
201033ca:	8801a783          	lw	a5,-1920(gp) # 20110260 <errno>
201033ce:	c391                	beqz	a5,201033d2 <_lseek_r+0x22>
201033d0:	c01c                	sw	a5,0(s0)
201033d2:	40b2                	lw	ra,12(sp)
201033d4:	4422                	lw	s0,8(sp)
201033d6:	0141                	addi	sp,sp,16
201033d8:	8082                	ret

201033da <memchr>:
201033da:	0ff5f593          	zext.b	a1,a1
201033de:	962a                	add	a2,a2,a0
201033e0:	00c51463          	bne	a0,a2,201033e8 <memchr+0xe>
201033e4:	4501                	li	a0,0
201033e6:	8082                	ret
201033e8:	211c                	lbu	a5,0(a0)
201033ea:	feb78ee3          	beq	a5,a1,201033e6 <memchr+0xc>
201033ee:	0505                	addi	a0,a0,1
201033f0:	bfc5                	j	201033e0 <memchr+0x6>

201033f2 <__malloc_lock>:
201033f2:	86c18513          	addi	a0,gp,-1940 # 2011024c <__lock___malloc_recursive_mutex>
201033f6:	84fff06f          	j	20102c44 <__retarget_lock_acquire_recursive>

201033fa <__malloc_unlock>:
201033fa:	86c18513          	addi	a0,gp,-1940 # 2011024c <__lock___malloc_recursive_mutex>
201033fe:	849ff06f          	j	20102c46 <__retarget_lock_release_recursive>

20103402 <_printf_common>:
20103402:	7179                	addi	sp,sp,-48
20103404:	ca56                	sw	s5,20(sp)
20103406:	499c                	lw	a5,16(a1)
20103408:	8aba                	mv	s5,a4
2010340a:	4598                	lw	a4,8(a1)
2010340c:	d422                	sw	s0,40(sp)
2010340e:	d04a                	sw	s2,32(sp)
20103410:	ce4e                	sw	s3,28(sp)
20103412:	cc52                	sw	s4,24(sp)
20103414:	d606                	sw	ra,44(sp)
20103416:	d226                	sw	s1,36(sp)
20103418:	c85a                	sw	s6,16(sp)
2010341a:	c65e                	sw	s7,12(sp)
2010341c:	0ae7e7b3          	max	a5,a5,a4
20103420:	c21c                	sw	a5,0(a2)
20103422:	0435c703          	lbu	a4,67(a1)
20103426:	89aa                	mv	s3,a0
20103428:	842e                	mv	s0,a1
2010342a:	8932                	mv	s2,a2
2010342c:	8a36                	mv	s4,a3
2010342e:	c319                	beqz	a4,20103434 <_printf_common+0x32>
20103430:	0785                	addi	a5,a5,1
20103432:	c21c                	sw	a5,0(a2)
20103434:	401c                	lw	a5,0(s0)
20103436:	0207f793          	andi	a5,a5,32
2010343a:	c791                	beqz	a5,20103446 <_printf_common+0x44>
2010343c:	00092783          	lw	a5,0(s2)
20103440:	0789                	addi	a5,a5,2
20103442:	00f92023          	sw	a5,0(s2)
20103446:	4004                	lw	s1,0(s0)
20103448:	8899                	andi	s1,s1,6
2010344a:	e891                	bnez	s1,2010345e <_printf_common+0x5c>
2010344c:	01940b13          	addi	s6,s0,25
20103450:	5bfd                	li	s7,-1
20103452:	445c                	lw	a5,12(s0)
20103454:	00092703          	lw	a4,0(s2)
20103458:	8f99                	sub	a5,a5,a4
2010345a:	04f4cc63          	blt	s1,a5,201034b2 <_printf_common+0xb0>
2010345e:	04344783          	lbu	a5,67(s0)
20103462:	00f036b3          	snez	a3,a5
20103466:	401c                	lw	a5,0(s0)
20103468:	0207f793          	andi	a5,a5,32
2010346c:	eba5                	bnez	a5,201034dc <_printf_common+0xda>
2010346e:	04340613          	addi	a2,s0,67
20103472:	85d2                	mv	a1,s4
20103474:	854e                	mv	a0,s3
20103476:	9a82                	jalr	s5
20103478:	57fd                	li	a5,-1
2010347a:	04f50363          	beq	a0,a5,201034c0 <_printf_common+0xbe>
2010347e:	401c                	lw	a5,0(s0)
20103480:	4711                	li	a4,4
20103482:	4481                	li	s1,0
20103484:	8b99                	andi	a5,a5,6
20103486:	00e79963          	bne	a5,a4,20103498 <_printf_common+0x96>
2010348a:	00092783          	lw	a5,0(s2)
2010348e:	4444                	lw	s1,12(s0)
20103490:	8c9d                	sub	s1,s1,a5
20103492:	4781                	li	a5,0
20103494:	0af4e4b3          	max	s1,s1,a5
20103498:	441c                	lw	a5,8(s0)
2010349a:	4818                	lw	a4,16(s0)
2010349c:	00f75463          	bge	a4,a5,201034a4 <_printf_common+0xa2>
201034a0:	8f99                	sub	a5,a5,a4
201034a2:	94be                	add	s1,s1,a5
201034a4:	4901                	li	s2,0
201034a6:	0469                	addi	s0,s0,26
201034a8:	5b7d                	li	s6,-1
201034aa:	05249863          	bne	s1,s2,201034fa <_printf_common+0xf8>
201034ae:	4501                	li	a0,0
201034b0:	a809                	j	201034c2 <_printf_common+0xc0>
201034b2:	4685                	li	a3,1
201034b4:	865a                	mv	a2,s6
201034b6:	85d2                	mv	a1,s4
201034b8:	854e                	mv	a0,s3
201034ba:	9a82                	jalr	s5
201034bc:	01751e63          	bne	a0,s7,201034d8 <_printf_common+0xd6>
201034c0:	557d                	li	a0,-1
201034c2:	50b2                	lw	ra,44(sp)
201034c4:	5422                	lw	s0,40(sp)
201034c6:	5492                	lw	s1,36(sp)
201034c8:	5902                	lw	s2,32(sp)
201034ca:	49f2                	lw	s3,28(sp)
201034cc:	4a62                	lw	s4,24(sp)
201034ce:	4ad2                	lw	s5,20(sp)
201034d0:	4b42                	lw	s6,16(sp)
201034d2:	4bb2                	lw	s7,12(sp)
201034d4:	6145                	addi	sp,sp,48
201034d6:	8082                	ret
201034d8:	0485                	addi	s1,s1,1
201034da:	bfa5                	j	20103452 <_printf_common+0x50>
201034dc:	00d40733          	add	a4,s0,a3
201034e0:	03000613          	li	a2,48
201034e4:	04c701a3          	sb	a2,67(a4)
201034e8:	04544703          	lbu	a4,69(s0)
201034ec:	00168793          	addi	a5,a3,1
201034f0:	97a2                	add	a5,a5,s0
201034f2:	0689                	addi	a3,a3,2
201034f4:	04e781a3          	sb	a4,67(a5)
201034f8:	bf9d                	j	2010346e <_printf_common+0x6c>
201034fa:	4685                	li	a3,1
201034fc:	8622                	mv	a2,s0
201034fe:	85d2                	mv	a1,s4
20103500:	854e                	mv	a0,s3
20103502:	9a82                	jalr	s5
20103504:	fb650ee3          	beq	a0,s6,201034c0 <_printf_common+0xbe>
20103508:	0905                	addi	s2,s2,1
2010350a:	b745                	j	201034aa <_printf_common+0xa8>

2010350c <_printf_i>:
2010350c:	7179                	addi	sp,sp,-48
2010350e:	d422                	sw	s0,40(sp)
20103510:	d04a                	sw	s2,32(sp)
20103512:	ce4e                	sw	s3,28(sp)
20103514:	cc52                	sw	s4,24(sp)
20103516:	d606                	sw	ra,44(sp)
20103518:	d226                	sw	s1,36(sp)
2010351a:	ca56                	sw	s5,20(sp)
2010351c:	c85a                	sw	s6,16(sp)
2010351e:	0185c803          	lbu	a6,24(a1)
20103522:	07800793          	li	a5,120
20103526:	892a                	mv	s2,a0
20103528:	842e                	mv	s0,a1
2010352a:	89b2                	mv	s3,a2
2010352c:	8a36                	mv	s4,a3
2010352e:	0307e263          	bltu	a5,a6,20103552 <_printf_i+0x46>
20103532:	06200793          	li	a5,98
20103536:	04358693          	addi	a3,a1,67
2010353a:	0307e163          	bltu	a5,a6,2010355c <_printf_i+0x50>
2010353e:	1c080c63          	beqz	a6,20103716 <_printf_i+0x20a>
20103542:	05800793          	li	a5,88
20103546:	00000617          	auipc	a2,0x0
2010354a:	57a60613          	addi	a2,a2,1402 # 20103ac0 <__sf_fake_stdin+0x34>
2010354e:	14f80863          	beq	a6,a5,2010369e <_printf_i+0x192>
20103552:	04240493          	addi	s1,s0,66
20103556:	05040123          	sb	a6,66(s0)
2010355a:	a815                	j	2010358e <_printf_i+0x82>
2010355c:	f9d80793          	addi	a5,a6,-99
20103560:	0ff7f793          	zext.b	a5,a5
20103564:	4655                	li	a2,21
20103566:	fef666e3          	bltu	a2,a5,20103552 <_printf_i+0x46>
2010356a:	00000617          	auipc	a2,0x0
2010356e:	57e60613          	addi	a2,a2,1406 # 20103ae8 <__sf_fake_stdin+0x5c>
20103572:	20c7c7b3          	sh2add	a5,a5,a2
20103576:	439c                	lw	a5,0(a5)
20103578:	97b2                	add	a5,a5,a2
2010357a:	8782                	jr	a5
2010357c:	431c                	lw	a5,0(a4)
2010357e:	04258493          	addi	s1,a1,66
20103582:	00478693          	addi	a3,a5,4
20103586:	439c                	lw	a5,0(a5)
20103588:	c314                	sw	a3,0(a4)
2010358a:	04f58123          	sb	a5,66(a1)
2010358e:	4785                	li	a5,1
20103590:	a275                	j	2010373c <_printf_i+0x230>
20103592:	4190                	lw	a2,0(a1)
20103594:	431c                	lw	a5,0(a4)
20103596:	08067513          	andi	a0,a2,128
2010359a:	00478593          	addi	a1,a5,4
2010359e:	c129                	beqz	a0,201035e0 <_printf_i+0xd4>
201035a0:	439c                	lw	a5,0(a5)
201035a2:	c30c                	sw	a1,0(a4)
201035a4:	4058                	lw	a4,4(s0)
201035a6:	1207df63          	bgez	a5,201036e4 <_printf_i+0x1d8>
201035aa:	02d00593          	li	a1,45
201035ae:	04b401a3          	sb	a1,67(s0)
201035b2:	c418                	sw	a4,8(s0)
201035b4:	02075e63          	bgez	a4,201035f0 <_printf_i+0xe4>
201035b8:	40f007b3          	neg	a5,a5
201035bc:	00000617          	auipc	a2,0x0
201035c0:	50460613          	addi	a2,a2,1284 # 20103ac0 <__sf_fake_stdin+0x34>
201035c4:	4829                	li	a6,10
201035c6:	84b6                	mv	s1,a3
201035c8:	0307f733          	remu	a4,a5,a6
201035cc:	14fd                	addi	s1,s1,-1
201035ce:	9732                	add	a4,a4,a2
201035d0:	2318                	lbu	a4,0(a4)
201035d2:	a098                	sb	a4,0(s1)
201035d4:	873e                	mv	a4,a5
201035d6:	0307d7b3          	divu	a5,a5,a6
201035da:	ff0777e3          	bgeu	a4,a6,201035c8 <_printf_i+0xbc>
201035de:	a085                	j	2010363e <_printf_i+0x132>
201035e0:	439c                	lw	a5,0(a5)
201035e2:	04067513          	andi	a0,a2,64
201035e6:	c30c                	sw	a1,0(a4)
201035e8:	dd55                	beqz	a0,201035a4 <_printf_i+0x98>
201035ea:	60579793          	sext.h	a5,a5
201035ee:	bf5d                	j	201035a4 <_printf_i+0x98>
201035f0:	9a6d                	andi	a2,a2,-5
201035f2:	c010                	sw	a2,0(s0)
201035f4:	b7d1                	j	201035b8 <_printf_i+0xac>
201035f6:	4190                	lw	a2,0(a1)
201035f8:	431c                	lw	a5,0(a4)
201035fa:	08067513          	andi	a0,a2,128
201035fe:	00478593          	addi	a1,a5,4
20103602:	c501                	beqz	a0,2010360a <_printf_i+0xfe>
20103604:	c30c                	sw	a1,0(a4)
20103606:	439c                	lw	a5,0(a5)
20103608:	a031                	j	20103614 <_printf_i+0x108>
2010360a:	04067613          	andi	a2,a2,64
2010360e:	c30c                	sw	a1,0(a4)
20103610:	da7d                	beqz	a2,20103606 <_printf_i+0xfa>
20103612:	239e                	lhu	a5,0(a5)
20103614:	06f00713          	li	a4,111
20103618:	00000617          	auipc	a2,0x0
2010361c:	4a860613          	addi	a2,a2,1192 # 20103ac0 <__sf_fake_stdin+0x34>
20103620:	0ce81063          	bne	a6,a4,201036e0 <_printf_i+0x1d4>
20103624:	4821                	li	a6,8
20103626:	040401a3          	sb	zero,67(s0)
2010362a:	4058                	lw	a4,4(s0)
2010362c:	c418                	sw	a4,8(s0)
2010362e:	f8074ce3          	bltz	a4,201035c6 <_printf_i+0xba>
20103632:	400c                	lw	a1,0(s0)
20103634:	99ed                	andi	a1,a1,-5
20103636:	c00c                	sw	a1,0(s0)
20103638:	f7d9                	bnez	a5,201035c6 <_printf_i+0xba>
2010363a:	84b6                	mv	s1,a3
2010363c:	f749                	bnez	a4,201035c6 <_printf_i+0xba>
2010363e:	47a1                	li	a5,8
20103640:	00f81e63          	bne	a6,a5,2010365c <_printf_i+0x150>
20103644:	401c                	lw	a5,0(s0)
20103646:	8b85                	andi	a5,a5,1
20103648:	cb91                	beqz	a5,2010365c <_printf_i+0x150>
2010364a:	4058                	lw	a4,4(s0)
2010364c:	481c                	lw	a5,16(s0)
2010364e:	00e7c763          	blt	a5,a4,2010365c <_printf_i+0x150>
20103652:	03000793          	li	a5,48
20103656:	fef48fa3          	sb	a5,-1(s1)
2010365a:	14fd                	addi	s1,s1,-1
2010365c:	8e85                	sub	a3,a3,s1
2010365e:	c814                	sw	a3,16(s0)
20103660:	8752                	mv	a4,s4
20103662:	86ce                	mv	a3,s3
20103664:	0070                	addi	a2,sp,12
20103666:	85a2                	mv	a1,s0
20103668:	854a                	mv	a0,s2
2010366a:	d99ff0ef          	jal	ra,20103402 <_printf_common>
2010366e:	5afd                	li	s5,-1
20103670:	0d551a63          	bne	a0,s5,20103744 <_printf_i+0x238>
20103674:	557d                	li	a0,-1
20103676:	50b2                	lw	ra,44(sp)
20103678:	5422                	lw	s0,40(sp)
2010367a:	5492                	lw	s1,36(sp)
2010367c:	5902                	lw	s2,32(sp)
2010367e:	49f2                	lw	s3,28(sp)
20103680:	4a62                	lw	s4,24(sp)
20103682:	4ad2                	lw	s5,20(sp)
20103684:	4b42                	lw	s6,16(sp)
20103686:	6145                	addi	sp,sp,48
20103688:	8082                	ret
2010368a:	419c                	lw	a5,0(a1)
2010368c:	0207e793          	ori	a5,a5,32
20103690:	c19c                	sw	a5,0(a1)
20103692:	07800813          	li	a6,120
20103696:	00000617          	auipc	a2,0x0
2010369a:	43e60613          	addi	a2,a2,1086 # 20103ad4 <__sf_fake_stdin+0x48>
2010369e:	050402a3          	sb	a6,69(s0)
201036a2:	400c                	lw	a1,0(s0)
201036a4:	431c                	lw	a5,0(a4)
201036a6:	0805f813          	andi	a6,a1,128
201036aa:	00478513          	addi	a0,a5,4
201036ae:	00080563          	beqz	a6,201036b8 <_printf_i+0x1ac>
201036b2:	c308                	sw	a0,0(a4)
201036b4:	439c                	lw	a5,0(a5)
201036b6:	a039                	j	201036c4 <_printf_i+0x1b8>
201036b8:	0405f813          	andi	a6,a1,64
201036bc:	c308                	sw	a0,0(a4)
201036be:	fe080be3          	beqz	a6,201036b4 <_printf_i+0x1a8>
201036c2:	239e                	lhu	a5,0(a5)
201036c4:	0015f713          	andi	a4,a1,1
201036c8:	c701                	beqz	a4,201036d0 <_printf_i+0x1c4>
201036ca:	0205e593          	ori	a1,a1,32
201036ce:	c00c                	sw	a1,0(s0)
201036d0:	c399                	beqz	a5,201036d6 <_printf_i+0x1ca>
201036d2:	4841                	li	a6,16
201036d4:	bf89                	j	20103626 <_printf_i+0x11a>
201036d6:	4018                	lw	a4,0(s0)
201036d8:	fdf77713          	andi	a4,a4,-33
201036dc:	c018                	sw	a4,0(s0)
201036de:	bfd5                	j	201036d2 <_printf_i+0x1c6>
201036e0:	4829                	li	a6,10
201036e2:	b791                	j	20103626 <_printf_i+0x11a>
201036e4:	00000617          	auipc	a2,0x0
201036e8:	3dc60613          	addi	a2,a2,988 # 20103ac0 <__sf_fake_stdin+0x34>
201036ec:	4829                	li	a6,10
201036ee:	bf35                	j	2010362a <_printf_i+0x11e>
201036f0:	4190                	lw	a2,0(a1)
201036f2:	431c                	lw	a5,0(a4)
201036f4:	49cc                	lw	a1,20(a1)
201036f6:	08067813          	andi	a6,a2,128
201036fa:	00478513          	addi	a0,a5,4
201036fe:	00080663          	beqz	a6,2010370a <_printf_i+0x1fe>
20103702:	c308                	sw	a0,0(a4)
20103704:	439c                	lw	a5,0(a5)
20103706:	c38c                	sw	a1,0(a5)
20103708:	a039                	j	20103716 <_printf_i+0x20a>
2010370a:	c308                	sw	a0,0(a4)
2010370c:	04067613          	andi	a2,a2,64
20103710:	439c                	lw	a5,0(a5)
20103712:	da75                	beqz	a2,20103706 <_printf_i+0x1fa>
20103714:	a38e                	sh	a1,0(a5)
20103716:	00042823          	sw	zero,16(s0)
2010371a:	84b6                	mv	s1,a3
2010371c:	b791                	j	20103660 <_printf_i+0x154>
2010371e:	431c                	lw	a5,0(a4)
20103720:	41d0                	lw	a2,4(a1)
20103722:	4581                	li	a1,0
20103724:	00478693          	addi	a3,a5,4
20103728:	c314                	sw	a3,0(a4)
2010372a:	4384                	lw	s1,0(a5)
2010372c:	8526                	mv	a0,s1
2010372e:	cadff0ef          	jal	ra,201033da <memchr>
20103732:	c501                	beqz	a0,2010373a <_printf_i+0x22e>
20103734:	409507b3          	sub	a5,a0,s1
20103738:	c05c                	sw	a5,4(s0)
2010373a:	405c                	lw	a5,4(s0)
2010373c:	c81c                	sw	a5,16(s0)
2010373e:	040401a3          	sb	zero,67(s0)
20103742:	bf39                	j	20103660 <_printf_i+0x154>
20103744:	4814                	lw	a3,16(s0)
20103746:	8626                	mv	a2,s1
20103748:	85ce                	mv	a1,s3
2010374a:	854a                	mv	a0,s2
2010374c:	9a02                	jalr	s4
2010374e:	f35503e3          	beq	a0,s5,20103674 <_printf_i+0x168>
20103752:	401c                	lw	a5,0(s0)
20103754:	8b89                	andi	a5,a5,2
20103756:	e785                	bnez	a5,2010377e <_printf_i+0x272>
20103758:	4448                	lw	a0,12(s0)
2010375a:	47b2                	lw	a5,12(sp)
2010375c:	0af56533          	max	a0,a0,a5
20103760:	bf19                	j	20103676 <_printf_i+0x16a>
20103762:	4685                	li	a3,1
20103764:	8656                	mv	a2,s5
20103766:	85ce                	mv	a1,s3
20103768:	854a                	mv	a0,s2
2010376a:	9a02                	jalr	s4
2010376c:	f16504e3          	beq	a0,s6,20103674 <_printf_i+0x168>
20103770:	0485                	addi	s1,s1,1
20103772:	445c                	lw	a5,12(s0)
20103774:	4732                	lw	a4,12(sp)
20103776:	8f99                	sub	a5,a5,a4
20103778:	fef4c5e3          	blt	s1,a5,20103762 <_printf_i+0x256>
2010377c:	bff1                	j	20103758 <_printf_i+0x24c>
2010377e:	4481                	li	s1,0
20103780:	01940a93          	addi	s5,s0,25
20103784:	5b7d                	li	s6,-1
20103786:	b7f5                	j	20103772 <_printf_i+0x266>

20103788 <_read_r>:
20103788:	1141                	addi	sp,sp,-16
2010378a:	c422                	sw	s0,8(sp)
2010378c:	842a                	mv	s0,a0
2010378e:	852e                	mv	a0,a1
20103790:	85b2                	mv	a1,a2
20103792:	8636                	mv	a2,a3
20103794:	8801a023          	sw	zero,-1920(gp) # 20110260 <errno>
20103798:	c606                	sw	ra,12(sp)
2010379a:	20a1                	jal	201037e2 <_read>
2010379c:	57fd                	li	a5,-1
2010379e:	00f51663          	bne	a0,a5,201037aa <_read_r+0x22>
201037a2:	8801a783          	lw	a5,-1920(gp) # 20110260 <errno>
201037a6:	c391                	beqz	a5,201037aa <_read_r+0x22>
201037a8:	c01c                	sw	a5,0(s0)
201037aa:	40b2                	lw	ra,12(sp)
201037ac:	4422                	lw	s0,8(sp)
201037ae:	0141                	addi	sp,sp,16
201037b0:	8082                	ret

201037b2 <_close>:
201037b2:	05800793          	li	a5,88
201037b6:	88f1a023          	sw	a5,-1920(gp) # 20110260 <errno>
201037ba:	557d                	li	a0,-1
201037bc:	8082                	ret

201037be <_fstat>:
201037be:	05800793          	li	a5,88
201037c2:	88f1a023          	sw	a5,-1920(gp) # 20110260 <errno>
201037c6:	557d                	li	a0,-1
201037c8:	8082                	ret

201037ca <_isatty>:
201037ca:	05800793          	li	a5,88
201037ce:	88f1a023          	sw	a5,-1920(gp) # 20110260 <errno>
201037d2:	4501                	li	a0,0
201037d4:	8082                	ret

201037d6 <_lseek>:
201037d6:	05800793          	li	a5,88
201037da:	88f1a023          	sw	a5,-1920(gp) # 20110260 <errno>
201037de:	557d                	li	a0,-1
201037e0:	8082                	ret

201037e2 <_read>:
201037e2:	05800793          	li	a5,88
201037e6:	88f1a023          	sw	a5,-1920(gp) # 20110260 <errno>
201037ea:	557d                	li	a0,-1
201037ec:	8082                	ret
201037ee:	0000                	unimp
201037f0:	74737953          	.4byte	0x74737953
201037f4:	6d65                	lui	s10,0x19
201037f6:	3a6b6c43          	.4byte	0x3a6b6c43
201037fa:	6425                	lui	s0,0x9
201037fc:	0a0d                	addi	s4,s4,3
201037fe:	0000                	unimp
20103800:	3356                	lhu	a3,36(a4)
20103802:	2046                	lhu	s1,4(s0)
20103804:	74737953          	.4byte	0x74737953
20103808:	6d65                	lui	s10,0x19
2010380a:	65726f43          	.4byte	0x65726f43
2010380e:	3a6b6c43          	.4byte	0x3a6b6c43
20103812:	6425                	lui	s0,0x9
20103814:	0a0d                	addi	s4,s4,3
20103816:	0000                	unimp
20103818:	15a6                	slli	a1,a1,0x29
2010381a:	2010                	lbu	a2,0(s0)
2010381c:	14bc                	addi	a5,sp,616
2010381e:	2010                	lbu	a2,0(s0)
20103820:	13da                	slli	t2,t2,0x36
20103822:	2010                	lbu	a2,0(s0)
20103824:	1520                	addi	s0,sp,680
20103826:	2010                	lbu	a2,0(s0)
20103828:	13da                	slli	t2,t2,0x36
2010382a:	2010                	lbu	a2,0(s0)
2010382c:	1444                	addi	s1,sp,548
2010382e:	2010                	lbu	a2,0(s0)
20103830:	1332                	slli	t1,t1,0x2c
20103832:	2010                	lbu	a2,0(s0)
20103834:	13da                	slli	t2,t2,0x36
20103836:	2010                	lbu	a2,0(s0)
20103838:	1492                	slli	s1,s1,0x24
2010383a:	2010                	lbu	a2,0(s0)
2010383c:	14a8                	addi	a0,sp,616
2010383e:	2010                	lbu	a2,0(s0)
20103840:	15a0                	addi	s0,sp,744
20103842:	2010                	lbu	a2,0(s0)
20103844:	1450                	addi	a2,sp,548
20103846:	2010                	lbu	a2,0(s0)
20103848:	1ad6                	slli	s5,s5,0x35
2010384a:	2010                	lbu	a2,0(s0)
2010384c:	1a0e                	slli	s4,s4,0x23
2010384e:	2010                	lbu	a2,0(s0)
20103850:	1866                	slli	a6,a6,0x39
20103852:	2010                	lbu	a2,0(s0)
20103854:	1a72                	slli	s4,s4,0x3c
20103856:	2010                	lbu	a2,0(s0)
20103858:	1866                	slli	a6,a6,0x39
2010385a:	2010                	lbu	a2,0(s0)
2010385c:	19d6                	slli	s3,s3,0x35
2010385e:	2010                	lbu	a2,0(s0)
20103860:	1894                	addi	a3,sp,112
20103862:	2010                	lbu	a2,0(s0)
20103864:	1866                	slli	a6,a6,0x39
20103866:	2010                	lbu	a2,0(s0)
20103868:	19e4                	addi	s1,sp,252
2010386a:	2010                	lbu	a2,0(s0)
2010386c:	19fa                	slli	s3,s3,0x3e
2010386e:	2010                	lbu	a2,0(s0)
20103870:	1ad0                	addi	a2,sp,372
20103872:	2010                	lbu	a2,0(s0)
20103874:	193c                	addi	a5,sp,184
20103876:	2010                	lbu	a2,0(s0)

20103878 <MySerNumInfo>:
20103878:	0316 0030 0031 0032 0033 0034 0035 0036     ..0.1.2.3.4.5.6.
20103888:	0037 0038 0039 0000                         7.8.9...

20103890 <MyProdInfo>:
20103890:	031a 0043 0048 0033 0032 0048 0034 0031     ..C.H.3.2.H.4.1.
201038a0:	0037 0020 0049 0041 0050 0000               7. .I.A.P...

201038ac <MyManuInfo>:
201038ac:	030e 0077 0063 0068 002e 0063 006e 0000     ..w.c.h...c.n...

201038bc <MyHIDReportDesc>:
201038bc:	0006 09ff a101 0901 2602 00ff 0875 0015     .........&..u...
201038cc:	4095 0681 0209 0015 ff26 7500 9508 9140     .@......&..u..@.
201038dc:	c006 0000                                   ....

201038e0 <MyCfgDescr>:
201038e0:	0209 0029 0101 8003 0923 0004 0200 0003     ..).....#.......
201038f0:	0000 2109 0111 0100 2222 0700 0205 4003     ...!...."".....@
20103900:	0100 0507 0382 0040 0001 0000               ......@.....

2010390c <MyDevDescr>:
2010390c:	0112 0200 ffff 40ff 1a86 fe17 0101 0201     .......@........
2010391c:	0100 0000 756a 706d 4120 5050 000d 0000     ....jump APP....
2010392c:	3d69 3025 6c38 0a78 0000 0000 200c 2010     i=%08lx...... . 
2010393c:	2076 2010 20d0 2010 217a 2010 208e 2010     v . . . z!. . . 

2010394c <__clz_tab>:
2010394c:	0100 0202 0303 0303 0404 0404 0404 0404     ................
2010395c:	0505 0505 0505 0505 0505 0505 0505 0505     ................
2010396c:	0606 0606 0606 0606 0606 0606 0606 0606     ................
2010397c:	0606 0606 0606 0606 0606 0606 0606 0606     ................
2010398c:	0707 0707 0707 0707 0707 0707 0707 0707     ................
2010399c:	0707 0707 0707 0707 0707 0707 0707 0707     ................
201039ac:	0707 0707 0707 0707 0707 0707 0707 0707     ................
201039bc:	0707 0707 0707 0707 0707 0707 0707 0707     ................
201039cc:	0808 0808 0808 0808 0808 0808 0808 0808     ................
201039dc:	0808 0808 0808 0808 0808 0808 0808 0808     ................
201039ec:	0808 0808 0808 0808 0808 0808 0808 0808     ................
201039fc:	0808 0808 0808 0808 0808 0808 0808 0808     ................
20103a0c:	0808 0808 0808 0808 0808 0808 0808 0808     ................
20103a1c:	0808 0808 0808 0808 0808 0808 0808 0808     ................
20103a2c:	0808 0808 0808 0808 0808 0808 0808 0808     ................
20103a3c:	0808 0808 0808 0808 0808 0808 0808 0808     ................

20103a4c <__sf_fake_stderr>:
	...

20103a6c <__sf_fake_stdout>:
	...

20103a8c <__sf_fake_stdin>:
	...
20103aac:	2d23 2b30 0020 0000 6c68 004c 6665 4567     #-0+ ...hlL.efgE
20103abc:	4746 0000 3130 3332 3534 3736 3938 4241     FG..0123456789AB
20103acc:	4443 4645 0000 0000 3130 3332 3534 3736     CDEF....01234567
20103adc:	3938 6261 6463 6665 0000 0000 fa94 ffff     89abcdef........
20103aec:	faaa ffff fa6a ffff fa6a ffff fa6a ffff     ....j...j...j...
20103afc:	fa6a ffff faaa ffff fa6a ffff fa6a ffff     j.......j...j...
20103b0c:	fa6a ffff fa6a ffff fc08 ffff fb0e ffff     j...j...........
20103b1c:	fba2 ffff fa6a ffff fa6a ffff fc36 ffff     ....j...j...6...
20103b2c:	fa6a ffff fb0e ffff fa6a ffff fa6a ffff     j.......j...j...
20103b3c:	fbaa ffff                                   ....

Disassembly of section .text:

00003c30 <handle_reset>:
    3c30:	2010d197          	auipc	gp,0x2010d
    3c34:	db018193          	addi	gp,gp,-592 # 201109e0 <__global_pointer$>
    3c38:	20111117          	auipc	sp,0x20111
    3c3c:	3c810113          	addi	sp,sp,968 # 20115000 <_eusrstack>
    3c40:	00800513          	li	a0,8
    3c44:	2010c597          	auipc	a1,0x2010c
    3c48:	3bc58593          	addi	a1,a1,956 # 20110000 <_loadcode_vma_start>
    3c4c:	2010c617          	auipc	a2,0x2010c
    3c50:	49c60613          	addi	a2,a2,1180 # 201100e8 <_loadcode_vma_end>
    3c54:	00c5fa63          	bgeu	a1,a2,3c68 <handle_reset+0x38>
    3c58:	00052283          	lw	t0,0(a0)
    3c5c:	0055a023          	sw	t0,0(a1)
    3c60:	0511                	addi	a0,a0,4
    3c62:	0591                	addi	a1,a1,4
    3c64:	fec5eae3          	bltu	a1,a2,3c58 <handle_reset+0x28>
    3c68:	2010c097          	auipc	ra,0x2010c
    3c6c:	398080e7          	jalr	920(ra) # 20110000 <_loadcode_vma_start>
    3c70:	123702b7          	lui	t0,0x12370
    3c74:	3e128293          	addi	t0,t0,993 # 123703e1 <_data_lma+0x1236c72d>
    3c78:	bc029073          	csrw	0xbc0,t0
    3c7c:	4285                	li	t0,1
    3c7e:	bc129073          	csrw	0xbc1,t0
    3c82:	42ad                	li	t0,11
    3c84:	80429073          	csrw	0x804,t0
    3c88:	6299                	lui	t0,0x6
    3c8a:	08828293          	addi	t0,t0,136 # 6088 <_data_lma+0x23d4>
    3c8e:	30029073          	csrw	mstatus,t0
    3c92:	200fc297          	auipc	t0,0x200fc
    3c96:	36e28293          	addi	t0,t0,878 # 20100000 <_highcode_vma_start>
    3c9a:	0032e293          	ori	t0,t0,3
    3c9e:	30529073          	csrw	mtvec,t0

00003ca2 <BP>:
    3ca2:	200fc297          	auipc	t0,0x200fc
    3ca6:	65028293          	addi	t0,t0,1616 # 201002f2 <main>
    3caa:	34129073          	csrw	mepc,t0
    3cae:	30200073          	mret
	...
